id,name,latitude,longitude,prefecture,line_name
ca68e211-c01e-4e63-8c4a-8274a3d0c9b3,函館,41.773709,140.726413,北海道,JR函館本線(函館～長万部)
0ef0d31c-9d7f-4e6d-84df-b1face935eb3,五稜郭,41.803557,140.733539,北海道,JR函館本線(函館～長万部)
1bb1b952-a6e8-4780-b78c-dbb47c3b29b9,桔梗,41.846457,140.722952,北海道,JR函館本線(函館～長万部)
694abf04-1143-4c87-a5c1-205afe26c143,大中山,41.864641,140.71358,北海道,JR函館本線(函館～長万部)
0d761578-bd09-49c4-ad45-71cbf57d7f6b,七飯,41.886971,140.688556,北海道,JR函館本線(函館～長万部)
b9ae7750-4b72-4892-bcfe-c55dd562984f,渡島大野,41.9054,140.646525,北海道,JR函館本線(函館～長万部)
54aaf01e-65d5-4cc2-8539-9f30d2091ee7,仁山,41.930011,140.635183,北海道,JR函館本線(函館～長万部)
aafed589-a1cc-486e-b9d7-eb7110bb9760,大沼,41.971954,140.669347,北海道,JR函館本線(函館～長万部)
8259d224-2a73-4bd3-ac1c-fc22f48de486,大沼公園,41.980958,140.669758,北海道,JR函館本線(函館～長万部)
5a2adba9-4cb6-426e-92ec-b61614a91f34,赤井川,42.003267,140.642678,北海道,JR函館本線(函館～長万部)
9241579d-ec57-4cc1-ae2c-6ca4f14ecfd1,駒ケ岳,42.038809,140.610476,北海道,JR函館本線(函館～長万部)
a3197732-73ef-497d-8ccd-3e2c329e1a78,東山,42.06172,140.605222,北海道,JR函館本線(函館～長万部)
58cf01dd-b3b2-46f8-a6f5-23d315cbc15e,姫川,42.081312,140.591632,北海道,JR函館本線(函館～長万部)
7d7cdc48-3341-4668-be6c-626df9b3a55e,池田園,41.990692,140.700333,北海道,JR函館本線(函館～長万部)
4a2be88e-63cf-4f4d-b4ad-ff434e008fd0,流山温泉,42.003483,140.716358,北海道,JR函館本線(函館～長万部)
0a4669b7-49e1-49ea-a0eb-ac840220c009,銚子口,42.015471,140.720656,北海道,JR函館本線(函館～長万部)
5f4a57e4-0013-4d04-81d2-2e10f4746c34,鹿部,42.06439,140.771393,北海道,JR函館本線(函館～長万部)
e89c1566-3586-46ce-bfc0-b3f7c397b260,渡島沼尻,42.10706,140.747596,北海道,JR函館本線(函館～長万部)
717953c2-9fee-4a5a-907f-22904d1318de,渡島砂原,42.12164,140.689451,北海道,JR函館本線(函館～長万部)
abd8874b-1170-4c93-8cbe-6c23068b8dcf,掛澗,42.119205,140.64598,北海道,JR函館本線(函館～長万部)
2b9e0739-1a54-42a9-922e-5c2ca47cad32,尾白内,42.111232,140.613449,北海道,JR函館本線(函館～長万部)
d12be467-f872-4cf0-a278-79f22d7b2cf5,東森,42.106823,140.59353,北海道,JR函館本線(函館～長万部)
75d685b4-37d5-4a04-ba58-c64717afab81,森,42.108917,140.573846,北海道,JR函館本線(函館～長万部)
ca34dc96-2381-47f4-b813-7d1aec2376a2,桂川,42.1156004,140.5427876,北海道,JR函館本線(函館～長万部)
4d3af8ab-3a13-4517-b50a-e519b7c79320,石谷,42.135519,140.506525,北海道,JR函館本線(函館～長万部)
87c65050-298f-47aa-bed3-c174cd9b5d9c,本石倉,42.159668,140.471957,北海道,JR函館本線(函館～長万部)
b15726c4-8d74-4302-b91e-5746232f9184,石倉,42.17285,140.458436,北海道,JR函館本線(函館～長万部)
809d8d81-bc8b-4371-a3fd-249a557afe66,落部,42.187617,140.420755,北海道,JR函館本線(函館～長万部)
a84187a6-8dc0-4f46-be9d-e19311a19114,野田生,42.217104,140.37586,北海道,JR函館本線(函館～長万部)
8f467323-9d3b-40b1-8804-9dd6cf5c5f08,山越,42.231172,140.326593,北海道,JR函館本線(函館～長万部)
5639004d-3007-4627-b785-8871df0d9eb6,八雲,42.253391,140.273342,北海道,JR函館本線(函館～長万部)
77b27916-9ac6-46cb-b8d3-7e9da9591bb3,鷲ノ巣,42.278389,140.269919,北海道,JR函館本線(函館～長万部)
69e83da0-8390-4d2a-85bd-3b49ec7c54f9,山崎,42.314635,140.2746,北海道,JR函館本線(函館～長万部)
c892a6de-f2a1-4171-bfdd-58216b425589,黒岩,42.368296,140.288173,北海道,JR函館本線(函館～長万部)
dc6b2163-e6d5-42ac-8be3-e9cf7dd5927c,北豊津,42.400969,140.297868,北海道,JR函館本線(函館～長万部)
78cdfc8a-881c-4795-9ff0-c00388201ef6,国縫,42.439319,140.320885,北海道,JR函館本線(函館～長万部)
103ae7b7-97d8-44ee-915a-271987023b5f,中ノ沢,42.477928,140.346077,北海道,JR函館本線(函館～長万部)
b41a5b67-1ca1-4b54-8451-bee796ae89c9,長万部,42.512477,140.37507,北海道,JR函館本線(函館～長万部)
8105fa08-5936-46d6-81d9-b86b7d751a4a,長万部,42.512477,140.37507,北海道,JR函館本線(長万部～小樽)
47f6c0b6-e91f-4c1d-ac5c-28aa313e03cb,二股,42.575869,140.320821,北海道,JR函館本線(長万部～小樽)
95653766-072f-4c29-af33-aebb40117160,蕨岱,42.626353,140.313353,北海道,JR函館本線(長万部～小樽)
1153143e-c2b0-457f-bf6e-45d6fe7001b8,黒松内,42.669608,140.305704,北海道,JR函館本線(長万部～小樽)
ca9df0d9-d7ca-4570-9a50-04a55583c8c2,熱郛,42.675653,140.375084,北海道,JR函館本線(長万部～小樽)
5a2f348c-c9e1-484f-8a95-3c5af059c0cc,目名,42.761432,140.465742,北海道,JR函館本線(長万部～小樽)
50e9d3b6-5239-43c1-bba2-cefda5808c74,蘭越,42.804542,140.52894,北海道,JR函館本線(長万部～小樽)
bf6fe635-5682-4253-9e52-524220d9a38f,昆布,42.797984,140.596107,北海道,JR函館本線(長万部～小樽)
9e5b2b42-58c3-4fb8-a03f-c22810fe683c,ニセコ,42.808746,140.684588,北海道,JR函館本線(長万部～小樽)
07ccb658-7d37-418e-b6db-74b32b6e88d0,比羅夫,42.84856,140.722615,北海道,JR函館本線(長万部～小樽)
6a940585-4e9f-4f31-958e-2daac40fb0ab,倶知安,42.90164,140.745471,北海道,JR函館本線(長万部～小樽)
b8b1ef60-1847-4934-aefd-b8a2891e42c9,小沢,42.97185,140.677657,北海道,JR函館本線(長万部～小樽)
f1cc2dbe-3212-4858-8b1f-e3268644d8fb,銀山,43.040888,140.715321,北海道,JR函館本線(長万部～小樽)
4c4068b5-8712-4158-aad8-a3466a0213f3,然別,43.12551,140.737211,北海道,JR函館本線(長万部～小樽)
7059dbc9-11b9-4afd-8b34-757488999213,仁木,43.154091,140.770546,北海道,JR函館本線(長万部～小樽)
5c6a9456-5a1a-4dcd-aa71-7f349e16dc13,余市,43.186558,140.794686,北海道,JR函館本線(長万部～小樽)
839a788f-83e6-4e6d-8fc6-f3da3ac9ef2d,蘭島,43.19651,140.854643,北海道,JR函館本線(長万部～小樽)
076dedd2-b325-4930-9678-c88d98e61ae9,塩谷,43.202406,140.924546,北海道,JR函館本線(長万部～小樽)
b8138d72-58b6-49e5-9bd9-2d1723fe88f1,小樽,43.197172,140.993653,北海道,JR函館本線(長万部～小樽)
b57279e2-47d7-4f70-a160-4dfcc02f98cd,小樽,43.197172,140.993653,北海道,JR函館本線(小樽～旭川)
1b93c9fd-ee67-465f-80ee-7b8837446433,南小樽,43.186529,141.007883,北海道,JR函館本線(小樽～旭川)
59c66216-c555-459c-b203-e0850155a913,小樽築港,43.180752,141.029051,北海道,JR函館本線(小樽～旭川)
a0d32028-7dd1-4974-b17e-0061b8eb2056,朝里,43.176868,141.063923,北海道,JR函館本線(小樽～旭川)
a2992ca1-49d1-45e4-87f7-91982160315f,銭函,43.143403,141.159868,北海道,JR函館本線(小樽～旭川)
66c8c0fb-024c-4a9e-91cf-d1431c8295d8,ほしみ,43.13373,141.191402,北海道,JR函館本線(小樽～旭川)
f1c49395-ec22-4366-b29b-5e9e50c768a8,星置,43.132375,141.210856,北海道,JR函館本線(小樽～旭川)
83ceab5e-2804-49fa-8fea-766bb74f99af,稲穂,43.128115,141.222919,北海道,JR函館本線(小樽～旭川)
fcf68bd2-6518-42a4-ac2f-423b1d9ff67d,手稲,43.120238,141.243785,北海道,JR函館本線(小樽～旭川)
344de5c4-0b37-4c1b-a0eb-5316374b492f,稲積公園,43.112023,141.257113,北海道,JR函館本線(小樽～旭川)
4342b2a5-b2b6-4e73-a765-2bdefa9c7053,発寒,43.099819,141.277273,北海道,JR函館本線(小樽～旭川)
7e5d8039-bc8a-4e37-a57d-a82356f16528,発寒中央,43.089271,141.294497,北海道,JR函館本線(小樽～旭川)
91e78eb0-3656-442d-be0f-9c51bf026a9a,琴似,43.081599,141.307418,北海道,JR函館本線(小樽～旭川)
02fa6a09-cddf-47a8-b80a-2621fc532aba,桑園,43.070744,141.332036,北海道,JR函館本線(小樽～旭川)
6e2d28cb-da09-4e7a-b6d2-2d0432ead54c,札幌,43.068612,141.350768,北海道,JR函館本線(小樽～旭川)
23ba7c08-7710-4f8c-9282-a12600364f04,苗穂,43.068574,141.377522,北海道,JR函館本線(小樽～旭川)
e87d186f-5882-4e58-ba5a-399a0c0631a3,白石,43.054715,141.413612,北海道,JR函館本線(小樽～旭川)
a081a1d8-163c-438d-9c95-dc8bcd4482cf,厚別,43.045154,141.46369,北海道,JR函館本線(小樽～旭川)
636c1f89-bacd-440d-812b-0a6e4886c166,森林公園,43.056456,141.481332,北海道,JR函館本線(小樽～旭川)
ca97f2c1-935a-4828-8d3e-20af9f29ba95,大麻,43.072382,141.496925,北海道,JR函館本線(小樽～旭川)
fd8a39d1-4e34-4b60-ad09-1ed0a422a0f3,野幌,43.092559,141.52984,北海道,JR函館本線(小樽～旭川)
0ef28982-1636-4c1a-9080-aa564acd5370,高砂,43.100084,141.540752,北海道,JR函館本線(小樽～旭川)
fbb52598-c945-4919-b725-657ab4120513,江別,43.110189,141.55679,北海道,JR函館本線(小樽～旭川)
38cfec39-eca0-4530-b226-876f690f5169,豊幌,43.136446,141.62466,北海道,JR函館本線(小樽～旭川)
55b1f192-cd7d-41ac-ba6d-1c630adb6f3a,幌向,43.151348,141.655839,北海道,JR函館本線(小樽～旭川)
c7b85816-de03-4149-a9c2-e6302c7f85cb,上幌向,43.18183,141.715391,北海道,JR函館本線(小樽～旭川)
2e116d3b-2bcb-4534-a032-b02cf2119733,岩見沢,43.204201,141.759359,北海道,JR函館本線(小樽～旭川)
fc7e8dca-bbec-4e3f-a185-e021afff385a,峰延,43.264694,141.814673,北海道,JR函館本線(小樽～旭川)
06916dab-a65b-45bb-a0b2-4334df00d9e8,光珠内,43.292658,141.844655,北海道,JR函館本線(小樽～旭川)
305b01c4-0eb0-45de-af44-8e6732018fd9,美唄,43.330751,141.862157,北海道,JR函館本線(小樽～旭川)
80358981-fc6b-4680-9f61-da03b714f870,茶志内,43.369842,141.87336,北海道,JR函館本線(小樽～旭川)
2dc5bc82-9ca8-4db3-9f70-8ca8127c2402,奈井江,43.423718,141.889115,北海道,JR函館本線(小樽～旭川)
db572fd5-0034-46b0-84d8-1dfe0b51dfdb,豊沼,43.464224,141.901032,北海道,JR函館本線(小樽～旭川)
76dac193-1a3b-44ea-a539-8e12ccd01cfb,砂川,43.493468,141.909642,北海道,JR函館本線(小樽～旭川)
62d1ed03-53f4-438b-8d31-18b048e0cb9b,滝川,43.555278,141.900807,北海道,JR函館本線(小樽～旭川)
67a8a58f-bae5-46e1-9e00-a34e92d570e2,江部乙,43.627564,141.935937,北海道,JR函館本線(小樽～旭川)
0dae0404-e68e-493b-b62d-0622798941cb,妹背牛,43.690841,141.966591,北海道,JR函館本線(小樽～旭川)
df7edc12-a61e-48ce-9e19-a853cef7e0a6,深川,43.721021,142.041642,北海道,JR函館本線(小樽～旭川)
4aeff551-9cd6-484a-a434-c8c58400d270,納内,43.732509,142.130072,北海道,JR函館本線(小樽～旭川)
262c76e8-ac32-4066-9604-95d34342dd1c,伊納,43.763305,142.27167,北海道,JR函館本線(小樽～旭川)
6b17d627-fb1f-4b66-802c-4987d7585769,近文,43.789193,142.325327,北海道,JR函館本線(小樽～旭川)
daf5d729-e29d-4146-9717-243a23350219,旭川,43.763492,142.357803,北海道,JR函館本線(小樽～旭川)
610b800e-ad63-4c22-9d7a-99e5e08d5074,長万部,42.512477,140.37507,北海道,JR室蘭本線(長万部・室蘭～苫小牧)
046aef3e-2e41-45e1-bd48-035f45fb2dfd,静狩,42.584065,140.460025,北海道,JR室蘭本線(長万部・室蘭～苫小牧)
7d5972f2-4ce6-4316-82d6-3942004510e9,小幌,42.589731,140.537361,北海道,JR室蘭本線(長万部・室蘭～苫小牧)
2de40399-53c4-44f8-a4b7-117ced8c5062,礼文,42.580422,140.595013,北海道,JR室蘭本線(長万部・室蘭～苫小牧)
092a132f-4767-45a5-85c0-4dc5f1dd991a,大岸,42.585969,140.639036,北海道,JR室蘭本線(長万部・室蘭～苫小牧)
b0afaaf9-2e30-45b2-acb9-bbbbea81d01a,豊浦,42.580323,140.71536,北海道,JR室蘭本線(長万部・室蘭～苫小牧)
06fd8093-0ae3-45fe-b39a-0a654a25cc10,洞爺,42.55055,140.763959,北海道,JR室蘭本線(長万部・室蘭～苫小牧)
d2f574aa-cc7c-420f-acd4-a4ef3d24cf76,有珠,42.513267,140.793969,北海道,JR室蘭本線(長万部・室蘭～苫小牧)
aec5681e-833e-4c8c-aff7-b3a575588d18,長和,42.488262,140.833783,北海道,JR室蘭本線(長万部・室蘭～苫小牧)
c1ad6a64-7543-4432-aff5-0303e0a7a23e,伊達紋別,42.469395,140.855802,北海道,JR室蘭本線(長万部・室蘭～苫小牧)
b66b114a-1d92-49de-b036-c8d8d2fe6d8c,北舟岡,42.450528,140.880259,北海道,JR室蘭本線(長万部・室蘭～苫小牧)
bb38a449-7494-4a43-bd75-e466dc708b0e,稀府,42.425567,140.898836,北海道,JR室蘭本線(長万部・室蘭～苫小牧)
ccd410ab-ec66-46b5-a5f6-6b410f4d7827,黄金,42.386441,140.907781,北海道,JR室蘭本線(長万部・室蘭～苫小牧)
b576b23c-5843-41e1-839b-39ed0fb807fb,崎守,42.373968,140.927141,北海道,JR室蘭本線(長万部・室蘭～苫小牧)
2294dc31-af23-411d-bdff-598155bf73a3,本輪西,42.358734,140.977561,北海道,JR室蘭本線(長万部・室蘭～苫小牧)
5bb47fe1-90ef-4025-a3b9-98ec7a567514,室蘭,42.317864,140.97571,北海道,JR室蘭本線(長万部・室蘭～苫小牧)
b81c0c94-e708-4b71-861d-5876e90635ce,母恋,42.317295,140.990018,北海道,JR室蘭本線(長万部・室蘭～苫小牧)
d1e6c42b-6686-4281-8f83-b93f052ff3d0,御崎,42.329014,140.993881,北海道,JR室蘭本線(長万部・室蘭～苫小牧)
275bb103-986b-4c88-9d6e-8112bb5e7967,輪西,42.333775,141.005743,北海道,JR室蘭本線(長万部・室蘭～苫小牧)
7e5da859-3c32-4a8c-86c7-ad281681bfc6,東室蘭,42.349374,141.026411,北海道,JR室蘭本線(長万部・室蘭～苫小牧)
d43bb186-41cf-4726-a472-b7888baa610f,鷲別,42.35953,141.042759,北海道,JR室蘭本線(長万部・室蘭～苫小牧)
7ff4fc5a-deff-4847-8a21-4046bba9d038,幌別,42.409782,141.107293,北海道,JR室蘭本線(長万部・室蘭～苫小牧)
e7af1b40-e83c-4f6a-a2e2-6acf608a5ff5,富浦,42.441957,141.156878,北海道,JR室蘭本線(長万部・室蘭～苫小牧)
c746a37d-34f9-4e57-9078-c6ddfd61d01c,登別,42.45207,141.180931,北海道,JR室蘭本線(長万部・室蘭～苫小牧)
8fac198d-2b51-4ae5-8b79-8c01253d064b,虎杖浜,42.464695,141.215092,北海道,JR室蘭本線(長万部・室蘭～苫小牧)
1fb90554-4089-43ab-8b38-c3f6ed9151dc,竹浦,42.49284,141.260395,北海道,JR室蘭本線(長万部・室蘭～苫小牧)
fc4ba171-172d-423e-a019-b5078de42128,北吉原,42.509119,141.286199,北海道,JR室蘭本線(長万部・室蘭～苫小牧)
3742ab60-6955-4107-962d-eb56c4d91186,萩野,42.521159,141.30603,北海道,JR室蘭本線(長万部・室蘭～苫小牧)
1f14da39-2668-4fe7-a66b-329115748218,白老,42.55474,141.360054,北海道,JR室蘭本線(長万部・室蘭～苫小牧)
a9e6e0a8-aceb-4988-946c-173ba535ba07,社台,42.578682,141.417433,北海道,JR室蘭本線(長万部・室蘭～苫小牧)
962a9a85-0027-4eff-b29b-2ed5e9c57c46,錦岡,42.6025,141.48722,北海道,JR室蘭本線(長万部・室蘭～苫小牧)
1bf5b292-fd94-4521-8184-b76f019417e8,糸井,42.6225,141.546187,北海道,JR室蘭本線(長万部・室蘭～苫小牧)
764d88f5-5dec-4a52-920b-6055544b4835,青葉,42.62999,141.568278,北海道,JR室蘭本線(長万部・室蘭～苫小牧)
d8f3df16-b619-4b80-86c0-c7cb9bca4306,苫小牧,42.639665,141.596837,北海道,JR室蘭本線(長万部・室蘭～苫小牧)
6ddd5546-5271-495d-8f96-d88e5de0d53b,苫小牧,42.639665,141.596837,北海道,JR室蘭本線(苫小牧～岩見沢)
de6f3693-b2e8-4667-8ad6-8b3d7e029a89,沼ノ端,42.672057,141.693132,北海道,JR室蘭本線(苫小牧～岩見沢)
9fe40e3c-be04-490f-99c3-b77efd244f3a,遠浅,42.729533,141.769568,北海道,JR室蘭本線(苫小牧～岩見沢)
69557e3d-62f7-4d26-8746-ec5df8ffcd0f,早来,42.765237,141.814106,北海道,JR室蘭本線(苫小牧～岩見沢)
f4a7873f-407f-46a7-b270-5a37e0fab57f,安平,42.814007,141.825283,北海道,JR室蘭本線(苫小牧～岩見沢)
5288a224-6fea-4f44-962f-6003bcfe5278,追分,42.873316,141.810678,北海道,JR室蘭本線(苫小牧～岩見沢)
57c191c5-3b07-4256-92f7-9b493f84c7b5,三川,42.945029,141.800778,北海道,JR室蘭本線(苫小牧～岩見沢)
3bda5478-9bf0-41b5-911d-46394c341db8,古山,42.975256,141.793969,北海道,JR室蘭本線(苫小牧～岩見沢)
24fe4f0c-eb64-4f00-8699-1f2d50db2e6c,由仁,43.012206,141.785868,北海道,JR室蘭本線(苫小牧～岩見沢)
85aedd5e-8fe2-4192-8504-173cf9abb167,栗山,43.058164,141.775603,北海道,JR室蘭本線(苫小牧～岩見沢)
3bbf43e7-f5cb-42db-9d11-839febaafe18,栗丘,43.085444,141.744333,北海道,JR室蘭本線(苫小牧～岩見沢)
13ce57ba-b356-4521-aed0-2815faa3f862,栗沢,43.120367,141.739743,北海道,JR室蘭本線(苫小牧～岩見沢)
c9231c2b-1a94-480b-896e-c35460e5bf3e,志文,43.158903,141.744443,北海道,JR室蘭本線(苫小牧～岩見沢)
8b865026-044b-442e-8004-66259d0edd42,岩見沢,43.204201,141.759359,北海道,JR室蘭本線(苫小牧～岩見沢)
54d10617-317f-4279-b21b-2301df6717d6,滝川,43.555278,141.900807,北海道,JR根室本線(滝川～新得)
bf4da542-2add-47a4-8d4a-711097efb8d5,東滝川,43.574037,141.98031,北海道,JR根室本線(滝川～新得)
3c04d76e-54c5-4f3a-b65b-0966ec3f86d7,赤平,43.555144,142.048669,北海道,JR根室本線(滝川～新得)
f401b2cc-7e44-4c4c-b5d3-7f06e20f3582,茂尻,43.537314,142.082156,北海道,JR根室本線(滝川～新得)
9597ef32-a619-49e9-b2f9-70f2509a8ec5,平岸,43.541401,142.123872,北海道,JR根室本線(滝川～新得)
97e56aca-368c-402f-bddc-bac488a1dd4d,芦別,43.516636,142.184543,北海道,JR根室本線(滝川～新得)
9adde229-f324-446d-8507-38c9475c3df1,上芦別,43.48871,142.210855,北海道,JR根室本線(滝川～新得)
aa502a40-8393-434b-acd5-76c14f3cf450,野花南,43.474418,142.261772,北海道,JR根室本線(滝川～新得)
77446c39-7d0b-4e51-83a5-afb927ca60ee,島ノ下,43.3744,142.350406,北海道,JR根室本線(滝川～新得)
33147dea-7d25-4526-83bf-56b750fa3a87,富良野,43.347114,142.391374,北海道,JR根室本線(滝川～新得)
02f465a8-7fa6-4f68-8638-44860b0de21a,布部,43.291991,142.400595,北海道,JR根室本線(滝川～新得)
c4a64c71-37ae-4e3a-94ab-23745961698d,山部,43.244645,142.381522,北海道,JR根室本線(滝川～新得)
a50311f0-d2c3-4973-bf43-cad1da37fce4,下金山,43.197328,142.415402,北海道,JR根室本線(滝川～新得)
fb672dae-3826-4f80-ba6d-4df6afd66359,金山,43.136115,142.416201,北海道,JR根室本線(滝川～新得)
4ee8c8b6-5537-4ff3-9ea2-24cf6d20273b,東鹿越,43.164011,142.523472,北海道,JR根室本線(滝川～新得)
987c3767-63dc-47e9-9d7c-05188414fedc,幾寅,43.161582,142.569474,北海道,JR根室本線(滝川～新得)
fa3ef246-2ccc-4aa1-910e-c1f66c34da0e,落合,43.125055,142.669104,北海道,JR根室本線(滝川～新得)
1dbc288b-8550-4899-ac85-34d0c34a1ede,新得,43.082501,142.832432,北海道,JR根室本線(滝川～新得)
8f83e191-2c16-4a21-bf91-c3739c0dca12,新得,43.082501,142.832432,北海道,JR根室本線(新得～釧路)
7b4cbe1e-9efb-4706-b3ab-8706e1580e67,十勝清水,43.012892,142.879535,北海道,JR根室本線(新得～釧路)
915384fb-8aef-45aa-b71e-05c33d900f20,羽帯,42.957499,142.906646,北海道,JR根室本線(新得～釧路)
6a380ad5-b992-41d1-b9ce-63934a660f25,御影,42.942418,142.935739,北海道,JR根室本線(新得～釧路)
79ac63bf-7286-4844-b12d-da9af5ff4f4c,芽室,42.909846,143.047991,北海道,JR根室本線(新得～釧路)
37778122-50ee-4937-b0e4-452072f57d8c,大成,42.918662,143.071241,北海道,JR根室本線(新得～釧路)
01e76ee4-f61e-4fc5-b807-f31ad286a87d,西帯広,42.923941,143.126351,北海道,JR根室本線(新得～釧路)
a98245fa-4011-4b88-8f8d-e82862d687c7,柏林台,42.928877,143.1645,北海道,JR根室本線(新得～釧路)
e182d806-a0c9-4290-959b-f7e89b9e08ee,帯広,42.917997,143.20195,北海道,JR根室本線(新得～釧路)
1b4dc54d-62da-4c99-b3c2-6a999d6dafce,札内,42.912697,143.256248,北海道,JR根室本線(新得～釧路)
efa388ed-7943-44c0-9515-1aeeede6abc2,稲士別,42.903963,143.297528,北海道,JR根室本線(新得～釧路)
926fb2fb-b016-4387-af81-4147bd3cd537,幕別,42.90784,143.359293,北海道,JR根室本線(新得～釧路)
7981904c-f1e1-436a-a0dc-ad2adf8d9b02,利別,42.934706,143.424445,北海道,JR根室本線(新得～釧路)
02744067-e3f3-4f80-b4eb-1de88c54c248,池田,42.922186,143.453033,北海道,JR根室本線(新得～釧路)
cf7ee10b-d286-4074-b8ce-c1beb3cb7f3e,十弗,42.855781,143.500797,北海道,JR根室本線(新得～釧路)
6aa5732d-d367-4ba5-9039-e9ac3b8a62a6,豊頃,42.817548,143.538615,北海道,JR根室本線(新得～釧路)
5ed28faf-acad-42fa-9893-46464083d274,新吉野,42.778238,143.60826,北海道,JR根室本線(新得～釧路)
d464c33c-7d0f-483a-979b-1ff3f19d4e90,浦幌,42.810849,143.651568,北海道,JR根室本線(新得～釧路)
309b9d52-86ca-4a90-ab27-f969b5c5e275,上厚内,42.831881,143.749788,北海道,JR根室本線(新得～釧路)
b43ef3ab-f8cf-4ca6-906b-05d8409fb6db,厚内,42.809539,143.814389,北海道,JR根室本線(新得～釧路)
42c4c5f6-73fa-41cb-9dfd-77556e2e8ef0,直別,42.852205,143.863607,北海道,JR根室本線(新得～釧路)
130cb640-9ec0-479e-9b36-a96c47595587,尺別,42.869163,143.904331,北海道,JR根室本線(新得～釧路)
3f549e17-6cab-43a1-8d4b-0af7107b6e5c,音別,42.888997,143.932442,北海道,JR根室本線(新得～釧路)
8ea62a9a-609a-43b9-b7b8-c2179b763b7a,古瀬,42.947893,144.008589,北海道,JR根室本線(新得～釧路)
0bde5317-10e4-4680-ac09-59c2190ec8db,白糠,42.956161,144.076879,北海道,JR根室本線(新得～釧路)
738d199b-92d0-4e0e-9dc6-96cfb10e9a0e,西庶路,42.976138,144.129826,北海道,JR根室本線(新得～釧路)
356e6722-0fe9-4735-bf6e-80e911e7174d,庶路,42.983601,144.150018,北海道,JR根室本線(新得～釧路)
ac05113e-8573-49a7-8de5-f84c6b13eab3,大楽毛,43.009078,144.273879,北海道,JR根室本線(新得～釧路)
3d2d16c5-6781-46d7-8661-a9db881f20ca,新大楽毛,43.009423,144.295558,北海道,JR根室本線(新得～釧路)
b4249c9c-eb8a-4d9c-a96f-19647f43c122,新富士,43.001605,144.350758,北海道,JR根室本線(新得～釧路)
952c0071-0134-4080-9627-4263547b7a28,釧路,42.990584,144.381983,北海道,JR根室本線(新得～釧路)
afc91dd4-26fd-46e5-b962-ef85dedf090b,釧路,42.990584,144.381983,北海道,花咲線
790b9fee-b7ff-498b-a08f-2d949bd646ec,東釧路,42.995207,144.411307,北海道,花咲線
53740f69-d26a-4bdb-b3d0-8da99ee654fe,武佐,42.991364,144.426681,北海道,花咲線
ef131ee7-9b5d-4013-8a0e-bf751e9919cf,別保,42.994384,144.469596,北海道,花咲線
b12c22e8-adb7-4f4a-b039-7be44ac7afc0,上尾幌,43.032893,144.61239,北海道,花咲線
731b470e-6541-40d6-9011-5e93a672fe8c,尾幌,43.018463,144.703758,北海道,花咲線
6d8db944-2371-42c8-9bed-c67afdc5c4a5,門静,43.057581,144.782638,北海道,花咲線
8a82fb76-80e7-43a2-a691-1e77f9b00538,厚岸,43.056248,144.841355,北海道,花咲線
4f899bc7-fda7-4657-89ff-c4da25d1db17,糸魚沢,43.103506,144.92545,北海道,花咲線
1f1b7565-6c75-4d70-9d69-d73d6b376690,茶内,43.129266,145.02801,北海道,花咲線
ebccd25a-569d-483d-a19f-b2f936f31951,浜中,43.15754,145.099657,北海道,花咲線
7ae8c33b-534b-4d16-82f4-4b65423da527,姉別,43.196201,145.194716,北海道,花咲線
6a6b08cf-55cc-4fac-9046-79217cb8c0fb,厚床,43.228224,145.252096,北海道,花咲線
9736bf33-5a37-40bc-9344-4e21604ba58d,初田牛,43.204542000000004,145.32277,北海道,花咲線
8d3599dc-2a09-414f-bed0-e76cb920b8ab,別当賀,43.218427,145.423593,北海道,花咲線
235dc31f-f4ba-49c0-a438-ac8c47c8523e,落石,43.198335,145.519449,北海道,花咲線
04e37681-ac67-4258-91b0-709400d3b5d0,昆布盛,43.228593,145.542444,北海道,花咲線
7194dafe-e18c-4a3f-9d70-7791dc292d91,西和田,43.268043,145.541817,北海道,花咲線
d68b8f19-339a-4bbf-b356-45bbd0d5a627,花咲,43.295388,145.575045,北海道,花咲線
c16aa36a-afcf-48bf-8409-f12fd79fe0cf,東根室,43.323655,145.597234,北海道,花咲線
a1c5157f-9403-4a4c-9c68-f2facba163b2,根室,43.326923,145.582707,北海道,花咲線
764f6aef-e444-4ed0-9bdc-7095f3a7cf37,苫小牧,42.639665,141.596837,北海道,JR千歳線
ffc4e055-31a6-440d-a74e-52c726af3251,沼ノ端,42.672057,141.693132,北海道,JR千歳線
6abf098f-4d43-4904-a245-51d9df5552c7,植苗,42.713645,141.735344,北海道,JR千歳線
6958c4cf-7b8c-4580-b95f-852dc6b6c913,美々,42.777418,141.711387,北海道,JR千歳線
7862c1bf-3661-4e6c-96fa-144a30dd9da9,新千歳空港,42.787546,141.680823,北海道,JR千歳線
7dbcf203-9d65-483e-9a78-e551161aeb75,南千歳,42.80804,141.675388,北海道,JR千歳線
de110bb4-d677-433a-9ec5-e91e611dbcef,千歳,42.82811,141.651934,北海道,JR千歳線
d8a6bbbf-0780-49eb-bb7f-f75163610325,長都,42.852178,141.622987,北海道,JR千歳線
4ad05c59-6c94-4cbe-a07c-e21ff7326deb,サッポロビール庭園,42.866812,141.605616,北海道,JR千歳線
54658412-63ad-47bd-881d-b463010de686,恵庭,42.883076,141.586234,北海道,JR千歳線
34764099-8ccc-4e60-9c1e-838099d545d4,恵み野,42.902704,141.574429,北海道,JR千歳線
2a99aa2c-aa4e-4aaf-b2e2-284fcb8e7da5,島松,42.922504,141.573117,北海道,JR千歳線
8100219b-c26c-4a77-b6c5-055c05c18ca9,北広島,42.979239,141.563115,北海道,JR千歳線
069843cf-1475-43f8-84c7-231b769ccaa8,上野幌,43.016177,141.487317,北海道,JR千歳線
b95dd27f-38b7-4d63-8104-1d3826e8fc90,新札幌,43.038732,141.47237,北海道,JR千歳線
53352d48-7bc2-483a-8c9c-4637143465bf,平和,43.04695,141.437967,北海道,JR千歳線
05d94b52-e3dd-41b4-a23d-e7c77219c9c1,白石,43.054715,141.413612,北海道,JR千歳線
4ab51363-4906-4917-b04f-eaa658ed5f4d,苗穂,43.068574,141.377522,北海道,JR千歳線
eb969fb7-4029-4c69-bd9f-c892ccd81f31,札幌,43.068612,141.350768,北海道,JR千歳線
65e9dc1f-c0da-4bec-a7fa-083c1b12c9d8,南千歳,42.80804,141.675388,北海道,JR石勝線
c334bd1d-73c2-43c8-8095-e221578d36e4,追分,42.873316,141.810678,北海道,JR石勝線
06d9c3a3-aba4-44d5-a3c7-16ab30beeb5c,東追分,42.902377,141.83228,北海道,JR石勝線
b6d26ae7-7b25-4087-ac1c-d532f8ca9dc7,川端,42.914721,141.894791,北海道,JR石勝線
a622beb4-0c7d-4031-bbba-0efe0c11b283,滝ノ上,42.910244,141.97628,北海道,JR石勝線
4a66b22d-3dba-43af-b083-ad05972a2ec0,十三里,42.914667,142.024478,北海道,JR石勝線
68adec16-0d82-49dc-a66a-29fe85912416,新夕張,42.936611,142.03657,北海道,JR石勝線
4416a217-8803-43c4-907d-0725b9c421da,沼ノ沢,42.957586,142.030836,北海道,JR石勝線
b78e6c1b-e243-4459-9592-2546d1246555,南清水沢,42.985272,142.006597,北海道,JR石勝線
cbb26891-7858-4d1a-91bd-5e90d9f04119,清水沢,42.99827,142.007285,北海道,JR石勝線
64b988b0-37b9-43d5-96a5-b797b308f5f6,鹿ノ谷,43.039447,141.964476,北海道,JR石勝線
7360bee8-05c8-4851-93f2-a7f42f2e0cc3,夕張,43.050926,141.967472,北海道,JR石勝線
d0f28529-8f5f-433e-8639-6b8da27da86b,占冠,42.993088,142.400078,北海道,JR石勝線
6869ff6b-e6cd-4a50-b328-6cbd3abc63da,トマム,43.055913,142.610937,北海道,JR石勝線
5779bf93-5f02-4019-ad4e-ba549832da46,新得,43.082501,142.832432,北海道,JR石勝線
91464235-8197-4824-a000-185765ffd7f8,苫小牧,42.639665,141.596837,北海道,JR日高本線
d8764655-c330-4591-8e5f-57373c67dc8e,勇払,42.632805,141.727667,北海道,JR日高本線
251ae48c-f6c7-4a70-9985-dcde0193b465,浜厚真,42.606725,141.837071,北海道,JR日高本線
40ea8d3b-1a0e-4193-8750-7c530f199cc3,浜田浦,42.590722,141.88362,北海道,JR日高本線
ac5b23ae-e22d-4a3c-a9a3-b8075d1169fd,鵡川,42.578953,141.923892,北海道,JR日高本線
959c291d-fe59-47be-ac8c-ee08127640b1,汐見,42.550235,141.945255,北海道,JR日高本線
54266381-7272-434c-bbc3-215cfa114adf,富川,42.516865,142.020855,北海道,JR日高本線
f0b22bee-1ad9-44a8-9de0-d5b425f07cbe,日高門別,42.481237,142.072692,北海道,JR日高本線
6b1d51bd-77b3-42fe-9025-6b720ed3d64c,豊郷,42.470119,142.122493,北海道,JR日高本線
81dc0c8a-396a-4bb4-80ac-0c5f23bcda44,清畠,42.455709,142.176624,北海道,JR日高本線
bae54bcc-13fe-4a0c-8ee6-e30bf68f5329,厚賀,42.430507,142.215896,北海道,JR日高本線
3c605557-181b-4f41-bee5-dd7b09556ca3,大狩部,42.395695,142.259355,北海道,JR日高本線
da571985-5131-45b2-98bc-846fb42018f8,節婦,42.38248,142.275541,北海道,JR日高本線
0024cbeb-000d-4687-b3c0-737211e96477,新冠,42.360667,142.312585,北海道,JR日高本線
3e0be806-84d8-4571-975b-c06c4a2f1b1b,静内,42.336559,142.360402,北海道,JR日高本線
7cb357fe-b96e-4a96-9dea-0541fdcb770a,静内海水浴場,42.314084,142.400665,北海道,JR日高本線
9c61019e-a0e3-4dbe-9e0e-7dffb07bf0e5,東静内,42.304416,142.450485,北海道,JR日高本線
64a0610a-1327-4eb4-a31f-b364c564d914,春立,42.268515,142.498943,北海道,JR日高本線
6fc2d3bb-faf5-4bb1-ad19-b6aee722d8c8,日高東別,42.280837,142.521371,北海道,JR日高本線
864ee42e-24d3-4001-931e-d2512d198c91,日高三石,42.247269,142.566859,北海道,JR日高本線
4148c537-fd64-4cd6-bb68-a66176fc4f6d,蓬栄,42.264636,142.604517,北海道,JR日高本線
206dfe3c-25cc-4f5c-81be-3f810fd600cd,本桐,42.248205,142.630455,北海道,JR日高本線
7d195373-9492-4ccc-b441-4b6194226f2f,荻伏,42.206136,142.689432,北海道,JR日高本線
2cd0b7cb-6166-443a-98e2-6bca2919be5c,絵笛,42.198428,142.736134,北海道,JR日高本線
97ebf46d-0a01-416b-a31c-a652904bebb6,浦河,42.168366,142.769976,北海道,JR日高本線
078f9ff8-91bf-4ca4-b4f7-fcd9dee18139,東町,42.156037,142.788931,北海道,JR日高本線
f473e96b-48f4-4b97-afe8-d69c484d10fd,日高幌別,42.142338,142.834519,北海道,JR日高本線
529f2507-4e78-49c9-95f9-a3ecf95821b8,鵜苫,42.134449,142.882513,北海道,JR日高本線
be7068e4-0ffc-44eb-b70c-40f6e0527eb4,西様似,42.138411,142.908737,北海道,JR日高本線
5b17e985-f0ce-40a3-aa11-78755b3a22de,様似,42.127936,142.93596,北海道,JR日高本線
2033c86c-a25e-4046-bd86-34f687f509e2,札幌,43.068612,141.350768,北海道,JR札沼線
5b2ce38e-c218-46ff-a692-1b105619735d,桑園,43.070744,141.332036,北海道,JR札沼線
8973be0a-754c-499c-ae7b-3acc1621de14,八軒,43.085845,141.319145,北海道,JR札沼線
ec888ba9-33c4-4585-b40d-3f5211734179,新川,43.098604,141.323824,北海道,JR札沼線
b796c732-d09d-4dac-bbe8-d58608b85b32,新琴似,43.112928,141.335105,北海道,JR札沼線
aea06246-4937-4cdb-bee9-ec7215e3e15c,太平,43.12401,141.349526,北海道,JR札沼線
0df4383c-135a-44c8-84ab-aa81eaa137db,百合が原,43.131476,141.360672,北海道,JR札沼線
08243143-b70b-415c-adc7-bb912cd6b5f0,篠路,43.145152,141.364323,北海道,JR札沼線
83b0dbcc-0b5b-4096-995b-eb5e0a45213d,拓北,43.155568,141.381013,北海道,JR札沼線
df6366bb-7d86-4df6-98b8-4569fab02e59,あいの里教育大,43.15528,141.39842,北海道,JR札沼線
8a4176cc-81e5-43fc-bae1-bc6201b33689,あいの里公園,43.161206,141.413276,北海道,JR札沼線
1edc7668-01d4-4e3a-8e58-4fddf64de37d,石狩太美,43.189801,141.449066,北海道,JR札沼線
3128a3dc-f7d3-4cf5-aadc-92abc7f87fa7,石狩当別,43.22208,141.513764,北海道,JR札沼線
7ac50ec5-2377-4258-95f1-bb9f3d696235,北海道医療大学,43.230925,141.54995,北海道,JR札沼線
6fc42997-b2bc-4b6f-bc08-433c80a1a595,石狩金沢,43.245385,141.569239,北海道,JR札沼線
a76f2063-6e2f-4045-a16a-2f2bdb9c843e,本中小屋,43.28019,141.591661,北海道,JR札沼線
872fb407-03a1-4256-96b7-596735fa3465,中小屋,43.306846,141.602341,北海道,JR札沼線
ef2909b9-0d74-4182-ba67-379be693ed70,月ケ岡,43.324867,141.61807,北海道,JR札沼線
03b41c69-4c28-4c7d-ae49-f5ea02347da4,知来乙,43.331545,141.649123,北海道,JR札沼線
68307dcf-14aa-473d-82fa-b9131637cb86,石狩月形,43.340869,141.670193,北海道,JR札沼線
c388cfe2-15d2-487c-8442-4e68e7312d5d,豊ケ岡,43.366645,141.714026,北海道,JR札沼線
5d824c0e-08b4-453d-aaa0-600690c2c720,札比内,43.370926,141.742762,北海道,JR札沼線
4a056af2-2cc8-441b-9a65-f6c122796622,晩生内,43.399921,141.779211,北海道,JR札沼線
6297262f-a3aa-4c82-a17a-b04e1adf0192,札的,43.419153,141.803549,北海道,JR札沼線
17e54feb-c43e-4a1c-a086-dcb888230ee8,浦臼,43.430964,141.817376,北海道,JR札沼線
100940c6-23f4-49e6-b288-1615ccf3bad6,鶴沼,43.457673,141.840637,北海道,JR札沼線
c410e2ff-389a-42b9-b04a-86d12e7eff0e,於札内,43.473424,141.840102,北海道,JR札沼線
5f86fa33-b103-4a7a-b0f6-1ba385161a34,南下徳富,43.485542,141.844454,北海道,JR札沼線
8a8bcb5f-5af8-407e-bae8-b6d63d6465c9,下徳富,43.50271,141.855574,北海道,JR札沼線
38ea798e-5e98-4e28-b65b-4af997e7a0f7,新十津川,43.545575,141.874172,北海道,JR札沼線
e00fb48f-3dd4-4136-904f-1d50142c53b2,深川,43.721021,142.041642,北海道,JR留萌本線
0425a56d-94a0-49fe-9f4b-674232b5b82c,北一已,43.742021,142.014721,北海道,JR留萌本線
8e495d83-2125-4cc6-8819-ed8dfa66e4a5,秩父別,43.769099,141.967757,北海道,JR留萌本線
8284f081-b95d-4092-b63f-ebdf9da5be8b,北秩父別,43.789375,141.960915,北海道,JR留萌本線
e3b07948-14d3-454a-b8e5-8a3895eb5dea,石狩沼田,43.810032,141.934266,北海道,JR留萌本線
c5e4cd9c-fc0c-40ff-a756-2d40dc2f7c6c,真布,43.832965,141.906756,北海道,JR留萌本線
f73b269c-4534-499e-a73f-de20a67b4754,恵比島,43.851296,141.88144,北海道,JR留萌本線
831be0b8-e96c-48fd-82f0-659e7453f2fe,峠下,43.850789,141.818879,北海道,JR留萌本線
b0fbb995-9002-4a38-a98c-9f43c7279f00,幌糠,43.855521,141.758418,北海道,JR留萌本線
99aeeda2-e9c3-4b37-afdb-02860c08e9cd,藤山,43.88708,141.720588,北海道,JR留萌本線
6a718d4e-a3c0-4302-9fa2-5f298a5591dc,大和田,43.913418,141.696528,北海道,JR留萌本線
df0b4c68-2e03-485f-9f70-382c331bd84c,留萌,43.942848,141.651433,北海道,JR留萌本線
1c25cf55-5e14-4664-8779-f4ee028be057,瀬越,43.934987,141.634535,北海道,JR留萌本線
13e62586-3af0-42da-9a7f-5e5c76d27669,浜中海水浴場,43.930354,141.632835,北海道,JR留萌本線
b9abe50f-8ce4-4190-9cb6-4bde1dc41921,礼受,43.904871,141.611358,北海道,JR留萌本線
f1b90981-75fb-4918-b44d-5ffb2fb826cc,阿分,43.894339,141.605598,北海道,JR留萌本線
f43faa72-ec36-4312-9e91-5d7ff2f76d72,信砂,43.874479,141.589039,北海道,JR留萌本線
0cf44259-ecf1-4b95-9411-204e87caf887,舎熊,43.869113,141.580068,北海道,JR留萌本線
4e2194a5-232b-462c-8280-635879aee9b1,朱文別,43.860678,141.564328,北海道,JR留萌本線
b821fd48-b421-410c-914c-b1358390595d,箸別,43.859125,141.55164,北海道,JR留萌本線
cd354a4b-d484-46f4-8354-dd6a66a80d69,増毛,43.856522,141.527559,北海道,JR留萌本線
ce872c77-97e6-41fb-9895-677256196da5,旭川,43.763492,142.357803,北海道,JR富良野線
6e3514ef-4e9b-48aa-86fe-6205e764fbb5,神楽岡,43.745033,142.358257,北海道,JR富良野線
ba1d5759-df82-4d2e-ae92-175d6218e6ea,緑が丘,43.731074,142.365701,北海道,JR富良野線
08ad6030-41b3-471f-b1b2-aa8b8edd52c8,西御料,43.720834,142.371507,北海道,JR富良野線
7bf437ea-5b39-4627-a6f1-2213ae9785f6,西瑞穂,43.70242,142.381982,北海道,JR富良野線
a4ff3e2a-eba6-4e7b-9bef-964677009981,西神楽,43.682181,142.393677,北海道,JR富良野線
9c36c705-82f6-443f-887b-83a5f1c11730,西聖和,43.669047,142.415209,北海道,JR富良野線
643f431d-71f3-4713-8cd9-62524051f199,千代ケ岡,43.643737,142.451024,北海道,JR富良野線
bc42d731-b9ae-481d-a76d-261209a941a5,北美瑛,43.617884,142.479594,北海道,JR富良野線
ca6fd0d6-9276-48ce-953c-67622e9ad27f,美瑛,43.591186,142.461639,北海道,JR富良野線
0c4c5ca3-3877-4e87-bd23-e391984ff27b,美馬牛,43.537408,142.447192,北海道,JR富良野線
4decc3bc-0605-4477-86e3-00a58c07ca83,上富良野,43.464046,142.468761,北海道,JR富良野線
3196b13b-7f90-43d3-b2eb-b144bba8cac1,西中,43.429569,142.441876,北海道,JR富良野線
dbebc287-0033-4912-b98f-24d3a9d2c5e6,ラベンダー畑,43.42065,142.434032,北海道,JR富良野線
e4656cf3-8336-45fd-9286-cc2345a23d45,中富良野,43.405704,142.420812,北海道,JR富良野線
3da48f19-0409-495e-a915-d61b8430cb21,鹿討,43.387499,142.404812,北海道,JR富良野線
55f4a9ee-0ae5-4813-8642-86a756bad818,学田,43.366234,142.386118,北海道,JR富良野線
4ef0926f-e853-4124-abfd-f23b61b79706,富良野,43.347114,142.391374,北海道,JR富良野線
28827f70-4218-4ad7-8a17-741ce2671582,旭川,43.763492,142.357803,北海道,JR宗谷本線
f2157563-e87b-4cf7-9f0c-116c66a847c9,旭川四条,43.764056,142.375815,北海道,JR宗谷本線
8f728be4-7538-411a-9e73-66668c4bd9e6,新旭川,43.780174,142.384789,北海道,JR宗谷本線
1e342660-5ca9-4008-a968-20f69e012ccd,永山,43.814158,142.434382,北海道,JR宗谷本線
3527ae51-6af7-46bb-b606-b935b1bfb327,北永山,43.826736,142.454493,北海道,JR宗谷本線
32915c96-c286-4e80-a646-a7dce3ead446,南比布,43.853342,142.467271,北海道,JR宗谷本線
a8901649-4354-4f00-8856-1b5533e40968,比布,43.874478,142.471294,北海道,JR宗谷本線
fd912723-e371-4cfd-8703-a2917bcd1838,北比布,43.901728,142.476545,北海道,JR宗谷本線
b4041a9b-9170-4e72-bf0a-a1a203903838,蘭留,43.925072,142.473699,北海道,JR宗谷本線
6279f4a4-c77c-49c7-9332-e7bce221511d,塩狩,43.96794,142.4552,北海道,JR宗谷本線
ce373435-07d2-4278-99d5-df343f714db1,和寒,44.026932,142.415309,北海道,JR宗谷本線
37c2db4d-04c2-4459-a8f4-80cdc6de0f24,東六線,44.068723,142.388073,北海道,JR宗谷本線
3c860996-5d19-4732-b390-7fe8808a3499,剣淵,44.09643,142.364754,北海道,JR宗谷本線
7da6271b-98a3-4883-98a5-7384f566a4ec,北剣淵,44.139423,142.377955,北海道,JR宗谷本線
f132674a-bedd-4534-83ff-82f83dd6b114,士別,44.172536,142.388247,北海道,JR宗谷本線
ed56e5a9-590f-49eb-baa8-af1903a23772,下士別,44.210583,142.396405,北海道,JR宗谷本線
43d5d5ce-a98a-4300-8381-f20070d4b34b,多寄,44.241296,142.396315,北海道,JR宗谷本線
8038d796-d04c-4423-954f-274ecaa43aa3,瑞穂,44.266349,142.396244,北海道,JR宗谷本線
faec9dd0-861d-4162-a887-7f9cb4d7e6e2,風連,44.292238,142.421624,北海道,JR宗谷本線
910a0050-638f-4772-bde5-8ea58ad9371e,東風連,44.316748,142.463087,北海道,JR宗谷本線
753dc2df-08ed-4171-9e18-5e9120fa3d84,名寄,44.349403,142.465207,北海道,JR宗谷本線
23c39aaf-e64d-49a2-8241-8af4c8b6748f,日進,44.381713,142.467354,北海道,JR宗谷本線
8ec14617-42f9-4ff4-9b1b-0dbfb865f313,北星,44.441569,142.428116,北海道,JR宗谷本線
7208b377-c729-4761-aca8-374b74795bad,智恵文,44.455553,142.414772,北海道,JR宗谷本線
4838feff-f665-4942-ac66-1d08d1e991cf,智北,44.46103,142.394007,北海道,JR宗谷本線
a50c296b-99fd-48af-8875-8daf789ffe0c,南美深,44.462604,142.367822,北海道,JR宗谷本線
0798a2e3-20c7-485a-aec7-6878090bf881,美深,44.482951,142.350597,北海道,JR宗谷本線
7b6278ba-73f6-472f-9bd2-6c376aa0b705,初野,44.512808,142.336129,北海道,JR宗谷本線
c17a5bfa-b7e3-4eb5-b10f-6395a09f7041,紋穂内,44.538761,142.33357,北海道,JR宗谷本線
7b4f5a12-a526-46f2-ae61-44d4f9c6eb8f,恩根内,44.598486,142.309447,北海道,JR宗谷本線
405c66fa-ef26-47eb-9204-06e665a797a4,豊清水,44.639503,142.270342,北海道,JR宗谷本線
c123dd1e-b6e0-4385-b127-9be5a75a196b,天塩川温泉,44.665041,142.258682,北海道,JR宗谷本線
a60fda45-ad50-4982-b154-6b653b1a8c01,咲来,44.692702,142.267569,北海道,JR宗谷本線
a5897568-0a34-4ac7-820f-34918deda74b,音威子府,44.729448,142.259883,北海道,JR宗谷本線
08753d1b-e8d3-4509-9684-472d2e5e02dc,筬島,44.738883,142.197777,北海道,JR宗谷本線
ea423139-05e9-492b-9120-f9d32d7426a5,佐久,44.743986,142.048562,北海道,JR宗谷本線
96c51b9c-16f3-4069-9a1a-f4a397ffecbc,天塩中川,44.81186,142.075335,北海道,JR宗谷本線
c281b0be-58d6-4694-9917-618c8492f537,歌内,44.880493,142.052162,北海道,JR宗谷本線
8bb9fde5-b066-4399-aac9-9c2dbcdb0536,問寒別,44.91233,142.025562,北海道,JR宗谷本線
7436d57a-5fea-4cbf-ba14-1e378ff9c8fd,糠南,44.920778,142.000931,北海道,JR宗谷本線
d635b88e-8cf0-49e0-9e16-430cdc6919ab,雄信内,44.911735,141.935888,北海道,JR宗谷本線
8da7f16f-d63d-4556-8257-0f7ff6c13a3e,安牛,44.949809,141.894187,北海道,JR宗谷本線
c31eebab-fce3-4e52-b285-2dbd6a2aff6b,南幌延,44.965084,141.884892,北海道,JR宗谷本線
62809b7e-42a3-41b7-aa0a-148706b824ea,上幌延,44.985787,141.880905,北海道,JR宗谷本線
08078e7e-ef6c-40b1-9eb5-8c63c36bcbf3,幌延,45.014503,141.84569,北海道,JR宗谷本線
19ca2e10-563f-444b-888e-43fdf2e3a50c,下沼,45.037146,141.758218,北海道,JR宗谷本線
72fff991-aecb-4331-bc59-8952235efde9,豊富,45.104624,141.772088,北海道,JR宗谷本線
ed818dc2-67c4-4ddc-b78a-be294b26c8cd,徳満,45.145838,141.751039,北海道,JR宗谷本線
768988aa-e3ba-4b78-8bbf-79e087fab0f7,兜沼,45.220236,141.6972,北海道,JR宗谷本線
535c3c20-8e93-4d3a-9aa9-911ddd566873,勇知,45.259339,141.685151,北海道,JR宗谷本線
45a7adb2-00e6-4ca3-abe3-2853c9f709a4,抜海,45.316866,141.644576,北海道,JR宗谷本線
d5f12f53-6bc6-443b-b81c-22cc7bf19a77,南稚内,45.398166,141.683026,北海道,JR宗谷本線
ddf91df7-594c-483d-9f7c-048acf9efa00,稚内,45.416995,141.676999,北海道,JR宗谷本線
4fb9a564-ba5d-4dde-9910-272bbe296b82,旭川,43.763492,142.357803,北海道,JR石北本線
5586ce7e-2919-43e8-9e57-43382058a61a,旭川四条,43.764056,142.375815,北海道,JR石北本線
b7b22439-589b-4cf8-8eba-87807aa3eb00,新旭川,43.780174,142.384789,北海道,JR石北本線
fd480efe-14cb-44d1-ad2a-b8b5607147d6,南永山,43.78055,142.40853,北海道,JR石北本線
39a8aee1-819a-468c-ad79-290aefc50f77,東旭川,43.776571,142.441544,北海道,JR石北本線
b3266e11-fd67-47c7-8308-e7796b3fc045,北日ノ出,43.781813,142.466127,北海道,JR石北本線
27997601-6879-46e0-ab04-55eacbdaf49b,桜岡,43.801812,142.486968,北海道,JR石北本線
f08118ff-6f26-4cef-8c1f-876cc8c194f4,当麻,43.825477,142.516987,北海道,JR石北本線
baec04b0-ec80-4937-884e-dc6bf0acc98a,将軍山,43.857455,142.521559,北海道,JR石北本線
c8a9cdbd-32cd-409e-8bf4-c83872f05da7,伊香牛,43.876025,142.525227,北海道,JR石北本線
dec7f66a-9dc8-436f-acd2-e4a63acc99b1,愛別,43.898635,142.582176,北海道,JR石北本線
5e4bee5e-e668-4466-9fb0-7a402fb3ac74,中愛別,43.896216,142.655424,北海道,JR石北本線
de3300d7-58f8-457c-a5ba-dca420b88b40,愛山,43.866442,142.680699,北海道,JR石北本線
09915f28-3218-43d8-bf06-fdd13d2f6e11,安足間,43.852011,142.693868,北海道,JR石北本線
2d507ae7-9659-4e5a-9dea-3ee68f3224d5,東雲,43.843693,142.716544,北海道,JR石北本線
13c22072-d306-4860-800c-22b9499111ae,上川,43.848508,142.766895,北海道,JR石北本線
fd2fb3ac-9676-4468-8e84-e4cbdf5ed1c2,上白滝,43.876501,143.1444,北海道,JR石北本線
263864c5-87ac-42c4-8263-44025942d221,白滝,43.884435,143.180795,北海道,JR石北本線
7b4cfa17-9941-4488-a65d-5dff49d21e6a,旧白滝,43.919905,143.236729,北海道,JR石北本線
c713d197-4230-4414-b452-b182d0b6cc73,下白滝,43.944553,143.276088,北海道,JR石北本線
d260b9eb-b5cb-48be-9445-67aac5360840,丸瀬布,44.006354,143.335817,北海道,JR石北本線
d5d5f155-6f6c-4c35-93bb-b03f7dfebd00,瀬戸瀬,44.008753,143.420937,北海道,JR石北本線
2b24f25e-811d-4675-bd82-89e177f15839,遠軽,44.060278,143.520667,北海道,JR石北本線
e3c8cac7-b9ae-4281-aff4-3c4e7b1042d8,安国,43.993322,143.535762,北海道,JR石北本線
eb93a368-df3a-4cc0-a6d5-3cf9f650affc,生野,43.959928,143.532945,北海道,JR石北本線
ff2bb5c9-cf02-491b-8008-4aeb6ebd0d4e,生田原,43.923674,143.534627,北海道,JR石北本線
c9fb69a4-766f-4fb0-b10e-f8e4dc36e8c8,金華,43.803484,143.57114,北海道,JR石北本線
79956e35-6920-488e-862f-6c0821e0f3d3,西留辺蘂,43.785345,143.603257,北海道,JR石北本線
89b37002-2fc2-495e-9f88-85d3608f358e,留辺蘂,43.785534,143.621394,北海道,JR石北本線
a603c9f1-49dd-4af3-b461-6712cb036e34,相内,43.795948,143.756449,北海道,JR石北本線
13c7b009-f683-4ae5-8ac3-ae89055cb8a6,東相内,43.805466,143.809499,北海道,JR石北本線
f19852f1-72ee-4eda-90a8-5de6f2d1b50a,西北見,43.803114,143.841586,北海道,JR石北本線
4ec1e3ad-1d74-4385-8512-c6af892cdeda,北見,43.805504,143.898167,北海道,JR石北本線
ca5e341d-40ff-4148-b4eb-567764bc8017,柏陽,43.824911,143.916737,北海道,JR石北本線
a056cbc7-26f3-4a85-8648-31c66a6f7d11,愛し野,43.841426,143.932962,北海道,JR石北本線
4cb73ba7-7efb-4cb4-9510-f4a9d8aa6d17,端野,43.851172,143.942336,北海道,JR石北本線
347c1b5f-36fc-4350-b13a-eb4d8262c4ab,緋牛内,43.880431,143.999887,北海道,JR石北本線
d7310864-c828-4652-a6ea-bf79dd14f7a9,美幌,43.836967,144.10563,北海道,JR石北本線
8c3b7d0c-bb38-45f8-9ec0-7c5d370ed1ea,西女満別,43.880057,144.148372,北海道,JR石北本線
533bd027-67ae-4753-9986-7badbc9653f4,女満別,43.915886,144.170665,北海道,JR石北本線
ad7e1405-afea-461a-af56-2d9dd88833eb,呼人,43.963695,144.218945,北海道,JR石北本線
ed42ec51-2921-49dc-ba96-c877e3c2aee9,網走,44.019873,144.254156,北海道,JR石北本線
d962cacf-c73e-4d2d-bd91-7524de9bd970,網走,44.019873,144.254156,北海道,JR釧網本線
3245b4c1-8305-4112-87d6-dea91dbefad8,桂台,44.016913,144.273223,北海道,JR釧網本線
8a1f7dc8-4937-4ab5-8a11-f319f044ae50,鱒浦,43.982481,144.296526,北海道,JR釧網本線
f27d5ee2-b708-4d71-9596-5f01091ef158,藻琴,43.968358,144.320079,北海道,JR釧網本線
b7e9e320-f20d-44b5-ac5b-5284f87d2db3,北浜,43.958549,144.352541,北海道,JR釧網本線
1bdcfaae-f240-4048-9703-82820e39d099,原生花園,43.941033,144.41443,北海道,JR釧網本線
e9b97204-7b0c-4397-bd85-a11bcfae609c,浜小清水,43.934077,144.453187,北海道,JR釧網本線
7ca4ee31-36cb-445e-b0c3-35f3a7e6af7f,止別,43.921558,144.519818,北海道,JR釧網本線
7976e2a2-f01c-44b6-8b69-b2c39f26c59a,知床斜里,43.910749,144.661647,北海道,JR釧網本線
da8e7676-d026-4707-8fee-c9934fab95b2,中斜里,43.874608,144.659033,北海道,JR釧網本線
5dd352ba-222b-4a04-a82f-26526576eebf,南斜里,43.867531,144.63431,北海道,JR釧網本線
fbd33ec4-ceea-4bfa-b69c-8d27bc4f388d,清里町,43.83871,144.593948,北海道,JR釧網本線
e4be21d4-853c-41f2-92d6-f5717847c15a,札弦,43.786574,144.531526,北海道,JR釧網本線
0bcf2fe8-1f1b-4e6c-b8b7-6ba619d74996,緑,43.718282,144.505499,北海道,JR釧網本線
f57c7c61-cc3a-4b8c-8625-fceac6f3d247,川湯温泉,43.616258,144.457749,北海道,JR釧網本線
ddad148b-58cc-42b2-8c99-388d37d22a25,美留和,43.555316,144.437656,北海道,JR釧網本線
25d60cb7-99ba-4727-9423-f188c0850335,摩周,43.487373,144.463981,北海道,JR釧網本線
ed01b07f-5171-4809-9f06-d19660778d62,南弟子屈,43.428656,144.514729,北海道,JR釧網本線
803328e6-420b-4e0c-a5ff-e9101e4ed165,磯分内,43.379389,144.554322,北海道,JR釧網本線
99b8f6b4-d0f8-49d3-b96a-08c660fe00e9,標茶,43.298472,144.608434,北海道,JR釧網本線
58efd1e7-69f0-402c-b769-7ace9d236495,五十石,43.238771,144.545558,北海道,JR釧網本線
b2d9aa69-2b6c-4a47-9fdd-2fbaf5bef9e6,茅沼,43.202097,144.503788,北海道,JR釧網本線
0026b16d-9c9e-45ee-9d3e-39e72992774c,塘路,43.151739,144.496817,北海道,JR釧網本線
aa536dd0-32c1-43bb-b1f3-61b4fa69820c,細岡,43.105055,144.469683,北海道,JR釧網本線
e2638956-3335-48c5-9099-467dc34a275d,釧路湿原,43.100647,144.447799,北海道,JR釧網本線
55b2af5e-1a3d-411f-a6ad-8ccc6a9c0336,遠矢,43.047878,144.458367,北海道,JR釧網本線
69ae07bb-b446-4011-a64c-34793b086ac5,東釧路,42.995207,144.411307,北海道,JR釧網本線
836134e0-5b2f-4588-9a68-ea070843b365,釧路,42.990584,144.381983,北海道,JR釧網本線
31cab63c-ccb4-4d5f-8c18-99bdfed4f8b1,中小国,41.051702,140.596798,青森県,JR海峡線
a035b84c-ffb4-4525-9885-4c477575369a,津軽今別,41.144885,140.515625,青森県,JR海峡線
a8acd956-60b3-4850-8d25-0b07801bee72,竜飛海底,41.257228,140.347946,青森県,JR海峡線
61ad72ec-ca36-4c68-bd4e-4a217f674906,吉岡海底,41.442162,140.239354,北海道,JR海峡線
429a0500-3c6d-4d77-9254-0135dda1e778,知内,41.601092,140.33494,北海道,JR海峡線
350b265d-4171-4b22-9b97-eca08cfe0038,木古内,41.677642,140.434004,北海道,JR海峡線
a20db52d-1a83-4b03-ad9b-ab1170c33f47,江差,41.856727,140.127933,北海道,JR江差線
f2bcd262-1a5a-45aa-83d4-312d13d8269b,上ノ国,41.805567,140.124106,北海道,JR江差線
2d5d30f4-00a2-44d0-b48b-d6a457722aed,中須田,41.787214,140.149321,北海道,JR江差線
f15d2866-4264-48cf-8012-a8fd14330f0c,桂岡,41.773096,140.166071,北海道,JR江差線
a56cda09-f08c-49e8-a702-f622c721d31b,宮越,41.762404,140.184998,北海道,JR江差線
99b225e9-0794-48b8-8cfc-be544b77df08,湯ノ岱,41.750312,140.243698,北海道,JR江差線
96c4e0f0-e432-4fb8-ad1f-5f58e6289acd,神明,41.734481,140.265709,北海道,JR江差線
abe587a5-34e5-45c4-a9ae-2ec64dcc4446,吉堀,41.684059,140.379226,北海道,JR江差線
ebaafe2a-27d6-4ff0-a65d-5dc2e6553681,渡島鶴岡,41.671014,140.41137,北海道,JR江差線
5f631b6c-d6de-426a-92e2-a71862443ef7,木古内,41.677642,140.434004,北海道,JR江差線
c3396a6c-7633-41f2-879b-f33663a5f1ed,札苅,41.699271,140.468097,北海道,JR江差線
88224808-e3cd-457b-84ca-b4593a224308,泉沢,41.700867,140.506797,北海道,JR江差線
0eafe09a-878f-429d-9af4-576ca13a663a,釜谷,41.712153,140.53718,北海道,JR江差線
ffe5b4c2-dd51-4710-b92d-be7e8b548790,渡島当別,41.737309,140.579109,北海道,JR江差線
56b05528-ea84-4756-ae9f-619eb70e6dc7,茂辺地,41.766604,140.600561,北海道,JR江差線
42f8d5a8-b6cb-4b98-bbfc-db5039c61945,上磯,41.81956,140.640599,北海道,JR江差線
4571cbc4-7c7e-4d1b-83e1-56dccdb94bd1,清川口,41.824615,140.652906,北海道,JR江差線
14c588ae-ced1-4f69-a4f5-6d2d53e69fd6,久根別,41.826727,140.666468,北海道,JR江差線
dae378c1-5139-4617-babf-34871e150bf8,東久根別,41.826005,140.679731,北海道,JR江差線
5ad65be8-ce8f-49b1-8993-b53d84415a90,七重浜,41.817643,140.707957,北海道,JR江差線
b13278d0-b624-4bde-a2b8-709db2c04c64,五稜郭,41.803557,140.733539,北海道,JR江差線
fe3ee009-1aee-4b30-bf6c-17d326428179,函館,41.773709,140.726413,北海道,JR江差線
64ad1e61-e7f2-499a-8d72-dd34e8a3542f,八戸,40.5092,141.431499,青森県,JR東北本線(八戸～青森)
d7759248-a844-4add-8203-5d9bed93aa26,新庄,38.76256,140.306064,山形県,JR奥羽本線(新庄～青森)
804e615b-9d7a-4bb7-9f84-78c2d40b409f,泉田,38.811758,140.310039,山形県,JR奥羽本線(新庄～青森)
a77d50e4-de16-4d7f-b23d-9404b5393ee7,羽前豊里,38.836748,140.242247,山形県,JR奥羽本線(新庄～青森)
4bb31831-972d-40bf-9756-84dee9efc207,真室川,38.858243,140.254814,山形県,JR奥羽本線(新庄～青森)
15bb6d84-1431-43ae-8415-5ce8251f419e,釜淵,38.93281,140.263864,山形県,JR奥羽本線(新庄～青森)
e57da26a-c79a-4e0d-b91f-e03cd30db713,大滝,38.971485,140.320199,山形県,JR奥羽本線(新庄～青森)
1bdf940d-3617-456b-8587-e2dac82663ab,及位,38.992983,140.361164,山形県,JR奥羽本線(新庄～青森)
934c383a-160b-41ff-8199-40cec56503a3,院内,39.049706,140.4138,秋田県,JR奥羽本線(新庄～青森)
b38342e6-a9bb-4260-970a-7692a9ef0bc4,横堀,39.064533,140.45131,秋田県,JR奥羽本線(新庄～青森)
162a0d96-6980-4ada-9923-1f92fdd6c6df,三関,39.110196,140.483796,秋田県,JR奥羽本線(新庄～青森)
e1a4c8d0-8fc5-4ff2-8c20-9194cd9edec5,上湯沢,39.134221,140.485262,秋田県,JR奥羽本線(新庄～青森)
6b0fdae7-b9cd-41f7-a201-39a67f8d8c1f,湯沢,39.163443,140.487011,秋田県,JR奥羽本線(新庄～青森)
9b224529-b6c7-43fc-aaf4-f440f9a98a86,下湯沢,39.197196,140.50249,秋田県,JR奥羽本線(新庄～青森)
3eab8527-d564-4167-9cb0-2f5571c330cc,十文字,39.221186,140.526287,秋田県,JR奥羽本線(新庄～青森)
64fb642b-fd8f-461e-8862-e12316c9449f,醍醐,39.248716,140.53853,秋田県,JR奥羽本線(新庄～青森)
2a1d6ae9-85e2-4b73-ac35-7aab35abe49c,柳田,39.276385,140.553856,秋田県,JR奥羽本線(新庄～青森)
f91e08c0-fc68-4b7d-bd17-38d0d1090537,横手,39.310146,140.5604,秋田県,JR奥羽本線(新庄～青森)
2210ffcb-aec0-4c35-9d9a-04572780214d,後三年,39.364891,140.538397,秋田県,JR奥羽本線(新庄～青森)
7533db1d-3091-42ee-bbfc-b4d2d90f9350,飯詰,39.406013,140.515378,秋田県,JR奥羽本線(新庄～青森)
996e5976-c29a-4e7b-be64-de84e277b531,大曲,39.465712,140.479628,秋田県,JR奥羽本線(新庄～青森)
fad2cac8-4129-4796-9527-838c047f3b62,神宮寺,39.494841,140.426518,秋田県,JR奥羽本線(新庄～青森)
8e7b23e9-380b-452a-b70d-1728fb49a7c9,刈和野,39.547646,140.372402,秋田県,JR奥羽本線(新庄～青森)
648a4c04-21dc-4513-88a0-6539aab42589,峰吉川,39.566586,140.32314,秋田県,JR奥羽本線(新庄～青森)
cd935575-b74d-4dc6-9bc6-f4a723c05d79,羽後境,39.618679,140.320722,秋田県,JR奥羽本線(新庄～青森)
ee52202d-7916-4c2e-8390-c0fdd6ac9cac,大張野,39.663347,140.274071,秋田県,JR奥羽本線(新庄～青森)
6d7754d6-48db-463b-86b4-815f7dae699a,和田,39.65087,140.218754,秋田県,JR奥羽本線(新庄～青森)
80508d0e-60af-4162-b5ee-6f73b2558944,四ツ小屋,39.661341,140.144946,秋田県,JR奥羽本線(新庄～青森)
3daaec08-a83c-4f27-9cbc-508f7a53153f,秋田,39.716748,140.129931,秋田県,JR奥羽本線(新庄～青森)
1a94c4ba-3b44-4e82-bbe5-14091cedc667,土崎,39.758453,140.073601,秋田県,JR奥羽本線(新庄～青森)
20ff6388-cdd5-46d5-982b-450a8cf708e8,上飯島,39.779336,140.06847,秋田県,JR奥羽本線(新庄～青森)
24c1e8ab-5207-47cf-a74d-610f11d65f52,追分,39.809925,140.05781,秋田県,JR奥羽本線(新庄～青森)
ba59dd6d-672a-48ad-a2ab-6296ed2d8900,大久保,39.87089,140.063079,秋田県,JR奥羽本線(新庄～青森)
3ae74e7c-3724-4772-98fe-a2b3e65508bc,羽後飯塚,39.898981,140.0733,秋田県,JR奥羽本線(新庄～青森)
e0534a8d-2132-42c8-b12e-231753a07b6a,井川さくら,39.911925,140.076022,秋田県,JR奥羽本線(新庄～青森)
8239b984-0e79-4835-b93b-0ab282878c80,八郎潟,39.947366,140.078382,秋田県,JR奥羽本線(新庄～青森)
4e70bb7f-c92b-43cf-bc0b-b4684d4dd01b,鯉川,39.996361,140.077474,秋田県,JR奥羽本線(新庄～青森)
694d4727-3d62-4b1f-8c44-e6b07e4078eb,鹿渡,40.044619,140.082621,秋田県,JR奥羽本線(新庄～青森)
761de4fe-1ff7-4d08-8d25-8b240c7391ca,森岳,40.103164,140.070886,秋田県,JR奥羽本線(新庄～青森)
462f262f-ca94-4d94-8585-6050dd66a30e,北金岡,40.141895,140.063565,秋田県,JR奥羽本線(新庄～青森)
a15dcb0c-86b3-4c1e-9b50-d8d20485b4ca,東能代,40.191579,140.065746,秋田県,JR奥羽本線(新庄～青森)
4eb3529c-6906-40b3-8662-89d3268d84fa,鶴形,40.203879,140.118507,秋田県,JR奥羽本線(新庄～青森)
971a5372-12d1-454b-b5b5-efb2d31a0dfc,富根,40.217956,140.172643,秋田県,JR奥羽本線(新庄～青森)
22badaae-1010-438d-8cd7-d2f2922d3b21,二ツ井,40.212506,140.235729,秋田県,JR奥羽本線(新庄～青森)
9fe21b75-f6dd-4372-b154-8baa569e5900,前山,40.214785,140.312378,秋田県,JR奥羽本線(新庄～青森)
412ff646-16c1-4218-bb18-46b05bcd9b5d,鷹ノ巣,40.232059,140.369816,秋田県,JR奥羽本線(新庄～青森)
15057752-7482-4e45-abe6-146169b0c7e6,糠沢,40.251094,140.397827,秋田県,JR奥羽本線(新庄～青森)
6010f831-fa8b-4d28-b524-24f13ca38940,早口,40.271315,140.447572,秋田県,JR奥羽本線(新庄～青森)
2ac0fb05-dbea-4d8b-801d-02d1e049f42d,下川沿,40.276408,140.496625,秋田県,JR奥羽本線(新庄～青森)
4276ce80-c3c4-415f-afde-63d3d7fd0deb,大館,40.288122,140.555946,秋田県,JR奥羽本線(新庄～青森)
9c664a38-5426-4709-a479-cd076b26487f,白沢,40.338103,140.591657,秋田県,JR奥羽本線(新庄～青森)
6c7adac7-ac4f-4529-ab9a-be1cb14c20a8,陣場,40.398864,140.607523,秋田県,JR奥羽本線(新庄～青森)
f849b258-9947-4bdb-b243-2e3269e032c3,津軽湯の沢,40.441879,140.632055,青森県,JR奥羽本線(新庄～青森)
c79a3354-9112-421a-9899-012f5f21b4e2,碇ケ関,40.478988,140.622443,青森県,JR奥羽本線(新庄～青森)
ae94bebf-4d77-443a-a84e-0b9620c8799d,長峰,40.516072,140.603069,青森県,JR奥羽本線(新庄～青森)
af207f39-faaf-44de-af7d-978d848e856f,大鰐温泉,40.52154,140.566914,青森県,JR奥羽本線(新庄～青森)
3e1c9ec7-dbe7-4ac6-86fc-e00a8b46568e,石川,40.556021,140.530951,青森県,JR奥羽本線(新庄～青森)
762f64ec-ba1a-4f08-9979-ac5820347bc9,弘前,40.599723,140.485016,青森県,JR奥羽本線(新庄～青森)
0f2b1970-9ad6-49c3-9fc9-0fcd8ca98ccb,撫牛子,40.621298,140.497616,青森県,JR奥羽本線(新庄～青森)
57dda5a7-90f7-4896-945a-0f50f615d4d1,川部,40.646862,140.521376,青森県,JR奥羽本線(新庄～青森)
dab99008-5d8d-4835-9c72-0e0745539d40,北常盤,40.67053,140.54359,青森県,JR奥羽本線(新庄～青森)
3fd6db42-1ff8-4007-a65d-5be310c6d938,浪岡,40.71021,140.580664,青森県,JR奥羽本線(新庄～青森)
06e7aebf-a2a4-410c-9021-73113dcb96e4,大釈迦,40.756736,140.587776,青森県,JR奥羽本線(新庄～青森)
b9ddf395-9f8a-4964-94e1-62949720947d,鶴ケ坂,40.791228,140.634878,青森県,JR奥羽本線(新庄～青森)
a4846528-6a74-40fe-b7e3-65468605144a,津軽新城,40.828022,140.672025,青森県,JR奥羽本線(新庄～青森)
e300ecd0-4f3f-45ee-bd01-beac7eee7fc0,新青森,40.82749,140.693449,青森県,JR奥羽本線(新庄～青森)
0ce0a1ea-bd76-4b52-b6dc-db2a5c81aa04,青森,40.828668,140.734738,青森県,JR奥羽本線(新庄～青森)
6553b9aa-e3f4-4e90-85b2-2d37bccd6e1e,野辺地,40.855142,141.119603,青森県,はまなすベイライン大湊線
45583748-2ce5-4bd5-b044-f129a297d0f9,北野辺地,40.871077,141.134115,青森県,はまなすベイライン大湊線
133de310-bb7e-4484-937f-749b90e51bb8,有戸,40.913949,141.189264,青森県,はまなすベイライン大湊線
800099d2-5a42-4da6-ae28-0fb6180a2d1c,吹越,41.022038,141.246552,青森県,はまなすベイライン大湊線
d950cfee-df13-4611-ac4e-18b428674a92,陸奥横浜,41.086544,141.249757,青森県,はまなすベイライン大湊線
234ff643-65fe-46d7-893e-23709448fa7d,有畑,41.131818,141.276421,青森県,はまなすベイライン大湊線
270d66f3-d2e2-467d-965d-1a9ea7b63325,近川,41.191687,141.279021,青森県,はまなすベイライン大湊線
e8acaf15-0230-47ad-9f16-55af59c4d66a,金谷沢,41.228854,141.248432,青森県,はまなすベイライン大湊線
a54ba3e2-bcaf-4d1a-9d78-a1d12be19d7a,赤川,41.267829,141.209339,青森県,はまなすベイライン大湊線
73d1fe69-c6fc-4f94-8891-3a551400a581,下北,41.28288,141.18989,青森県,はまなすベイライン大湊線
a611c177-57ac-46b5-b13e-7b52bb86de82,大湊,41.280344,141.161772,青森県,はまなすベイライン大湊線
9fa9a4d6-5d3a-4505-983d-21b510c4496c,東能代,40.191579,140.065746,秋田県,JR五能線
9c5f66d2-6cc3-42b0-975e-864485f675f1,能代,40.206577,140.033084,秋田県,JR五能線
edfbd4be-780c-4240-8210-67864050358f,向能代,40.225669,140.039111,秋田県,JR五能線
41831fc9-9cad-405b-b164-bc35474c8d5f,北能代,40.254138,140.033835,秋田県,JR五能線
1ee2a5c5-8ed9-4f49-a128-777a93942df1,鳥形,40.271433,140.036931,秋田県,JR五能線
b4a8cbeb-e95f-4c67-bea1-d11d4411661e,沢目,40.295929,140.037824,秋田県,JR五能線
71621021-53ce-4b6b-a1a4-5b8084626237,東八森,40.332086,140.032462,秋田県,JR五能線
e278c97d-4289-4de8-903e-4d169fd0f1e8,八森,40.37135,140.017882,秋田県,JR五能線
92dc0887-310f-4912-bef9-01d3c38e49a9,滝ノ間,40.379967,140.00221,秋田県,JR五能線
3c3d6997-cd35-4032-8e54-90996d9330a1,あきた白神,40.386583,139.987793,秋田県,JR五能線
d3051d0a-8ec3-46fc-b67d-bfe6891f799a,岩館,40.406241,139.966258,秋田県,JR五能線
be4cf6bc-c833-41a5-9a87-b6017d47bf63,大間越,40.492407,139.950062,青森県,JR五能線
6ec26932-b748-4f87-a857-60af749432a3,白神岳登山口,40.513551,139.950318,青森県,JR五能線
25a2d759-02e6-46cd-afc6-cb774273cace,松神,40.534902,139.946556,青森県,JR五能線
2badc347-5d93-4f51-bb58-e562d6fe3ee2,十二湖,40.551539,139.941986,青森県,JR五能線
2225bd22-383c-41ca-ba43-c519d091d2bf,陸奥岩崎,40.583333,139.924183,青森県,JR五能線
6cd3538e-8e0c-4919-9c3f-a3b1c6f702ed,陸奥沢辺,40.586175,139.894991,青森県,JR五能線
12b5c763-93ff-4bb0-bebf-662bc146eadd,ウェスパ椿山,40.592913,139.871157,青森県,JR五能線
bf1e0cc9-7ea0-4ec8-a1bd-e62d961dac97,艫作,40.608534,139.864856,青森県,JR五能線
4766f96f-5288-4bb1-a6fe-6bade0f126e0,横磯,40.629891,139.89091,青森県,JR五能線
8ade548e-ea5d-4349-8610-3b26b5f11c26,深浦,40.650239,139.929372,青森県,JR五能線
2d3a773f-1c32-40a1-8676-e3c382a54ccf,広戸,40.67434,139.955586,青森県,JR五能線
1f929d84-5153-4dd0-bbe6-b568fbf52f68,追良瀬,40.686114,139.970298,青森県,JR五能線
9a0e096c-6da5-4b63-b257-2a330904bb6f,驫木,40.707218,139.982954,青森県,JR五能線
14d85d9d-282c-42da-99d6-ab0a1e668cc5,風合瀬,40.731826,139.99432,青森県,JR五能線
50012015-0d43-4406-82f6-2bec3637581b,大戸瀬,40.759325,140.033596,青森県,JR五能線
ac8c0dd9-03b0-4e70-9bc3-d97444d33e4d,千畳敷,40.767769,140.054832,青森県,JR五能線
b359dc01-96d5-4bba-8ecb-2575813a23ba,北金ケ沢,40.745995,140.095052,青森県,JR五能線
50affda2-1460-450a-9732-16a2aadd6e62,陸奥柳田,40.740616,140.123243,青森県,JR五能線
65e36b56-b52c-40e1-abd8-39bb05329120,陸奥赤石,40.76156,140.162057,青森県,JR五能線
33b9f3f8-14f2-4056-ace0-9cf237e89de1,鰺ケ沢,40.775255,140.220589,青森県,JR五能線
7640000e-f16b-402e-b9d6-473dcff6d22c,鳴沢,40.782189,140.267617,青森県,JR五能線
6f7ec8e1-2a57-4843-ac3c-ca510e147845,越水,40.787258,140.298628,青森県,JR五能線
27909de6-8a8d-40d7-ab94-e7c97b1ae87d,陸奥森田,40.781738,140.339033,青森県,JR五能線
c2d0ffb1-46ec-4648-b897-b7c220f4aea6,中田,40.787424,140.364505,青森県,JR五能線
e29810e7-5860-442d-9309-dd7488b1a76b,木造,40.802482,140.387775,青森県,JR五能線
3c8f8a68-e3e8-43a3-90ed-a109a04f8df1,五所川原,40.809124,140.44776,青森県,JR五能線
5c7c2ba4-bdf8-471d-a3dd-4a826025dbca,陸奥鶴田,40.757544,140.435276,青森県,JR五能線
2eeada2a-c705-4f91-8fea-a7b75a1161f0,鶴泊,40.736026,140.437616,青森県,JR五能線
d4704abc-3447-442f-8a27-5b5d94870bde,板柳,40.69726,140.461785,青森県,JR五能線
abd54ebb-26ba-40e8-8a8b-746fbf2e95f1,林崎,40.675355,140.480401,青森県,JR五能線
65609b1a-af2a-4275-9f02-6346bb217ab6,藤崎,40.654047,140.499531,青森県,JR五能線
980fc838-9c56-4ac5-b76a-83adbfd1a38e,川部,40.646862,140.521376,青森県,JR五能線
f1d40451-0f5f-41ea-8ea0-3f719659878a,青森,40.828668,140.734738,青森県,JR津軽線
6eb5253e-adb5-40f5-a369-ad0f58739928,油川,40.857035,140.690476,青森県,JR津軽線
ee4f1df1-5c56-4408-8f3f-313506598b8c,津軽宮田,40.887184,140.674579,青森県,JR津軽線
1cff0f0c-b56b-4902-9215-c17ebdf54e48,奥内,40.903044,140.672382,青森県,JR津軽線
963f3fab-2bb5-4c52-9cce-603545d5c55a,左堰,40.917214,140.665929,青森県,JR津軽線
ce11c183-fc1d-4f7e-a51c-c5f1d32526bd,後潟,40.931519,140.662734,青森県,JR津軽線
680d9373-827d-4c75-b805-c5456ff56b55,中沢,40.949044,140.656244,青森県,JR津軽線
88ad91c3-91cf-414a-bd88-4f9de7a3e5a5,蓬田,40.969042,140.654533,青森県,JR津軽線
7849673a-d20c-41d9-ab73-6096210bfc9a,郷沢,40.987682,140.652399,青森県,JR津軽線
46327734-0a42-4c7f-b423-65ab2e8967e9,瀬辺地,41.007869,140.648179,青森県,JR津軽線
4ac6c933-faca-47f2-81ea-dbdb6891c13a,蟹田,41.038274,140.642565,青森県,JR津軽線
34d4a0e6-b855-4a89-8fac-df65ad83c9c2,中小国,41.051702,140.596798,青森県,JR津軽線
d6d6c84d-c43f-45ee-b796-3e42688f1fc2,大平,41.065866,140.559375,青森県,JR津軽線
2642c62f-1d65-43e0-894f-fb243eb64dc3,津軽二股,41.145937,140.514231,青森県,JR津軽線
fedd927b-a232-4ff1-9473-6788e3a2d3b6,大川平,41.163204,140.507592,青森県,JR津軽線
3a1d043d-b0af-4e3b-9ded-4a981c90cd91,今別,41.179741,140.490448,青森県,JR津軽線
cf280fb4-3bf7-4d39-aa70-01d0d11c5c31,津軽浜名,41.180521,140.47185,青森県,JR津軽線
416cda36-156c-4c7d-94c7-2cbb20eba561,三厩,41.185404,140.444482,青森県,JR津軽線
2c8f6752-b7b4-4340-b438-e2d960698464,八戸,40.5092,141.431499,青森県,JR八戸線
5e5cd85f-c3ef-4b10-a7cf-3057033aef72,長苗代,40.52146,141.465907,青森県,JR八戸線
eb19f1d3-13e3-4f6c-923d-2a7a19db3e67,本八戸,40.516286,141.488762,青森県,JR八戸線
7bd4e0e3-0130-4e60-a6c3-18586b5b85bc,小中野,40.518767,141.510032,青森県,JR八戸線
6098c71d-26ec-412f-bda9-d9993f0ae674,陸奥湊,40.52335,141.527652,青森県,JR八戸線
055e6e5c-b539-4cd8-b81f-9112bc11c3da,白銀,40.522031,141.541648,青森県,JR八戸線
ca32e853-6cb1-496c-a46b-caeb7fa82431,鮫,40.530244,141.554891,青森県,JR八戸線
16aba66a-bd52-40bd-89c0-81b3d4d6254d,プレイピア白浜,40.524448,141.581528,青森県,JR八戸線
65ea3484-bb97-4fd0-bc3a-bf832284e94f,陸奥白浜,40.516636,141.592299,青森県,JR八戸線
8628b664-8804-4137-b778-c27f333520e4,種差海岸,40.506951,141.607367,青森県,JR八戸線
789f62c9-6ec8-44fc-9e32-c18943945bf6,大久喜,40.495135,141.622958,青森県,JR八戸線
c4a3e27d-0993-4dd9-83ff-e52d3d10f843,金浜,40.475994,141.637366,青森県,JR八戸線
bc303ac5-fcbb-4c9b-9f2e-4525752996c3,大蛇,40.467251,141.650773,青森県,JR八戸線
a1065b5d-bcd5-48c5-a9ec-5514930b6f6b,階上,40.456834,141.664958,青森県,JR八戸線
c27d4124-270f-4823-b07a-0a0b37dd2d8f,角の浜,40.444478,141.681773,岩手県,JR八戸線
f7d3a0b8-fcbc-4dc0-8a66-34635d35bf3f,平内,40.42552,141.699272,岩手県,JR八戸線
45a68894-b252-4ba5-986e-00052170e66f,種市,40.410384,141.715232,岩手県,JR八戸線
7c762f7e-9342-4565-839a-42cf5661d39e,玉川,40.380424,141.735117,岩手県,JR八戸線
3146f5b8-22fc-45c9-9459-f9497509d6dc,宿戸,40.366129,141.746683,岩手県,JR八戸線
bf2a8d1c-69ee-4c56-9f4c-e6c5e4e16346,陸中八木,40.345485,141.766517,岩手県,JR八戸線
dad0b8a9-00ea-416b-9ce2-e81eb7ff13db,有家,40.324007,141.773031,岩手県,JR八戸線
107222b3-037f-4ada-b291-7e3219b25cf3,陸中中野,40.305165,141.787768,岩手県,JR八戸線
1032769d-d129-4f40-8792-c7d462a82e95,侍浜,40.261375,141.760575,岩手県,JR八戸線
4344eb45-70d6-4505-8c9b-e6e6eb8e649e,陸中夏井,40.207747,141.791906,岩手県,JR八戸線
4a77119e-1415-421c-9150-fb8f6358a6ee,久慈,40.190391,141.770891,岩手県,JR八戸線
b55a9fd8-a080-416e-9fd2-16675b7ee1a3,茂市,39.620619,141.799288,岩手県,JR岩泉線
eff31fa8-5aff-4cb0-b638-3cb8c2e856b4,岩手刈屋,39.642688,141.759296,岩手県,JR岩泉線
2e264c10-55ae-4ea1-8e92-1b1d78d4ce09,中里,39.661836,141.736067,岩手県,JR岩泉線
23e54788-1da0-4fa5-ba67-02704bb75e91,岩手和井内,39.679905,141.715705,岩手県,JR岩泉線
6ce49af3-8967-4b9d-b500-cfc8d7c42a04,押角,39.724029,141.693181,岩手県,JR岩泉線
cac633f5-496e-4350-bd7c-3e2b633a3b66,岩手大川,39.800208,141.671909,岩手県,JR岩泉線
d61a1523-473b-4c4c-9c92-3cddb7ae5d81,浅内,39.819482,141.727016,岩手県,JR岩泉線
960938a3-caeb-48bd-b9d7-59864af2e282,二升石,39.836739,141.745741,岩手県,JR岩泉線
59e5d4d7-2f57-45ff-89f7-5d881f0e0b97,岩泉,39.845044,141.786446,岩手県,JR岩泉線
7f5f0fae-c0c9-4543-87cd-b1ed856905ec,一ノ関,38.926514,141.138177,岩手県,ドラゴンレール大船渡線
5278e98b-8b80-4f31-b263-3febee8004a7,真滝,38.908239,141.17793,岩手県,ドラゴンレール大船渡線
46f7c092-05cc-4464-a3fc-7ebfbcc5ee19,陸中門崎,38.916908,141.251226,岩手県,ドラゴンレール大船渡線
c48804e2-aee8-4e04-b47a-2c3a18fc7ac2,岩ノ下,38.947699,141.245342,岩手県,ドラゴンレール大船渡線
d95b47de-2bbc-437f-8a2e-346d1e2b133c,陸中松川,38.977237,141.238046,岩手県,ドラゴンレール大船渡線
3205dd8b-15d1-48da-8112-3ff86df9a7eb,猊鼻渓,38.988939,141.25327,岩手県,ドラゴンレール大船渡線
11e35091-009b-47e2-8d37-aade2e5150ad,柴宿,38.996719,141.272312,岩手県,ドラゴンレール大船渡線
a27dde73-e66b-4a1e-9c5e-4efea2ef1068,摺沢,38.99593,141.32146,岩手県,ドラゴンレール大船渡線
6794e286-f99c-42ed-8ad1-ec39c3f13979,千厩,38.924873,141.34563,岩手県,ドラゴンレール大船渡線
523c4f42-0430-4606-8faf-d41b609b4fb2,小梨,38.932493,141.38418,岩手県,ドラゴンレール大船渡線
6acbe156-1600-4d12-bd5c-71909b42b053,矢越,38.935224,141.429029,岩手県,ドラゴンレール大船渡線
78921007-3f38-4499-a2be-d4afb09ecd56,折壁,38.939428,141.452346,岩手県,ドラゴンレール大船渡線
af8b281d-b3c8-4727-a322-b1d85c6734cf,新月,38.915598,141.488796,岩手県,ドラゴンレール大船渡線
30b2e78a-bfad-4487-bf16-55e4df36a7b8,気仙沼,38.910031,141.558893,宮城県,ドラゴンレール大船渡線
7637c678-eabb-4225-bd35-8decfd7deb13,鹿折唐桑,38.915555,141.579457,宮城県,ドラゴンレール大船渡線
46984741-6393-457a-ba9a-ca266672fe06,上鹿折,38.960661,141.568232,宮城県,ドラゴンレール大船渡線
2c4b3ac0-7b61-4c89-bc66-201823bad044,陸前矢作,39.022554,141.579357,岩手県,ドラゴンレール大船渡線
fa6f8b83-d9a8-4f57-a978-1c6a47451c63,竹駒,39.033651,141.609729,岩手県,ドラゴンレール大船渡線
ac3f8e42-d371-43a2-8605-b3eeb24f02f5,陸前高田,39.013021,141.625332,岩手県,ドラゴンレール大船渡線
7d176d08-3885-4d4c-9f90-a08900271562,脇ノ沢,39.006584,141.657359,岩手県,ドラゴンレール大船渡線
a3aa4e4a-b004-4ff7-a3c0-2d52805285a7,小友,38.989242,141.699573,岩手県,ドラゴンレール大船渡線
879c0542-473e-4c11-90d6-299689213d2e,細浦,39.015973,141.713642,岩手県,ドラゴンレール大船渡線
6d0bdf93-e7d1-4c7e-8ccc-a1ff5a0748bc,下船渡,39.038362,141.721222,岩手県,ドラゴンレール大船渡線
0a847881-c868-4e3a-906b-6d45a0a368bd,大船渡,39.063529,141.720807,岩手県,ドラゴンレール大船渡線
dc31d269-9375-4185-8975-e068150c624d,盛,39.086372,141.710734,岩手県,ドラゴンレール大船渡線
6806996a-f6c4-40c3-87e4-e1b65d1ec461,花巻,39.393182,141.110458,岩手県,銀河ドリームライン釜石線
60ede0d2-fe2b-420a-8151-9f1503a29add,似内,39.406819,141.140889,岩手県,銀河ドリームライン釜石線
e032b100-f3aa-4a65-a177-6b7c947a4658,新花巻,39.405839,141.17302,岩手県,銀河ドリームライン釜石線
fab36816-4a5b-4c6d-b14c-80e73f256bfd,小山田,39.4086,141.193999,岩手県,銀河ドリームライン釜石線
e3310fe3-b21e-403b-9f23-e64cfa8c64b6,土沢,39.383381,141.232488,岩手県,銀河ドリームライン釜石線
db091139-2160-4b72-affc-aabd78d2de4c,晴山,39.366617,141.257892,岩手県,銀河ドリームライン釜石線
c220ea65-c0bf-473f-838b-735f105c959d,岩根橋,39.355264,141.318795,岩手県,銀河ドリームライン釜石線
ec35aefe-2f46-4f88-9b85-79cc444fbf08,宮守,39.351066,141.350271,岩手県,銀河ドリームライン釜石線
721fd272-5331-43f2-81f2-a0e5dba04376,柏木平,39.30606,141.379862,岩手県,銀河ドリームライン釜石線
29a40c4c-4b32-4473-96a5-72a7d93d6ae6,鱒沢,39.300158,141.399252,岩手県,銀河ドリームライン釜石線
1c76b75a-0ee6-493d-b746-8fad38ce7d42,荒谷前,39.309928,141.428507,岩手県,銀河ドリームライン釜石線
4fd1a35c-1e5b-4e5e-9ab4-f04906b9fb80,岩手二日町,39.323441,141.45606,岩手県,銀河ドリームライン釜石線
07df1767-099a-4572-80f3-de6a17b3aedb,綾織,39.328422,141.476845,岩手県,銀河ドリームライン釜石線
e6cf509e-d619-44fd-b36a-3aec203ff06a,遠野,39.332529,141.53072,岩手県,銀河ドリームライン釜石線
353744bc-77ea-4b72-a918-4dee207985e5,青笹,39.311482,141.568957,岩手県,銀河ドリームライン釜石線
c7a12a2e-49f8-4f86-89ee-a634f6d62cc4,岩手上郷,39.284658,141.585834,岩手県,銀河ドリームライン釜石線
af3e7bfa-4040-46a3-8cc0-0b9160a19e8e,平倉,39.264682,141.595661,岩手県,銀河ドリームライン釜石線
0a8e904a-6022-4a26-97a2-8f5f6379a484,足ケ瀬,39.254766,141.645807,岩手県,銀河ドリームライン釜石線
74617be8-4321-48e3-b84f-de2af8628662,上有住,39.242013,141.681522,岩手県,銀河ドリームライン釜石線
64fb7ccb-fef8-4310-96af-6897dec2ef7a,陸中大橋,39.280451,141.718436,岩手県,銀河ドリームライン釜石線
9b6b1156-1bc3-42ab-828b-7f6a0b7c6db9,洞泉,39.250671,141.760388,岩手県,銀河ドリームライン釜石線
dae1f9e2-cc6a-4fe3-9295-472b12e03e0c,松倉,39.256458,141.801484,岩手県,銀河ドリームライン釜石線
384a11be-a686-4738-ae4e-9f74cc3a48b9,小佐野,39.264464,141.836515,岩手県,銀河ドリームライン釜石線
a1196ed4-a7f0-4708-81a2-b2909c56f6ce,釜石,39.273321,141.87267,岩手県,銀河ドリームライン釜石線
6562b028-29bf-4944-9229-0e090cdc63ad,北上,39.281196,141.121221,岩手県,JR北上線
5c9b8300-6175-4567-a634-3da168003f6b,柳原,39.294597,141.111671,岩手県,JR北上線
66cadcdf-af11-4c42-a11e-f8dc94e70e14,江釣子,39.298349,141.075749,岩手県,JR北上線
9cab50eb-0724-45c2-a401-9428d36986d2,藤根,39.301064,141.039571,岩手県,JR北上線
c2a8d96a-37b5-4644-b449-693e06a9bfde,立川目,39.307876,140.997144,岩手県,JR北上線
12059576-7429-480e-80a5-201c74a508c5,横川目,39.309255,140.972143,岩手県,JR北上線
4343eeaf-038d-431f-92f5-d2d60a0ee8f8,岩沢,39.301016,140.931616,岩手県,JR北上線
2efb4ba1-3431-4349-827f-faa0636ab8f3,和賀仙人,39.308523,140.909485,岩手県,JR北上線
23cf649c-cc49-4288-8d94-3208f9ddaada,ゆだ錦秋湖,39.295513,140.835343,岩手県,JR北上線
e123dea2-7f74-43cc-b5d0-2679e9c2b795,ほっとゆだ,39.314493,140.775647,岩手県,JR北上線
06983ac2-0f48-4e6b-a29d-41685c63412d,ゆだ高原,39.301074,140.737205,岩手県,JR北上線
3078d555-368e-44dd-add4-b5b1f8577f3e,黒沢,39.276243,140.699619,秋田県,JR北上線
86288120-4db5-4f61-9244-a3ca856e9d40,小松川,39.293403,140.646094,秋田県,JR北上線
50a4f791-eaae-4554-ab7f-840bc0e6c3a6,平石,39.291678,140.628457,秋田県,JR北上線
fb3f4357-a3a3-4e9d-8232-11f218bf891c,相野々,39.27805,140.619067,秋田県,JR北上線
2ff3cc88-8439-4c30-b0a5-87328ffa2b29,矢美津,39.291283,140.592099,秋田県,JR北上線
354cf58f-af66-4fb3-8df5-2d8ceac6dc08,横手,39.310146,140.5604,秋田県,JR北上線
1b1ac4a8-d58f-4faf-8f31-3957045da844,盛岡,39.701547,141.136599,岩手県,JR田沢湖線
190843aa-7e9c-48cc-b494-42e6e119d9e0,大釜,39.711586,141.072202,岩手県,JR田沢湖線
66c3bf5f-1c71-43f5-ab1b-0d2860648790,小岩井,39.709731,141.02465,岩手県,JR田沢湖線
b9c88eb1-3d9b-4ecc-a51f-80c7171c1940,雫石,39.689244,140.974762,岩手県,JR田沢湖線
f0449493-b72b-4da1-884e-2c2af4628816,春木場,39.693396,140.943954,岩手県,JR田沢湖線
545796c4-094e-4130-9931-9cc9fbaa3bb1,赤渕,39.685112,140.907222,岩手県,JR田沢湖線
5c58626e-703a-4034-8f4c-6d777dc4a164,田沢湖,39.700363,140.722139,秋田県,JR田沢湖線
c136c8dd-e828-41c8-8e05-70feb1704564,刺巻,39.668563,140.69196,秋田県,JR田沢湖線
546dd853-7840-457c-b72a-d96e179b3c9b,神代,39.622667,140.627358,秋田県,JR田沢湖線
174c9c02-2399-43ff-81b4-0133e31932e6,生田,39.612065,140.601203,秋田県,JR田沢湖線
093ab254-f8cd-494f-88c3-74e8e7d8ecc8,角館,39.591716,140.570988,秋田県,JR田沢湖線
4f9d4082-0c6e-41e1-8519-0cc7a7bc5a5b,鶯野,39.568536,140.557901,秋田県,JR田沢湖線
6f470cc2-8069-4da9-ba3d-2bc7a9f26e89,羽後長野,39.546003,140.540448,秋田県,JR田沢湖線
92942c1e-d4c7-4034-b076-ef275c04e58b,鑓見内,39.519323,140.527744,秋田県,JR田沢湖線
0258cf19-7c44-44e5-a589-3313eae98152,羽後四ツ屋,39.501511,140.511886,秋田県,JR田沢湖線
6773bc41-714e-401a-a89f-0a0faf167747,北大曲,39.48944,140.497966,秋田県,JR田沢湖線
1921ccf6-c3f9-411e-a840-2e22740065ff,大曲,39.465712,140.479628,秋田県,JR田沢湖線
6cd3cdd9-391e-4f06-9dc7-3beb2ed912a7,好摩,39.874037,141.173685,岩手県,十和田八幡平四季彩ライン
75ccc43f-b409-489a-9dca-3cd1e4e55bd2,東大更,39.902621,141.142537,岩手県,十和田八幡平四季彩ライン
75ef7119-0035-46a0-a5d7-d9a7625fa5c5,大更,39.913746,141.100808,岩手県,十和田八幡平四季彩ライン
9afb031f-5f26-47b8-ba34-51f42d717be9,平館,39.950886,141.08531,岩手県,十和田八幡平四季彩ライン
0fbee502-d74a-4384-8ef0-39606620e2f9,北森,39.959201,141.066481,岩手県,十和田八幡平四季彩ライン
2dd7aa68-1472-4f1f-b2f8-af5a7f02dce8,松尾八幡平,39.969241,141.043903,岩手県,十和田八幡平四季彩ライン
9dbfd0af-cb0a-42b9-ae30-e936f09fe8b8,安比高原,40.012587,140.997239,岩手県,十和田八幡平四季彩ライン
8f13ad84-494b-4abb-970f-c24a0cdce756,赤坂田,40.048464,141.00394,岩手県,十和田八幡平四季彩ライン
49582d89-b1d7-4930-a649-296136564058,小屋の畑,40.076539,141.020673,岩手県,十和田八幡平四季彩ライン
0e905547-1283-4fd9-9212-98e0cc3a3621,荒屋新町,40.097682,141.049196,岩手県,十和田八幡平四季彩ライン
068a0b6d-e7b9-4373-841a-09715e440c0e,横間,40.107475,141.027151,岩手県,十和田八幡平四季彩ライン
80202198-dbfb-4301-b79d-aebeb8bcf021,田山,40.139674,140.944126,岩手県,十和田八幡平四季彩ライン
8bde4d14-3cba-4d40-80e5-e637c3ec87d0,兄畑,40.115869,140.88302,岩手県,十和田八幡平四季彩ライン
2fa07422-b83f-451b-aa4b-ac815e94569e,湯瀬温泉,40.122384,140.840292,秋田県,十和田八幡平四季彩ライン
72ec1b43-672f-4c4a-a032-e44b117d4374,八幡平,40.142881,140.804496,秋田県,十和田八幡平四季彩ライン
bfbaa719-ef6f-4bc8-a371-0408d938ae3f,陸中大里,40.158574,140.793477,秋田県,十和田八幡平四季彩ライン
3859a75c-d87a-41b5-ab00-fe8455c3359a,鹿角花輪,40.188453,140.785088,秋田県,十和田八幡平四季彩ライン
69528209-0ab1-4859-8dc5-f041b943033a,柴平,40.230751,140.787941,秋田県,十和田八幡平四季彩ライン
447f5fc4-17b6-4950-bbbe-279978ff3adc,十和田南,40.256069,140.770716,秋田県,十和田八幡平四季彩ライン
edfc8abc-a2d0-43c1-8ef3-fdc59c83d107,末広,40.229788,140.737251,秋田県,十和田八幡平四季彩ライン
26edffcc-aaf8-4007-9e01-ce169c0e83e1,土深井,40.222452,140.713142,秋田県,十和田八幡平四季彩ライン
aa337385-ffd5-483a-a900-ab62197910e6,沢尻,40.230342,140.693288,秋田県,十和田八幡平四季彩ライン
3d53b066-ef99-48e6-8e64-27765a2c831b,十二所,40.21429,140.668211,秋田県,十和田八幡平四季彩ライン
0293ef9e-f229-4d71-8082-aaf8b2bdf09c,大滝温泉,40.209751,140.639625,秋田県,十和田八幡平四季彩ライン
26800a51-0440-4d33-854f-ba86d6ac4b76,扇田,40.229235,140.572472,秋田県,十和田八幡平四季彩ライン
ea509425-32df-411c-9917-ff3397b1a1d1,東大館,40.266005,140.554745,秋田県,十和田八幡平四季彩ライン
01d6eac3-30ec-4607-884b-8af992a71fa9,大館,40.288122,140.555946,秋田県,十和田八幡平四季彩ライン
6b50a3fc-8164-45ec-a413-b3304036ddf3,盛岡,39.701547,141.136599,岩手県,JR山田線
c3170351-85a6-462b-996f-618cd7638981,上盛岡,39.71146,141.147937,岩手県,JR山田線
85745707-042a-4e14-ab87-a3c6a05fc97a,山岸,39.71596,141.171401,岩手県,JR山田線
70e35512-6682-4865-9ab0-1985530e9edb,上米内,39.743855,141.203825,岩手県,JR山田線
95bdf9bf-fec2-484b-8c30-2468a3bb2f2c,大志田,39.741806,141.280843,岩手県,JR山田線
1a1d357e-3551-470d-a860-4a380d23d9c7,浅岸,39.711208,141.339147,岩手県,JR山田線
bd7f50bb-a124-412a-859f-f8212a6d1f7a,区界,39.65177,141.351352,岩手県,JR山田線
7a8c0539-3b31-4189-ab55-fcc11a332fe6,松草,39.635918,141.437421,岩手県,JR山田線
4d9c775f-e08c-420a-afb6-c183fb43f6bc,平津戸,39.623408,141.511222,岩手県,JR山田線
aceee8ad-9272-4b63-86e9-28ff3570cf92,川内,39.640744,141.597548,岩手県,JR山田線
db24a380-9c42-4ea1-b8ac-96e198f21326,箱石,39.617115,141.625829,岩手県,JR山田線
05cd59fd-4d6d-446b-90ba-cf8ae51b4cc3,陸中川井,39.597397,141.68153,岩手県,JR山田線
aeca17e4-fa32-4a5e-b088-499fee76a304,腹帯,39.604539,141.767434,岩手県,JR山田線
f3ad5bc9-dfcf-4d23-8200-dc971ceae610,茂市,39.620619,141.799288,岩手県,JR山田線
84980b94-383b-4878-bb39-a0774ddc6189,蟇目,39.629341,141.838876,岩手県,JR山田線
989cf838-5bb8-4321-9766-ca7a03d83994,花原市,39.630233,141.861308,岩手県,JR山田線
0d4b13ce-5657-4b27-83fc-3d86936e051a,千徳,39.632251,141.9124,岩手県,JR山田線
f9eaf61b-5b33-45a7-9cfe-ea82496cd87c,宮古,39.640287,141.946454,岩手県,JR山田線
417fed15-dca7-4bb6-aee2-d48f1677ac27,磯鶏,39.629883,141.960984,岩手県,JR山田線
9e388257-90bb-43c1-8daa-2b0cc12ade03,津軽石,39.581507,141.937594,岩手県,JR山田線
246d8656-b122-4647-a47f-37dbe60001ff,豊間根,39.534274,141.924739,岩手県,JR山田線
880b49eb-17ef-4dc3-9086-5a617f99601c,陸中山田,39.463449,141.951533,岩手県,JR山田線
1dc96094-5399-41a4-9965-d893a9f6f3ab,織笠,39.447187,141.959497,岩手県,JR山田線
72b49f66-0d66-439c-a0fb-9848d7108c8f,岩手船越,39.431369,141.974033,岩手県,JR山田線
28a6ee1c-f3b2-417c-96cd-3e6dba4dbfad,浪板海岸,39.383537,141.935104,岩手県,JR山田線
27d5cab3-d68a-4ede-9bb9-945800ee843b,吉里吉里,39.36957,141.938648,岩手県,JR山田線
e34878b0-b2da-43d0-94fa-ad25495a9443,大槌,39.356734,141.902894,岩手県,JR山田線
37b26744-5f8e-47a4-ad22-08ebbc0f94f2,鵜住居,39.32694,141.887976,岩手県,JR山田線
902ed733-bca5-4cff-882d-14f9ee377205,両石,39.308062,141.889112,岩手県,JR山田線
7e748d96-febe-44f0-8e63-3a6c0220b9d2,釜石,39.273321,141.87267,岩手県,JR山田線
3db2a53d-0a53-4892-a723-b24afdc2046a,新津,37.800383,139.121445,新潟県,JR羽越本線
1f9eec04-6fb6-466d-8750-a462dbf8c58d,京ケ瀬,37.817616,139.178322,新潟県,JR羽越本線
ef6bc5fb-aef0-4c10-a9ca-4dbf0248a7fb,水原,37.836712,139.217237,新潟県,JR羽越本線
61d066a2-35f0-4a40-8eab-69847267774a,神山,37.862586,139.244691,新潟県,JR羽越本線
5b156db7-09b6-4fbc-a964-b223c7695126,月岡,37.889334,139.272488,新潟県,JR羽越本線
00de5cb4-fec2-4f66-8203-2107a701034c,中浦,37.912202,139.302689,新潟県,JR羽越本線
fd25f6ac-c261-4843-9cdb-03c4ec0f7094,新発田,37.94412,139.335189,新潟県,JR羽越本線
4d124cd5-99a7-4ffe-9bf0-8562d7766122,加治,37.976411,139.358535,新潟県,JR羽越本線
94654495-323d-4cd0-8c99-600b4a2fe2b8,金塚,38.020178,139.37949,新潟県,JR羽越本線
f2a1c72f-c66e-4dbe-b4a4-5b520184d0bb,中条,38.049342,139.397541,新潟県,JR羽越本線
cdaead78-6c60-43e7-8997-251e423864e0,平木田,38.094338,139.427835,新潟県,JR羽越本線
07270d9d-194f-411e-8154-91b4f1022e75,坂町,38.119277,139.445838,新潟県,JR羽越本線
f14e8fd0-3ce6-4e46-b4a0-eca7e0013a2f,平林,38.150027,139.459045,新潟県,JR羽越本線
17cfd28d-298d-40b2-917c-8847f9df401b,岩船町,38.183564,139.459643,新潟県,JR羽越本線
f82f3567-8289-44e2-a494-dd752de9e029,村上,38.219851,139.463306,新潟県,JR羽越本線
fab3bffa-ee9a-40cf-82a6-37d2d0332666,間島,38.273078,139.450229,新潟県,JR羽越本線
d091e49f-0b8b-4e06-911d-3ebe54fba1fe,越後早川,38.316185,139.449887,新潟県,JR羽越本線
7c39a91f-9790-4a30-9839-43a65400d041,桑川,38.375162,139.458838,新潟県,JR羽越本線
ff2f99fb-4ce9-425a-a19c-067d0adff1ac,今川,38.410081,139.468389,新潟県,JR羽越本線
1cff2165-ab96-45e0-b097-3f27f10f5839,越後寒川,38.448689,139.489948,新潟県,JR羽越本線
ecaaeee7-0664-42cf-ad3c-01f9d2d2c5c5,勝木,38.490315,139.517468,新潟県,JR羽越本線
59771cb7-425c-4daf-bef3-ac834f979b48,府屋,38.513324,139.530452,新潟県,JR羽越本線
15db5454-1ad6-4a29-aa52-7cfcb1e2fd4c,鼠ケ関,38.555433,139.548827,山形県,JR羽越本線
84c1324f-ae39-4a64-bb12-59318bfdb9b8,小岩川,38.590399,139.56583,山形県,JR羽越本線
a4344cf5-c969-4bd2-83da-fc72845dbfcb,あつみ温泉,38.624217,139.587955,山形県,JR羽越本線
83e529bf-0fb5-4712-a92b-07cd83223a70,五十川,38.670658,139.616182,山形県,JR羽越本線
964d5d3e-b194-4ed0-baa4-a1ae25bb3cbc,小波渡,38.692484,139.649836,山形県,JR羽越本線
a25fa493-92a6-465e-a0b5-2617f6f2cd72,三瀬,38.699448,139.673643,山形県,JR羽越本線
1352623f-614d-4399-874b-d42798e187e9,羽前水沢,38.713444,139.731372,山形県,JR羽越本線
addee2c4-b9e2-4999-befe-098f2ebb40e4,羽前大山,38.742155,139.768194,山形県,JR羽越本線
78919ddf-9de1-48e6-8b72-bed361faab5d,鶴岡,38.74011,139.83538,山形県,JR羽越本線
a6ce1b73-e270-48cb-a655-20a9e19388e2,藤島,38.768646,139.894087,山形県,JR羽越本線
9cf76914-5d44-43b1-af08-44937d46bed6,西袋,38.811528,139.907754,山形県,JR羽越本線
6bf759d6-454e-4aed-bed0-b2457e119787,余目,38.844321,139.911348,山形県,JR羽越本線
0bfb8631-8a22-41a6-932a-ceb88dbee283,北余目,38.867538,139.908074,山形県,JR羽越本線
accdc28e-95af-47c8-a79c-55d09e1a1067,砂越,38.895195,139.907345,山形県,JR羽越本線
e3177370-b551-4f93-8fb7-155338801e2f,東酒田,38.907518,139.875495,山形県,JR羽越本線
32c63dd7-2a05-49dc-b93d-8d88015d5eec,酒田,38.922194,139.845987,山形県,JR羽越本線
fde5dd4e-3396-405f-8d6c-acb0e08665c4,本楯,38.968648,139.882081,山形県,JR羽越本線
45aace52-d9e4-4c16-97b6-07c327c97ad4,南鳥海,38.98736,139.898662,山形県,JR羽越本線
6688447e-52dc-46de-b4c9-1587240f3c4e,遊佐,39.015943,139.905161,山形県,JR羽越本線
bcb82356-0c6d-4906-b575-dccfc9de2d5e,吹浦,39.069934,139.878762,山形県,JR羽越本線
0ed1bbf3-aacb-4c40-9e64-3e85d16ed82e,女鹿,39.098807,139.880963,山形県,JR羽越本線
38c6cf47-d2a0-47ba-bdad-821eed05d152,小砂川,39.137507,139.885692,秋田県,JR羽越本線
08be3860-88c8-468e-9551-10fb151a0308,上浜,39.164738,139.902823,秋田県,JR羽越本線
4e53fe60-1a2c-464f-9722-9a15f2f61fea,象潟,39.2078,139.902205,秋田県,JR羽越本線
8c33ed70-18f3-47c0-b983-e45bdf93c293,金浦,39.256183,139.920662,秋田県,JR羽越本線
1614f399-f3f9-40a5-b840-446a3a14e8fb,仁賀保,39.28979,139.964596,秋田県,JR羽越本線
4cf9c0bb-20de-44f8-a66c-1c987f35fff9,西目,39.347536,140.018518,秋田県,JR羽越本線
14cc8cd9-b8ec-4e36-9e66-12e1ff0ed7f1,羽後本荘,39.386877,140.057632,秋田県,JR羽越本線
299c1fc4-91fa-401c-b67f-05fac5e7fab2,羽後岩谷,39.442075,140.0906,秋田県,JR羽越本線
d1d92f16-6609-48c6-a52d-610a44b95f53,折渡,39.476423,140.091097,秋田県,JR羽越本線
4519ee4d-a071-4416-a107-c6c547f0a700,羽後亀田,39.493884,140.063032,秋田県,JR羽越本線
7512f4a1-9a3a-419d-9274-f56e5788a7db,岩城みなと,39.545487,140.055122,秋田県,JR羽越本線
7d0e0c5e-e696-4291-9526-1c7c76391d14,道川,39.56054,140.057049,秋田県,JR羽越本線
fb1e0aaa-d147-4938-9229-6732a16ce386,下浜,39.619678,140.064567,秋田県,JR羽越本線
36836b2b-998e-4a27-8add-0f265d403b7b,桂根,39.647566,140.066482,秋田県,JR羽越本線
e96b97a5-aba0-48c0-9454-7e3852bc3222,新屋,39.677493,140.087799,秋田県,JR羽越本線
c1168aa7-ec3b-42f0-8a0c-99ed138ebe0e,羽後牛島,39.695834,140.116467,秋田県,JR羽越本線
31d57867-1b4c-430c-97bb-2a906034b690,秋田,39.716748,140.129931,秋田県,JR羽越本線
bc7601f2-c14c-4cff-945c-0222840bd523,追分,39.809925,140.05781,秋田県,JR男鹿線
28213eb4-8d54-413a-a997-103a270ad90c,出戸浜,39.844473,140.024374,秋田県,JR男鹿線
9aebec77-3772-4161-92ab-0458f9f04d61,上二田,39.869089,140.00409,秋田県,JR男鹿線
6da0e50f-b8dd-43de-8ee8-3de8517eb3b1,二田,39.88174,139.987171,秋田県,JR男鹿線
f77f3ebf-fdca-498f-9ed6-922c07985430,天王,39.898782,139.963609,秋田県,JR男鹿線
010d2256-9853-416c-a239-99101a69ad18,船越,39.90473,139.946804,秋田県,JR男鹿線
53f13815-ab9e-4f96-8b5b-36e03a54bd37,脇本,39.915172,139.902657,秋田県,JR男鹿線
497cf5f2-0d81-466e-b718-301279afc89c,羽立,39.904569,139.86205,秋田県,JR男鹿線
dcdc7b4c-1663-4380-9c33-7a5a52a35547,男鹿,39.884571,139.848647,秋田県,JR男鹿線
d5c70edc-9db9-41ad-b705-9edadd04e276,福島,37.754123,140.45968,福島県,山形線
6947504f-bfcf-47de-85a4-7bcff894ba5a,笹木野,37.765926,140.425985,福島県,山形線
4d0432f1-21ba-4893-b584-cd788e9772ec,庭坂,37.771537,140.389847,福島県,山形線
a6f0eb57-e929-4f66-91d6-22322f739006,赤岩,37.80567,140.335545,福島県,山形線
708d72a9-cbfd-4452-a241-2e592c3f104a,板谷,37.811627,140.268815,山形県,山形線
4c509969-7136-44fb-b64a-6d4bbf525e48,峠,37.811935,140.236041,山形県,山形線
54e904c1-cbdb-4b84-97c8-7428c3883b8c,大沢,37.839775,140.19801,山形県,山形線
82b76476-b36f-4e6a-91c4-a5b1c7769cad,関根,37.864592,140.146284,山形県,山形線
b8166693-2a73-4da4-9ae9-46f8c8af9376,米沢,37.909478,140.128209,山形県,山形線
e650b1f6-8725-4c5b-8e77-1b7295e267b8,置賜,37.954093,140.142496,山形県,山形線
688c6fa1-9ef2-4c18-afba-96be57195c15,高畠,37.992314,140.15281,山形県,山形線
cc4644c1-db5a-4044-8a47-95ed4a372089,赤湯,38.047081,140.148978,山形県,山形線
dc1a23e7-540a-43dd-951d-f26c5da55c69,中川,38.093349,140.203553,山形県,山形線
bec32826-d731-4379-8cef-36074cc26266,羽前中山,38.124158,140.218318,山形県,山形線
0e7ec6d8-6c75-4b48-922c-418b82f2c1fb,かみのやま温泉,38.152259,140.27867,山形県,山形線
9aa0d9e4-2509-43e0-8ccf-05040a2f399e,茂吉記念館前,38.171249,140.298167,山形県,山形線
c7cac662-c053-4a8b-9081-675c9502b86a,蔵王,38.20592,140.303299,山形県,山形線
45474db9-d7a5-4535-9746-1488ba1bc699,山形,38.248098,140.327253,山形県,山形線
4f3e9c2c-4ca6-4bb0-a449-7d6fd06815d4,北山形,38.265902,140.332658,山形県,山形線
accd0ca2-fb4e-4d0d-a10f-fa069aa97107,羽前千歳,38.287313,140.342168,山形県,山形線
8c88c7a1-d11d-4154-bc1f-cdf6a741532c,南出羽,38.302834,140.344692,山形県,山形線
8b3fce8a-9f4c-49a6-b877-5d96a5a168c8,漆山,38.314477,140.347661,山形県,山形線
60f4c117-656f-40d7-8225-6e1206ed1d69,高擶,38.330726,140.358832,山形県,山形線
8fb8526a-a5fc-4356-8445-7a72dd29f077,天童南,38.342489,140.365853,山形県,山形線
d68092b3-145d-4e40-8b23-1b0009a64200,天童,38.35989,140.369303,山形県,山形線
ab205f1b-ac2f-4df3-b87f-7c848bb152f7,乱川,38.386554,140.374663,山形県,山形線
6ea7f19b-40a3-4484-a16c-862b707da00c,神町,38.412276,140.378389,山形県,山形線
8fcae12e-f7ca-4c69-a160-38fbe51ea123,さくらんぼ東根,38.42806,140.380677,山形県,山形線
feee4c38-fd5e-44ec-8107-794802546f48,東根,38.450863,140.384035,山形県,山形線
11f46af2-c84b-48da-bf6f-c7024e7cd701,村山,38.477078,140.386399,山形県,山形線
0ff970fe-1d0a-4b35-9ef3-47114556cb29,袖崎,38.548259,140.391295,山形県,山形線
b6a08fe1-337f-4d37-9866-7d7d32d2a4d5,大石田,38.595916,140.375349,山形県,山形線
88be7b42-9bc3-4688-a259-61f14603e510,北大石田,38.629487,140.371234,山形県,山形線
56bfe45b-3288-4f45-9dd9-e22f1d94a371,芦沢,38.655258,140.361016,山形県,山形線
aab4d94e-7876-44d4-898c-f65d1c57c4b7,舟形,38.691583,140.316157,山形県,山形線
f1ef925f-60e4-45d6-a5eb-415453b1d0fe,新庄,38.76256,140.306064,山形県,山形線
09338a48-a0f4-4393-9555-9c969df47bcd,仙台,38.260027,140.882158,宮城県,JR仙山線
22f6cb92-0bd4-464e-883f-f75e9688beb5,東照宮,38.277262,140.88682,宮城県,JR仙山線
491f0e96-3311-4a12-acd2-d4ae5026684a,北仙台,38.281594,140.869885,宮城県,JR仙山線
5a7bb549-b760-4655-a774-9105154ef668,北山,38.285154,140.851876,宮城県,JR仙山線
f8b79db4-8a3c-4339-8f6b-415ae0aeff72,東北福祉大前,38.280468,140.842683,宮城県,JR仙山線
62f5c29a-27f1-42ed-92c6-222b45e13377,国見,38.274783,140.8335,宮城県,JR仙山線
71852648-197d-4932-bf49-94ba95cc0c64,葛岡,38.268816,140.818583,宮城県,JR仙山線
9631b52d-9ebe-4e23-b376-307cb6b61b5f,陸前落合,38.273379,140.789896,宮城県,JR仙山線
8a96a187-7e29-4719-a5ed-dafab56e0535,愛子,38.272661,140.761517,宮城県,JR仙山線
49879a7b-3cc6-49b2-b2a7-3fa491188372,陸前白沢,38.278117,140.702333,宮城県,JR仙山線
45ecd25f-a967-4fe4-9d16-bdee37a12b12,熊ケ根,38.297947,140.680633,宮城県,JR仙山線
5c22150e-71e2-4766-a151-23a2146ade78,西仙台ハイランド,38.304188,140.665373,宮城県,JR仙山線
10da9db6-b20f-46ea-9688-3bb571094826,作並,38.317738,140.632467,宮城県,JR仙山線
cbec9d11-687d-40b6-b1ee-eeb01a93e352,八ツ森,38.309041,140.615497,宮城県,JR仙山線
9cb28ec9-7ef7-4a6f-bf0a-735731c7672a,奥新川,38.325953,140.594329,宮城県,JR仙山線
28c3cf84-fdeb-4d5f-8c3d-9db7c6018bc5,面白山高原,38.333071,140.49712,山形県,JR仙山線
75400eb1-9616-4b08-98fc-e087a48df8f9,山寺,38.309561,140.434773,山形県,JR仙山線
737a71a7-107b-482d-8f36-716b69ef5e66,高瀬,38.301677,140.396074,山形県,JR仙山線
927ca042-a6c3-449b-8112-6837d936afa3,楯山,38.301632,140.370598,山形県,JR仙山線
c1dd6b70-102a-46ae-83ce-dddd08ddaa64,羽前千歳,38.287313,140.342168,山形県,JR仙山線
eeda010f-4ff3-4530-bc10-d16140b11c1c,北山形,38.265902,140.332658,山形県,JR仙山線
5c6b93c5-8ed7-4c3d-92c0-01e951701a3d,山形,38.248098,140.327253,山形県,JR仙山線
a1102caa-0ed3-4e0b-8e12-5be3ab758cfe,山形,38.248098,140.327253,山形県,フルーツライン左沢線
9aba5e6d-b425-4f1c-82a2-4bb9e2ae7598,北山形,38.265902,140.332658,山形県,フルーツライン左沢線
0cd4135d-f2f3-452d-b13b-b96fc151c452,東金井,38.277058,140.302666,山形県,フルーツライン左沢線
7ca87a49-c6af-46dd-8de5-98597954e48c,羽前山辺,38.294756,140.271571,山形県,フルーツライン左沢線
8aed702f-2628-40c4-9e08-8215e83ca126,羽前金沢,38.320837,140.270516,山形県,フルーツライン左沢線
948992ad-a0fe-4765-86d2-ebdaedaada29,羽前長崎,38.332969,140.273018,山形県,フルーツライン左沢線
1c3869ef-2f2c-49ec-958d-5a0e4de66f87,南寒河江,38.356033,140.27767,山形県,フルーツライン左沢線
a72ae681-f6c2-496f-bb2b-da2ee584cff8,寒河江,38.372548,140.274487,山形県,フルーツライン左沢線
89073e99-dd63-479a-a4f0-57380687061c,西寒河江,38.379627,140.26662,山形県,フルーツライン左沢線
7c321f4d-b254-4f96-95c9-7660657c2e29,羽前高松,38.397494,140.248666,山形県,フルーツライン左沢線
56d4e4e4-ec60-4d1f-aa0c-61cc84548010,柴橋,38.380874,140.22582,山形県,フルーツライン左沢線
94f4206c-adfe-4004-82b0-8366f36b18af,左沢,38.382223,140.208132,山形県,フルーツライン左沢線
c0922602-6560-46f0-92b9-a9f1fe558770,米沢,37.909478,140.128209,山形県,JR米坂線
36234f75-08e9-496d-986c-3cc2dfe58a13,南米沢,37.896043,140.108364,山形県,JR米坂線
2ed323b9-c67d-4978-9d97-72fdb701c9f1,西米沢,37.917279,140.08481,山形県,JR米坂線
31cf4ae1-01d4-4c16-971e-c1388b846596,成島,37.94335,140.075584,山形県,JR米坂線
2fd9a182-0960-481b-8b29-21e85826e232,中郡,37.969109,140.067286,山形県,JR米坂線
97f150c4-388e-4ead-83d2-fe53d571f8ba,羽前小松,38.004721,140.048503,山形県,JR米坂線
dc67cc2a-70c9-440f-960f-3f95e3ea985a,犬川,38.025333,140.052038,山形県,JR米坂線
c6b3b5a1-dd2d-4fb6-b729-38335d70fa1e,今泉,38.056697,140.04412,山形県,JR米坂線
5e16569d-8d2c-4b7b-81c5-33ecda0bbacf,萩生,38.06182,140.004207,山形県,JR米坂線
98d03092-07bd-4b7b-83b8-cb31c5659cd2,羽前椿,38.038636,139.994293,山形県,JR米坂線
794c29a3-31ff-48f1-9412-40dc08c68f76,手ノ子,38.011766,139.961264,山形県,JR米坂線
fc43632e-cda7-46cc-b7ac-ee7aad4ecc0b,羽前沼沢,38.028698,139.872497,山形県,JR米坂線
280e169b-2c41-46db-8cf3-7df2897be356,伊佐領,38.05105,139.822635,山形県,JR米坂線
f328ccd5-466c-4c51-ade1-8abf3dbea36a,羽前松岡,38.045391,139.780445,山形県,JR米坂線
6d18bc26-9b4b-4a41-a1c8-3b9afbd33a1d,小国,38.061422,139.750167,山形県,JR米坂線
709f0ea8-66f0-48fd-a6bc-8dffe2a8b74b,越後金丸,38.066474,139.663521,新潟県,JR米坂線
50ba294b-635d-4846-ae20-36aa004ed5eb,越後片貝,38.070712,139.62239,新潟県,JR米坂線
8752c53c-4d4a-498c-810a-79c940a4376c,越後下関,38.090037,139.560024,新潟県,JR米坂線
f2cf4efe-7567-4d47-bfe6-e77a31e52f61,越後大島,38.099721,139.518209,新潟県,JR米坂線
aefb7a05-1e7a-4d3f-8eff-9c17a701b36f,坂町,38.119277,139.445838,新潟県,JR米坂線
68bcaf79-ef81-45b6-8123-7dc99c707e00,新庄,38.76256,140.306064,山形県,奥の細道最上川ライン
291eb541-0336-4241-9ccc-ea3a5261f67a,升形,38.751646,140.24423,山形県,奥の細道最上川ライン
db176cd2-1009-4c57-9827-3468446cdbc5,羽前前波,38.747654,140.209525,山形県,奥の細道最上川ライン
ab33504f-b38d-4fe3-ab3e-0e0de9650d26,津谷,38.737618,140.186375,山形県,奥の細道最上川ライン
242fbe12-13da-47c2-8283-9a7dcdc74e0c,古口,38.737129,140.14602,山形県,奥の細道最上川ライン
b108af23-df69-49c2-ac38-ca4051315fab,高屋,38.752567,140.070936,山形県,奥の細道最上川ライン
45d3871c-bf9c-459e-801a-bb26c884e4c7,清川,38.790152,140.020761,山形県,奥の細道最上川ライン
15a0b7e1-24c9-457c-a86b-af16a72b816c,狩川,38.79367,139.976777,山形県,奥の細道最上川ライン
a6176474-fa12-477b-8fe3-dbb3e851de3c,南野,38.81813,139.944742,山形県,奥の細道最上川ライン
6a7e6b08-04d2-428f-bf2f-2d8d196acf09,余目,38.844321,139.911348,山形県,奥の細道最上川ライン
33188d5d-672e-4105-af71-be0efcb6fa8e,小牛田,38.541111,141.064355,宮城県,奥の細道湯けむりライン
011f0159-a554-43cc-a892-1c80ec26a502,北浦,38.55985,141.02305,宮城県,奥の細道湯けむりライン
f44f8a2e-980e-4d2d-9efc-f67bc62f3680,陸前谷地,38.565152,140.999453,宮城県,奥の細道湯けむりライン
eef14657-fa76-484f-b64c-9a0b70ff4df5,古川,38.571192,140.967876,宮城県,奥の細道湯けむりライン
3135e0f2-91b2-481f-8281-46db9cd154c4,塚目,38.572474,140.937093,宮城県,奥の細道湯けむりライン
0833e720-ee7d-469f-a772-7e4925f9d1cc,西古川,38.578214,140.895416,宮城県,奥の細道湯けむりライン
3eefdcc4-5295-439c-939a-eb8b136158db,東大崎,38.605627,140.897015,宮城県,奥の細道湯けむりライン
51ae75d6-3596-48ad-a50e-ca6c48783441,西大崎,38.629986,140.889638,宮城県,奥の細道湯けむりライン
5d3cc2f9-73b1-43d3-bfea-5f1d1d67f11a,岩出山,38.652508,140.871492,宮城県,奥の細道湯けむりライン
eb2d9416-59db-4c4b-ab6c-3f3bc52943fb,有備館,38.658135,140.86442,宮城県,奥の細道湯けむりライン
03be8e47-5d39-4181-b658-6e0db12eb796,上野目,38.680563,140.859342,宮城県,奥の細道湯けむりライン
f681abfe-aa42-443b-9ea7-49f016426420,池月,38.708948,140.835732,宮城県,奥の細道湯けむりライン
1fb3e6d5-6559-4547-8ee9-bb5eae351107,川渡温泉,38.736834,140.779317,宮城県,奥の細道湯けむりライン
811c3470-7eb0-4f89-b8f7-b904f0654c79,鳴子御殿湯,38.744612,140.737148,宮城県,奥の細道湯けむりライン
bf77aeeb-10ca-4c1f-8189-2243fcab6a2d,鳴子温泉,38.743193,140.715939,宮城県,奥の細道湯けむりライン
ebe13912-1478-400c-ae2c-40481a099575,中山平温泉,38.726568,140.668103,宮城県,奥の細道湯けむりライン
93bcd5ad-b5f8-4f8d-8448-824c5023f647,堺田,38.73549,140.612902,山形県,奥の細道湯けむりライン
ce939bb5-c4a0-40f8-a94b-3a6b49bca78c,赤倉温泉,38.730535,140.553647,山形県,奥の細道湯けむりライン
861b6549-72b9-4762-b55c-b9ee248e0286,立小路,38.742045,140.542678,山形県,奥の細道湯けむりライン
d3738edf-40a3-417f-bf52-c270b9ceffd4,最上,38.755959,140.517712,山形県,奥の細道湯けむりライン
2831d2d3-907f-4f79-8607-b55d54f66fff,大堀,38.76592,140.475377,山形県,奥の細道湯けむりライン
ce47eca1-6836-4362-b906-292ce27b1bbc,鵜杉,38.764962,140.453698,山形県,奥の細道湯けむりライン
c43cacca-2e93-4fc9-bf1e-1375945c5a0e,瀬見温泉,38.755192,140.419557,山形県,奥の細道湯けむりライン
5861cb55-1416-46e9-bd6e-39f47f5ade0f,東長沢,38.718898,140.382195,山形県,奥の細道湯けむりライン
78d98f73-3087-4b07-afb2-1d5de059603b,長沢,38.709782,140.365969,山形県,奥の細道湯けむりライン
5cb8b00e-2bff-4db8-8635-0d0c44ee9fa9,南新庄,38.721629,140.316212,山形県,奥の細道湯けむりライン
94d00f12-168f-4d90-8a9a-f62f9a1f5e48,新庄,38.76256,140.306064,山形県,奥の細道湯けむりライン
b1623dca-0393-4842-b048-30122ec43d25,あおば通,38.260749,140.878514,宮城県,JR仙石線
86dd4e5a-80c9-4246-8f49-54bf05bbe5a2,仙台,38.260027,140.882158,宮城県,JR仙石線
b795e25e-429c-4d91-ab3a-086c17484c5e,榴ケ岡,38.258792,140.893782,宮城県,JR仙石線
51bf1b04-4eb4-4610-9601-769639f82d43,宮城野原,38.26115,140.905155,宮城県,JR仙石線
a762d6c7-dee0-4131-9d75-7a55199f9c7e,陸前原ノ町,38.266017,140.910638,宮城県,JR仙石線
22db3e55-5c5a-4cc8-addc-bd55237dc5ee,苦竹,38.268722,140.918867,宮城県,JR仙石線
f1b54b54-3463-4847-811c-0540329a003f,小鶴新田,38.273455,140.935446,宮城県,JR仙石線
0d405ffe-31d4-48da-a9e8-3af71a9dfd1e,福田町,38.274967,140.958252,宮城県,JR仙石線
296bdf1c-0f81-4293-840a-0351b9e3488a,陸前高砂,38.27344,140.967607,宮城県,JR仙石線
70c2210d-2c75-423c-96a0-71101cb4ffb8,中野栄,38.280796,140.985236,宮城県,JR仙石線
2e2320df-2282-4134-94a3-4f0289b2890e,多賀城,38.291656,141.005375,宮城県,JR仙石線
aab49685-95c7-47fa-8cd3-15f6d0828456,下馬,38.305833,141.014965,宮城県,JR仙石線
a9c02157-88b2-418f-9111-d622d93e99db,西塩釜,38.31194,141.018419,宮城県,JR仙石線
02a1ca5a-cc39-45aa-a058-8a943ee084f9,本塩釜,38.317715,141.022477,宮城県,JR仙石線
aff84dea-3122-4a0d-b2b4-5defe7f21018,東塩釜,38.325572,141.031665,宮城県,JR仙石線
2e08fa12-8a4f-48d9-b5f4-fbb42a19ea8c,陸前浜田,38.350747,141.041818,宮城県,JR仙石線
c341b0eb-65bc-4954-93a4-7b1cdab8dde1,松島海岸,38.368529,141.058523,宮城県,JR仙石線
ea7f3181-8b62-47d7-9725-5ed1ff400f7a,高城町,38.382731,141.07344,宮城県,JR仙石線
86466c49-d496-431a-9f30-2e16513f0465,手樽,38.38715,141.092846,宮城県,JR仙石線
043be02e-299c-4a32-b9b1-568c19b081a9,陸前富山,38.386307,141.107208,宮城県,JR仙石線
560976a3-dab9-40a1-a53f-5b461719d4e7,陸前大塚,38.379078,141.12947,宮城県,JR仙石線
8a50ebf9-99ee-4bd6-918c-15b0af4d47a9,東名,38.375299562528,141.14547997713,宮城県,JR仙石線
3f02506c-3e18-434f-9480-4cc5d586ef09,野蒜,38.3790003038325,141.157034933567,宮城県,JR仙石線
69ae2977-02a0-4c04-8126-f613ac85a526,陸前小野,38.396018,141.174345,宮城県,JR仙石線
be9ea912-0c96-4ad1-a261-985a4a448bbe,鹿妻,38.403315,141.190073,宮城県,JR仙石線
de9f25be-4b13-4e7d-80c0-cdb252c29398,矢本,38.420432,141.209148,宮城県,JR仙石線
2294579b-778f-4e3d-96ea-5df2815f87ce,東矢本,38.427993,141.22216,宮城県,JR仙石線
b7611eb1-3fee-44b7-801b-6f079a1297d3,陸前赤井,38.432442,141.238883,宮城県,JR仙石線
7ddc679b-7966-48ac-acbd-51eebf9f175d,蛇田,38.438218,141.277652,宮城県,JR仙石線
ca3f63d5-d7d3-4fc7-a392-36f72942bceb,陸前山下,38.437718,141.288868,宮城県,JR仙石線
9ed130a0-6fa6-4225-8dd6-9980bfa681b9,石巻,38.43538,141.303553,宮城県,JR仙石線
2f7411f5-4ed9-41bd-bdbe-dc5eaa1fe042,小牛田,38.541111,141.064355,宮城県,JR石巻線
4d4367cf-5ce6-444b-bfb9-1af4fd7ec1e4,上涌谷,38.549194,141.099473,宮城県,JR石巻線
f222638e-d7f5-48b3-8f77-d508ac92385a,涌谷,38.538151,141.127359,宮城県,JR石巻線
f2152dd5-980f-4900-a75e-f3947d2cb7aa,前谷地,38.512187,141.194345,宮城県,JR石巻線
340b18ad-e1fe-4b21-a35e-bf40d42d15cf,佳景山,38.497974,141.239622,宮城県,JR石巻線
c50ab442-a64a-4efb-b9ea-2aa4292efc3b,鹿又,38.485851,141.283016,宮城県,JR石巻線
b2d53dd3-b267-4451-97d8-3adaf85b1b12,曽波神,38.465993,141.287848,宮城県,JR石巻線
0284562d-00c7-4398-a491-dbe3881c45d6,石巻,38.43538,141.303553,宮城県,JR石巻線
94f77a23-b068-4182-a21c-de52ce448fc1,陸前稲井,38.445463,141.334847,宮城県,JR石巻線
d8f569d1-5b36-4e6f-9b4c-81eeb5d3596f,渡波,38.420051,141.365123,宮城県,JR石巻線
f0db9ea2-c263-4193-8527-afcf66194b1e,万石浦,38.428855,141.368555,宮城県,JR石巻線
1f652ce2-0fae-4ed1-8669-485daa98a748,沢田,38.432397,141.38234,宮城県,JR石巻線
64fa0395-2bb9-4abd-b52c-74095256ab70,浦宿,38.436542,141.421355,宮城県,JR石巻線
59a7f0a5-899c-4cc4-a277-f494c559cda0,女川,38.446403,141.444919,宮城県,JR石巻線
027c8daa-4b4d-4a2e-9ae9-3e0a8b46056b,前谷地,38.512187,141.194345,宮城県,JR気仙沼線
2e703314-cfef-493a-830e-81b908131443,和渕,38.525772,141.220428,宮城県,JR気仙沼線
d1a1a254-e14b-4011-8892-d53d203e71f6,のの岳,38.552567,141.225813,宮城県,JR気仙沼線
3e305fc4-3b92-4bc0-bbf4-f41cd5d7d0bd,陸前豊里,38.582481,141.244674,宮城県,JR気仙沼線
dda816d5-6d0e-467c-9345-b04eadab926e,御岳堂,38.605662,141.264718,宮城県,JR気仙沼線
f3665dcb-01f5-4dec-a868-20acc741c49b,柳津,38.611693,141.305947,宮城県,JR気仙沼線
baddfdb3-99a1-4481-ac75-47674585061f,陸前横山,38.630776,141.353981,宮城県,JR気仙沼線
66e10d29-ba62-48b0-9632-b71c46836675,陸前戸倉,38.647977,141.43338,宮城県,JR気仙沼線
8f510c6b-d04d-4def-b4d3-d2e9853a567c,志津川,38.678113,141.442894,宮城県,JR気仙沼線
b0f5384e-7f53-49f1-b5c0-e43c422787e2,清水浜,38.690418,141.486798,宮城県,JR気仙沼線
ca93c700-c266-4fe4-87c5-a27015b0cb63,歌津,38.717661,141.519263,宮城県,JR気仙沼線
8ae91bcc-8530-4cba-b615-4640bf7528c3,陸前港,38.738559,141.530859,宮城県,JR気仙沼線
93068d89-95bb-44a6-89f8-c475ec7fc384,蔵内,38.753952,141.524214,宮城県,JR気仙沼線
ea93f386-7ea8-46a6-a19d-4b0599cdeb9d,陸前小泉,38.766786,141.509068,宮城県,JR気仙沼線
7205e5c9-73d2-480c-a5c9-7fd1fb719e54,本吉,38.786042,141.501937,宮城県,JR気仙沼線
0d785819-0e78-4b30-a860-e2c20657fd4b,小金沢,38.795686,141.534755,宮城県,JR気仙沼線
83ae4820-54b9-4e41-8430-de8c38a1480a,大谷海岸,38.813901,141.566927,宮城県,JR気仙沼線
1290c803-0a13-4cbe-a629-1822a8795329,陸前階上,38.837113,141.580339,宮城県,JR気仙沼線
0b0f7897-a023-4466-b97e-44e29826385c,最知,38.853516,141.581382,宮城県,JR気仙沼線
ed56f526-7feb-4dd2-949d-a92f62180f11,松岩,38.873369,141.583768,宮城県,JR気仙沼線
3900a44a-7f87-42d2-a287-c549d54db748,南気仙沼,38.894816,141.576753,宮城県,JR気仙沼線
2fa50d7e-9ae1-4432-bf66-dc6593df1fad,不動の沢,38.898519,141.56236,宮城県,JR気仙沼線
1e7c37d1-3f9e-4e2b-912f-4af9017e3a78,気仙沼,38.910031,141.558893,宮城県,JR気仙沼線
0f297ca7-ea81-4409-a6a8-93bad60b6f4d,郡山,37.398187,140.389363,福島県,JR磐越西線(郡山～会津若松)
6d2a1a3b-0db5-4e8c-b1b4-916c92a9f372,喜久田,37.451746,140.341912,福島県,JR磐越西線(郡山～会津若松)
3936ba7f-e335-4b80-bbe3-338950ed2f6d,安子ケ島,37.472048,140.310133,福島県,JR磐越西線(郡山～会津若松)
2024365c-d2ba-40c8-bd5b-b670836ee567,磐梯熱海,37.480743,140.2707,福島県,JR磐越西線(郡山～会津若松)
bcb79522-7129-432d-8fea-9f3750067495,中山宿,37.495648,140.219401,福島県,JR磐越西線(郡山～会津若松)
21f87d77-5bb2-4008-983f-84679521fcbf,上戸,37.487848,140.163538,福島県,JR磐越西線(郡山～会津若松)
04a5483b-4fb0-4b93-b066-f12eab9482ca,猪苗代湖畔,37.500563,140.147564,福島県,JR磐越西線(郡山～会津若松)
cf93d8ed-9191-4492-8ea7-2534136b7d56,関都,37.515577,140.143619,福島県,JR磐越西線(郡山～会津若松)
5a3f0615-84e8-458a-a23d-e862f6892fb6,川桁,37.535639,140.136869,福島県,JR磐越西線(郡山～会津若松)
2fcea080-08ac-401a-aeeb-ee1fd46a2836,猪苗代,37.546286,140.103122,福島県,JR磐越西線(郡山～会津若松)
cf908856-1cb2-4861-99b2-fa0d1f8def20,翁島,37.552837,140.054079,福島県,JR磐越西線(郡山～会津若松)
dbf74c96-943e-4924-aa83-b89ef3f7df83,磐梯町,37.557305,139.993413,福島県,JR磐越西線(郡山～会津若松)
7cde1920-1258-47d7-a659-03a63529e84b,東長原,37.566465,139.948239,福島県,JR磐越西線(郡山～会津若松)
70834b83-4b73-4809-a1f4-f4ede0718d5e,広田,37.549235,139.933343,福島県,JR磐越西線(郡山～会津若松)
3e1d4a0a-916f-42df-af2f-d60114a173a1,会津若松,37.508824,139.930159,福島県,JR磐越西線(郡山～会津若松)
a2bd12de-1f4c-491a-9b19-d55e5059c92b,会津若松,37.508824,139.930159,福島県,森と水とロマンの鉄道
6d738640-0572-4214-97aa-7104838a61ce,堂島,37.554723,139.911706,福島県,森と水とロマンの鉄道
e820169f-3e4b-4238-bada-d043b56e2c3f,笈川,37.579117,139.895318,福島県,森と水とロマンの鉄道
90ef04f8-533c-4aa0-aef5-b1b86f360e35,塩川,37.59393,139.88716,福島県,森と水とロマンの鉄道
b5d0409c-1915-4d3d-82c3-e39e0e3b9836,姥堂,37.615952,139.881001,福島県,森と水とロマンの鉄道
8edc0da8-3cf2-4163-81be-26d1d9489fb9,会津豊川,37.633499,139.876787,福島県,森と水とロマンの鉄道
35602914-6d73-468e-9b44-dbe5da88f59d,喜多方,37.643886,139.868365,福島県,森と水とロマンの鉄道
7a7c55f9-d6ff-4e0e-8090-4798e766a89c,山都,37.639228,139.766534,福島県,森と水とロマンの鉄道
c4a36879-ff67-4f3f-8b3a-87e036bb2ddf,荻野,37.617613,139.722119,福島県,森と水とロマンの鉄道
d9ae206a-7f27-42f5-a616-dc5aedc38819,尾登,37.609024,139.691542,福島県,森と水とロマンの鉄道
e5685b01-a674-4896-8962-7ace079f050e,野沢,37.590898,139.64462,福島県,森と水とロマンの鉄道
b7b43896-0734-470c-98d6-7430961a4a0a,上野尻,37.625041,139.633869,福島県,森と水とロマンの鉄道
fbda4983-1ce4-42e1-aff9-63e7d498e3d2,徳沢,37.666876,139.602879,福島県,森と水とロマンの鉄道
7ffba8d2-4a6d-43d9-b381-0f55fdc8b646,豊実,37.680541,139.576348,新潟県,森と水とロマンの鉄道
965aad42-7db0-40b4-84ed-f8a6da4c591a,日出谷,37.705699,139.533985,新潟県,森と水とロマンの鉄道
0d762290-72df-4835-8ec6-4e5e03803e93,鹿瀬,37.695656,139.479663,新潟県,森と水とロマンの鉄道
674828e9-7176-459f-9d46-05810793f03a,津川,37.68817,139.447136,新潟県,森と水とロマンの鉄道
b1ed397f-e3df-493b-9cbd-8aae88d91461,三川,37.70835,139.381482,新潟県,森と水とロマンの鉄道
d2acc9e6-43fd-4f23-b280-8356d988009c,五十島,37.715974,139.353419,新潟県,森と水とロマンの鉄道
1e6f8ec6-7515-4f24-92bc-14eb834b58b3,東下条,37.736876,139.321815,新潟県,森と水とロマンの鉄道
6e73328a-3819-436e-846d-26d2aba496fa,咲花,37.735003,139.29095,新潟県,森と水とロマンの鉄道
617581cd-c6e9-4661-a43a-47d51abb219d,馬下,37.737569,139.260466,新潟県,森と水とロマンの鉄道
4e4905d4-73f7-49b8-8460-f2899f319704,猿和田,37.729594,139.222481,新潟県,森と水とロマンの鉄道
63129a74-514c-4b9d-b71a-4d03933389e1,五泉,37.734373,139.179785,新潟県,森と水とロマンの鉄道
1c46a84b-15b2-4fec-bd63-aa0bfb05c03d,北五泉,37.746785,139.169758,新潟県,森と水とロマンの鉄道
643c0bb9-6209-4ffc-b939-bbbbd6107855,新関,37.768096,139.162508,新潟県,森と水とロマンの鉄道
e998741d-2d3c-430a-b4d0-72b39135a8eb,東新津,37.787638,139.143768,新潟県,森と水とロマンの鉄道
3d9ee367-cffc-426c-ac5d-664c633909fd,新津,37.800383,139.121445,新潟県,森と水とロマンの鉄道
a4959d67-76f4-4cde-83e0-2b8d0a107d97,会津若松,37.508824,139.930159,福島県,JR只見線
2c285b88-9a9f-4ff2-99bd-6e70696d2b36,七日町,37.50121,139.918958,福島県,JR只見線
dcb92829-aa59-4463-ab55-0792e57b9e16,西若松,37.486034,139.914172,福島県,JR只見線
69b08695-39ee-4afe-8566-43f95e147e8d,会津本郷,37.463488,139.892987,福島県,JR只見線
e0609abb-27dd-4f85-8194-0eb75d6e5c28,会津高田,37.470839,139.841266,福島県,JR只見線
b6d6a90c-90dd-42f6-9020-7eeb6e8a945c,根岸,37.501885,139.828603,福島県,JR只見線
960c3665-c480-4098-8d03-75b61dafceff,新鶴,37.517161,139.828499,福島県,JR只見線
7a67a0b7-b833-4800-8be2-b85c51b8f183,若宮,37.535243,139.828321,福島県,JR只見線
80f20c6d-10af-45b5-b8f1-8e9262b66d77,会津坂下,37.556695,139.821509,福島県,JR只見線
c660f47c-3323-4eca-8ddc-6e86997bd68f,塔寺,37.569368,139.785241,福島県,JR只見線
1eef9ab9-b3dd-40bd-a8cd-36c3de01b406,会津坂本,37.553266,139.756802,福島県,JR只見線
de103e0c-915f-49c1-94ae-c9c62f88d18d,会津柳津,37.538664,139.723817,福島県,JR只見線
13b772b0-5d51-430b-822b-55fc3ec15520,郷戸,37.51636,139.709911,福島県,JR只見線
bb087940-9a52-409d-9f09-6e9228ba0cbb,滝谷,37.494315,139.69799,福島県,JR只見線
1194c77e-c2ef-4f5e-a5ad-60fd0294db91,会津桧原,37.491664,139.679382,福島県,JR只見線
7a72daba-ebf5-473e-bbff-c567bfaaab61,会津西方,37.480937,139.661528,福島県,JR只見線
0d2d3acd-2f4f-47a9-8154-7a2805cbce0b,会津宮下,37.471169,139.647102,福島県,JR只見線
406b50c4-fb3a-4fe4-8f6e-6dc8fa66a12d,早戸,37.469953,139.593605,福島県,JR只見線
0af581a2-3be2-4b56-8f3b-3ea9323f9175,会津水沼,37.483026,139.560733,福島県,JR只見線
41b396b5-187d-4ef1-93ac-65a1bddecefa,会津中川,37.473785,139.532135,福島県,JR只見線
8e05ce55-f635-4d8f-8b01-989cd005f693,会津川口,37.455076,139.52384,福島県,JR只見線
2fff7d41-9206-486a-93e0-8284bd2e3684,本名,37.44476,139.49882,福島県,JR只見線
1b646032-cf6c-4b1a-a3ea-9dc4636d09fb,会津越川,37.398684,139.469405,福島県,JR只見線
d128c623-9f37-457c-9b7d-bf74dabfa2af,会津横田,37.392353,139.435853,福島県,JR只見線
85898313-a52c-49de-9f5b-9f3797c554d8,会津大塩,37.392803,139.413044,福島県,JR只見線
44c75ead-c647-45f7-83e6-ee8c37e40840,会津塩沢,37.393599,139.355096,福島県,JR只見線
ba3d8024-6291-4264-9225-7d8953dd4f48,会津蒲生,37.381775,139.333213,福島県,JR只見線
2589c13a-a87b-47ef-9a17-2a60585d562f,只見,37.350239,139.314783,福島県,JR只見線
624b692b-616e-44ca-816e-b263c459f974,田子倉,37.317869,139.255142,福島県,JR只見線
5023aa10-d927-4adc-863d-fd20987b4b8b,大白川,37.341687,139.121373,新潟県,JR只見線
4b6615fc-e409-4c58-a8dd-25a37890c2df,柿ノ木,37.341195,139.08933,新潟県,JR只見線
6359454d-48af-4e4a-9ff1-d5ee389c6372,入広瀬,37.358818,139.06599,新潟県,JR只見線
68a08fd6-b3f8-42db-b910-0dc2f94c7252,上条,37.346836,139.050698,新潟県,JR只見線
37655645-3cb1-4969-a36c-b16850004c58,越後須原,37.320591,139.017463,新潟県,JR只見線
4ffeeb75-4c1c-4864-9f60-b43ce5c63572,魚沼田中,37.294413,138.992578,新潟県,JR只見線
33b6c825-2703-4370-b92b-f4c44970be07,越後広瀬,37.274363,138.981141,新潟県,JR只見線
ec51674b-7575-4997-8e4e-53f9ef66b9c2,藪神,37.256737,138.975698,新潟県,JR只見線
f9cd3f81-6483-46ca-9351-a1dfc31ee107,小出,37.233581,138.953526,新潟県,JR只見線
666a0864-f0c2-4c55-b664-dc3fa8e46599,いわき,37.058241,140.892273,福島県,ゆうゆうあぶくまライン
d65f9794-91da-4f74-91ee-7ea0fb2440f2,赤井,37.080631,140.866294,福島県,ゆうゆうあぶくまライン
e1c281aa-e5c7-4b3f-beb7-240dc2cbe465,小川郷,37.126446,140.862514,福島県,ゆうゆうあぶくまライン
cff0b183-93de-42db-8652-3272173cff65,江田,37.179389,140.82609,福島県,ゆうゆうあぶくまライン
2d6554fe-df99-4ef5-b054-3ccc64734e70,川前,37.20559,140.750335,福島県,ゆうゆうあぶくまライン
4d818843-1448-4c80-83f0-a364f7803e42,夏井,37.253108,140.662552,福島県,ゆうゆうあぶくまライン
79f3f27f-7b42-4eed-91ff-dd4835f2f33a,小野新町,37.275819,140.63656,福島県,ゆうゆうあぶくまライン
e174ad77-3cab-41d2-9a8e-fc767faa090b,神俣,37.324186,140.659487,福島県,ゆうゆうあぶくまライン
add51ac3-206e-4145-bd20-500af6006bda,菅谷,37.351024,140.644185,福島県,ゆうゆうあぶくまライン
00979129-921e-4d74-ae5d-e8fd34b34162,大越,37.386746,140.630693,福島県,ゆうゆうあぶくまライン
85d75aff-56f8-47e5-9829-e74fae751b05,磐城常葉,37.420611,140.605579,福島県,ゆうゆうあぶくまライン
717c1e3e-04c0-4707-8c76-aa27bab48968,船引,37.44291,140.574558,福島県,ゆうゆうあぶくまライン
e55eed3e-7652-4896-a37e-043b984da4b4,要田,37.453969,140.520773,福島県,ゆうゆうあぶくまライン
d5a5913e-30c6-4585-bda7-fd91bf1e8adb,三春,37.449841,140.479275,福島県,ゆうゆうあぶくまライン
cc5b1164-60d3-470d-bca5-8db6ca1f09e8,舞木,37.416716,140.435074,福島県,ゆうゆうあぶくまライン
d433ea94-52a3-494b-a8e1-a25b2af5d129,郡山,37.398187,140.389363,福島県,ゆうゆうあぶくまライン
14d10404-c2f9-4b83-a0d2-8d86925a166f,黒磯,36.970128,140.060204,栃木県,JR東北本線(黒磯～利府・盛岡)
62ca7653-393f-4faf-a108-88ed89d60a1e,高久,36.996572,140.087346,栃木県,JR東北本線(黒磯～利府・盛岡)
f98cf6f5-4c5d-4e5b-8b09-f74fbe8d0770,黒田原,37.022848,140.119586,栃木県,JR東北本線(黒磯～利府・盛岡)
da308067-30a6-4531-b3f5-32b5715e5067,豊原,37.055014,140.155066,栃木県,JR東北本線(黒磯～利府・盛岡)
54de7fd9-a38d-4493-a964-ebfbafce33ba,白坂,37.09457,140.184388,福島県,JR東北本線(黒磯～利府・盛岡)
50b2c132-b5f9-47b5-a7ad-5216e8b89d8a,新白河,37.12331,140.188969,福島県,JR東北本線(黒磯～利府・盛岡)
e507a3fe-ad2a-4d81-bc92-30c065726430,白河,37.129692,140.213742,福島県,JR東北本線(黒磯～利府・盛岡)
047cc351-6075-4cb5-8fe2-0389b9f6552c,久田野,37.137048,140.259458,福島県,JR東北本線(黒磯～利府・盛岡)
af0e5177-b75f-4afd-9c4d-5cdef3c34907,泉崎,37.15835,140.299026,福島県,JR東北本線(黒磯～利府・盛岡)
1318d4e4-6068-453b-96e5-ee23622316d8,矢吹,37.205286,140.327983,福島県,JR東北本線(黒磯～利府・盛岡)
ad95ce77-186d-4dc3-82bc-1a18f68c284c,鏡石,37.250733,140.346812,福島県,JR東北本線(黒磯～利府・盛岡)
f33b1fd4-52c2-41d0-a447-d24236f324d5,須賀川,37.300335,140.372014,福島県,JR東北本線(黒磯～利府・盛岡)
9ceb2695-0cbe-42aa-a7fd-f4ae57ffad01,安積永盛,37.356967,140.368943,福島県,JR東北本線(黒磯～利府・盛岡)
27c59538-0512-464e-b2df-4e9e0219f1c6,郡山,37.398187,140.389363,福島県,JR東北本線(黒磯～利府・盛岡)
bb630d4e-b855-444d-a815-46d4b03234c4,日和田,37.446405,140.388333,福島県,JR東北本線(黒磯～利府・盛岡)
64f8cab7-f0f9-4901-a32b-c38e318a46fd,五百川,37.482887,140.38785,福島県,JR東北本線(黒磯～利府・盛岡)
a913642c-7f37-4279-ba16-a8e77538536a,本宮,37.514177,140.399534,福島県,JR東北本線(黒磯～利府・盛岡)
715d56ef-7792-4c7f-a46f-e85e4c9c45ca,杉田,37.563307,140.413663,福島県,JR東北本線(黒磯～利府・盛岡)
9735bb7a-0e6c-4597-85a3-0868b9bd2d6b,二本松,37.589598,140.435389,福島県,JR東北本線(黒磯～利府・盛岡)
a8785810-1bb3-431d-a778-764c2c17eb35,安達,37.611724,140.466042,福島県,JR東北本線(黒磯～利府・盛岡)
72af5789-e74d-4d58-bb0b-9cefcadcf9bf,松川,37.653825,140.48442,福島県,JR東北本線(黒磯～利府・盛岡)
20515083-70db-4146-89ba-6425cd2b526d,金谷川,37.680526,140.452244,福島県,JR東北本線(黒磯～利府・盛岡)
29c8e92c-2eb5-480d-b2d9-2c0549c63929,南福島,37.723665,140.456074,福島県,JR東北本線(黒磯～利府・盛岡)
d396df92-613a-4a9d-b8c0-290d66383ec7,福島,37.754123,140.45968,福島県,JR東北本線(黒磯～利府・盛岡)
ef101c51-2b62-4c3f-bf6e-c6bc284a0144,東福島,37.800447,140.478058,福島県,JR東北本線(黒磯～利府・盛岡)
09183a3e-1c51-471f-a298-49b95320911d,伊達,37.823917,140.493255,福島県,JR東北本線(黒磯～利府・盛岡)
c809339e-e881-471d-b96d-963224ea350f,桑折,37.855258,140.517508,福島県,JR東北本線(黒磯～利府・盛岡)
f6dc1812-6777-4cbc-bdd1-782f6b79fbc0,藤田,37.879062,140.539722,福島県,JR東北本線(黒磯～利府・盛岡)
f25ab6fa-e248-4455-9f93-59d4ff3c0067,貝田,37.908226,140.58106,福島県,JR東北本線(黒磯～利府・盛岡)
4d4073d9-bf48-4d45-8004-72fc4f7603ba,越河,37.933616,140.604572,宮城県,JR東北本線(黒磯～利府・盛岡)
920c8d7d-dfed-4e35-9df9-ab0a953e02c2,白石,38.003581,140.626164,宮城県,JR東北本線(黒磯～利府・盛岡)
82a7d4e7-8a44-4658-baf6-0541f6ac20db,東白石,38.034935,140.651109,宮城県,JR東北本線(黒磯～利府・盛岡)
74501792-8f7f-4d72-b79b-bf9dd04b72b0,北白川,38.032607,140.692613,宮城県,JR東北本線(黒磯～利府・盛岡)
3e146746-73f2-448c-a03a-ee1766f21d6a,大河原,38.047491,140.740142,宮城県,JR東北本線(黒磯～利府・盛岡)
e6356e18-0290-49ac-b605-b76996525b37,船岡,38.059298,140.767366,宮城県,JR東北本線(黒磯～利府・盛岡)
91c61362-d569-4d08-ba97-f0081a84211a,槻木,38.07864,140.809992,宮城県,JR東北本線(黒磯～利府・盛岡)
f0eb6ddc-ab5b-424d-a26d-a1a84458b4d0,岩沼,38.11205,140.863783,宮城県,JR東北本線(黒磯～利府・盛岡)
4a0e90bb-c08c-43ce-be5f-39aa96a88dce,館腰,38.142987,140.880208,宮城県,JR東北本線(黒磯～利府・盛岡)
967cabc5-3311-40b2-ac33-e1d010432db5,名取,38.173017,140.882753,宮城県,JR東北本線(黒磯～利府・盛岡)
bc60f3d8-7c7f-4bbe-b90e-dd28cec1f24d,南仙台,38.197384,140.883296,宮城県,JR東北本線(黒磯～利府・盛岡)
a019d83f-9fc6-4db5-acf7-035e5482db58,太子堂,38.21711,140.883436,宮城県,JR東北本線(黒磯～利府・盛岡)
bd980700-2e58-446c-8267-404f90c4f653,長町,38.226797,140.885986,宮城県,JR東北本線(黒磯～利府・盛岡)
8d4551d1-65ed-4ba5-bb0f-c386de08bde5,仙台,38.260027,140.882158,宮城県,JR東北本線(黒磯～利府・盛岡)
c5942c6b-cf8a-4137-af3c-1d930da3a0a0,東仙台,38.276512,140.920204,宮城県,JR東北本線(黒磯～利府・盛岡)
5a917cad-890f-417f-a8f1-aadd0b21e7b4,岩切,38.300773,140.954617,宮城県,JR東北本線(黒磯～利府・盛岡)
ac40dff8-f49d-4f21-b4b8-5d6eef560401,新利府,38.317059,140.972609,宮城県,JR東北本線(黒磯～利府・盛岡)
8d16bc08-b82f-4e6f-9a86-3028c489dae1,利府,38.329483,140.984652,宮城県,JR東北本線(黒磯～利府・盛岡)
9e5220a9-4fca-489e-bf58-f7b9a922c5c0,陸前山王,38.299586,140.97917,宮城県,JR東北本線(黒磯～利府・盛岡)
dcd0239f-1a41-49c4-9c24-0ec585cf48ec,国府多賀城,38.300933,140.99411,宮城県,JR東北本線(黒磯～利府・盛岡)
c324a926-b2da-4eb3-985c-ed759040818b,塩釜,38.309584,141.009564,宮城県,JR東北本線(黒磯～利府・盛岡)
6789b39d-4d1a-4205-bb84-6ba95fa5b08d,松島,38.379892,141.065982,宮城県,JR東北本線(黒磯～利府・盛岡)
477abcf4-37da-434b-bb81-b81e98b99e48,愛宕,38.397371,141.065,宮城県,JR東北本線(黒磯～利府・盛岡)
8d45dad1-99b7-42cd-a96a-e0f33ac599fd,品井沼,38.431539,141.082408,宮城県,JR東北本線(黒磯～利府・盛岡)
24198bc0-7f1a-4dea-a623-0c4fabcdfe3e,鹿島台,38.474708,141.097965,宮城県,JR東北本線(黒磯～利府・盛岡)
54383590-95a0-42b3-a63c-3311c6838e30,松山町,38.512332,141.075187,宮城県,JR東北本線(黒磯～利府・盛岡)
2bb119e3-2386-4b85-b134-f45867ccfa68,小牛田,38.541111,141.064355,宮城県,JR東北本線(黒磯～利府・盛岡)
6719c863-8e2e-49f3-887e-cb9a98953bdd,田尻,38.596246,141.058912,宮城県,JR東北本線(黒磯～利府・盛岡)
561d7cdb-692d-4fa1-b75c-b89423fa9160,瀬峰,38.655153,141.07383,宮城県,JR東北本線(黒磯～利府・盛岡)
98bd5c71-e129-4428-88af-282226993fe1,梅ケ沢,38.681678,141.085278,宮城県,JR東北本線(黒磯～利府・盛岡)
08dfbcd3-3ec3-4242-9c6f-c48197a6ca24,新田,38.711475,141.119428,宮城県,JR東北本線(黒磯～利府・盛岡)
79ca72cf-bb65-4829-ac70-dd45a6f62aa7,石越,38.768778,141.15906,宮城県,JR東北本線(黒磯～利府・盛岡)
0648e369-6a4d-4865-897c-7acbd335ce5d,油島,38.797113,141.175706,岩手県,JR東北本線(黒磯～利府・盛岡)
732bf49f-3a90-4628-9454-015fb2b59f8e,花泉,38.83331,141.180013,岩手県,JR東北本線(黒磯～利府・盛岡)
ebc3ade5-6ec8-4e14-b70a-4f475c3ad799,清水原,38.854915,141.156576,岩手県,JR東北本線(黒磯～利府・盛岡)
b2968de0-fcdf-4660-b697-9a04a1d8fc3c,有壁,38.867371,141.120994,宮城県,JR東北本線(黒磯～利府・盛岡)
dc77f0e6-31b6-4824-8cad-8799131b1525,一ノ関,38.926514,141.138177,岩手県,JR東北本線(黒磯～利府・盛岡)
4de483e0-be9e-43ef-8bbc-f2dba50598ed,山ノ目,38.951253,141.131921,岩手県,JR東北本線(黒磯～利府・盛岡)
e7c84fa4-bc8a-4416-ac0d-5d9545be4868,平泉,38.987935,141.117786,岩手県,JR東北本線(黒磯～利府・盛岡)
7cf6b1ef-3c99-42ce-999d-5318ac974705,前沢,39.048686,141.12624,岩手県,JR東北本線(黒磯～利府・盛岡)
b2603651-bc65-4178-9149-4672e341b59e,陸中折居,39.094185,141.140864,岩手県,JR東北本線(黒磯～利府・盛岡)
1567c7a3-5357-4550-bdd7-4e222b45cbef,水沢,39.138998,141.146395,岩手県,JR東北本線(黒磯～利府・盛岡)
5f330e27-068a-4e60-85ed-249b7ed183bf,金ケ崎,39.199615,141.112894,岩手県,JR東北本線(黒磯～利府・盛岡)
0e763500-a21b-484f-ae9a-68a2b8edd890,六原,39.227894,141.097605,岩手県,JR東北本線(黒磯～利府・盛岡)
a84f1128-52d1-4fe7-9ed0-a3e897580524,北上,39.281196,141.121221,岩手県,JR東北本線(黒磯～利府・盛岡)
ac45d56e-98e3-431d-a029-42e1b952b80b,村崎野,39.323027,141.120442,岩手県,JR東北本線(黒磯～利府・盛岡)
8237199f-1d4b-419b-88cd-62ead49b180f,花巻,39.393182,141.110458,岩手県,JR東北本線(黒磯～利府・盛岡)
9086e41c-c23e-4e3c-ba06-1b08d0ce2952,花巻空港,39.442639,141.127625,岩手県,JR東北本線(黒磯～利府・盛岡)
799fc938-53ce-49bc-9dec-63d81e501dbb,石鳥谷,39.490919,141.146861,岩手県,JR東北本線(黒磯～利府・盛岡)
2773c6fd-8c62-4215-a011-02d9a429b1d9,日詰,39.538734,141.160637,岩手県,JR東北本線(黒磯～利府・盛岡)
998bcf8f-6b20-4872-be42-0a33da403973,紫波中央,39.5549,141.15995,岩手県,JR東北本線(黒磯～利府・盛岡)
828b46a1-df62-4255-9e97-5a5872bac54c,古館,39.580844,141.154575,岩手県,JR東北本線(黒磯～利府・盛岡)
3bd98232-6221-4278-9102-0bc2c3900445,矢幅,39.613293,141.148299,岩手県,JR東北本線(黒磯～利府・盛岡)
36d9c6df-471b-41f9-9154-da86330a1be9,岩手飯岡,39.65373,141.146861,岩手県,JR東北本線(黒磯～利府・盛岡)
f07209e0-e6f6-4fe1-8716-91bbcfc21e46,仙北町,39.687919,141.148814,岩手県,JR東北本線(黒磯～利府・盛岡)
c0777b8b-3bc9-4f46-bb49-2d6577dd6c5f,盛岡,39.701547,141.136599,岩手県,JR東北本線(黒磯～利府・盛岡)
f4ce9d60-242a-4787-af64-7acea09aeda8,東京,35.681391,139.766103,東京都,JR東海道本線(東京～熱海)
de756953-f34e-432a-898c-4952882a7ab3,新橋,35.666195,139.758587,東京都,JR東海道本線(東京～熱海)
ac762bfd-648e-47ca-8724-dccdf130185e,品川,35.62876,139.738999,東京都,JR東海道本線(東京～熱海)
3edff0c9-7f7b-4feb-85b6-0223a06887ed,川崎,35.531311,139.697485,神奈川県,JR東海道本線(東京～熱海)
4d3585a4-b675-4dbc-bb02-318bb0cba6d7,横浜,35.466195,139.622704,神奈川県,JR東海道本線(東京～熱海)
2cc066ec-b1ee-4945-90ff-cbd157aff012,戸塚,35.400432,139.534282,神奈川県,JR東海道本線(東京～熱海)
88cd6ea0-20c3-440a-a671-1da16247e278,大船,35.353466,139.531127,神奈川県,JR東海道本線(東京～熱海)
3c4f2cef-782e-4629-97d0-7007d68b6852,藤沢,35.338882,139.487293,神奈川県,JR東海道本線(東京～熱海)
f01ff96f-02bb-4fe5-b967-1547215e050a,辻堂,35.336847,139.447106,神奈川県,JR東海道本線(東京～熱海)
1bc06331-f105-4e6c-93ca-8adee1e98ac7,茅ケ崎,35.330741,139.407197,神奈川県,JR東海道本線(東京～熱海)
21005807-410f-456d-9439-a01c870a8599,平塚,35.327647,139.349063,神奈川県,JR東海道本線(東京～熱海)
07b99c96-e6d3-491f-a207-0ab682790ea3,大磯,35.311299,139.313388,神奈川県,JR東海道本線(東京～熱海)
626f66e7-bdf9-4f5e-a620-8cdd705490b3,二宮,35.298644,139.256925,神奈川県,JR東海道本線(東京～熱海)
5c5d600c-1ccd-4d1b-ab96-8e4fe209cb18,国府津,35.280832,139.212932,神奈川県,JR東海道本線(東京～熱海)
f3a9e606-c49a-4da1-bdcb-48ff5ab4d3c7,鴨宮,35.275744,139.180147,神奈川県,JR東海道本線(東京～熱海)
b28b50e2-6aea-4bbe-a6e6-86bd4ec42d56,小田原,35.256225,139.155772,神奈川県,JR東海道本線(東京～熱海)
0e9d1a0b-a11c-44d7-8a9b-9445153dd523,早川,35.238875,139.145014,神奈川県,JR東海道本線(東京～熱海)
b7dd1210-39f9-44b8-8141-3ef9950112d7,根府川,35.202455,139.138504,神奈川県,JR東海道本線(東京～熱海)
e22da416-bef8-4906-a175-67ca7cdd3ad2,真鶴,35.156837,139.132148,神奈川県,JR東海道本線(東京～熱海)
29a99a4e-6456-400c-b1a7-5fd25463de06,湯河原,35.146178,139.102142,神奈川県,JR東海道本線(東京～熱海)
074e7f3a-1f05-4d56-ad99-cb69406e9464,熱海,35.103573,139.077679,静岡県,JR東海道本線(東京～熱海)
3e103f8b-c26d-436e-81cf-1fa96c9cc553,大崎,35.619772,139.728439,東京都,JR山手線
4d0c5633-71fc-4dd4-84b5-af9e906f9af8,五反田,35.625974,139.723822,東京都,JR山手線
27cb3073-6fa4-4378-a782-88d95cc68921,目黒,35.633923,139.715775,東京都,JR山手線
30ec4030-8ed2-4655-8efe-bf0055364696,恵比寿,35.646685,139.71007,東京都,JR山手線
bbfc126e-26e3-4d52-8347-a728a94e8799,渋谷,35.658871,139.701238,東京都,JR山手線
4d217c60-223c-4766-ba07-b2526607df01,原宿,35.670646,139.702592,東京都,JR山手線
24abcb26-2181-4c40-a738-a5a0b55a304f,代々木,35.683061,139.702042,東京都,JR山手線
ad705fe1-a090-4b8c-a01c-2fe6f311fc8b,新宿,35.689729,139.700464,東京都,JR山手線
923620da-8c88-4c57-a9d9-a58e0138dbd9,新大久保,35.700875,139.700261,東京都,JR山手線
3dd4204b-5323-4480-82b3-146c9321bd93,高田馬場,35.712677,139.703715,東京都,JR山手線
ec9435df-0d6e-41ac-974a-f64813d63604,目白,35.720476,139.706228,東京都,JR山手線
0a7b4988-6815-414f-b0b0-a85fe102c340,池袋,35.730256,139.711086,東京都,JR山手線
2533c556-5b97-494b-80c5-ee37f1a26c10,大塚,35.731412,139.728584,東京都,JR山手線
17e85a19-16e8-433c-b09c-a9cc90085fcc,巣鴨,35.733445,139.739303,東京都,JR山手線
1e024137-3cf3-4c19-8104-5d45470ec042,駒込,35.736825,139.748053,東京都,JR山手線
2368e2bd-9bbb-424b-8674-168281d389aa,田端,35.737781,139.761229,東京都,JR山手線
38a40047-d36f-4f55-a3fc-0a27d5282070,西日暮里,35.731954,139.766857,東京都,JR山手線
485349a8-6933-494f-8923-6ed78b5e4adb,日暮里,35.727908,139.771287,東京都,JR山手線
636eae88-d9a5-44a7-bc8d-86a6f7cf25e3,鶯谷,35.721484,139.778015,東京都,JR山手線
d6d816bd-cffd-4d14-a3a4-41e72660c5ea,上野,35.71379,139.777043,東京都,JR山手線
85d71c8a-ac64-43c0-8c3e-626a0b2de7e0,御徒町,35.707282,139.774727,東京都,JR山手線
6f233b33-f12f-4a77-93f1-e6f2818c5c9f,秋葉原,35.698619,139.773288,東京都,JR山手線
e1f2f9ac-6f0e-4f59-b850-1498b9bc4ea1,神田,35.691173,139.770641,東京都,JR山手線
a9b14871-0200-4bee-b894-28bcc3487c30,東京,35.681391,139.766103,東京都,JR山手線
00080a6b-b38a-4fb1-8c78-83e60ca54782,有楽町,35.675441,139.763806,東京都,JR山手線
c386e6cb-202e-46cc-9e97-878be56279e7,新橋,35.666195,139.758587,東京都,JR山手線
cd90f150-053b-4b6b-aba9-9f23e7134074,浜松町,35.655391,139.757135,東京都,JR山手線
e4e168b3-5ece-45db-9ece-9d87bd9edcaf,田町,35.645736,139.747575,東京都,JR山手線
248f3359-4bfe-40fd-9870-9bf26c908862,品川,35.62876,139.738999,東京都,JR山手線
565e4d92-07b0-430f-a9d2-7f3b214c5084,川崎,35.531311,139.697485,神奈川県,JR南武線
4b1eb954-fd6c-4d8b-ba28-2578dd0b45e1,尻手,35.530939,139.684233,神奈川県,JR南武線
ea248037-ea74-42c1-9376-e9b6679952a8,矢向,35.539408,139.68055,神奈川県,JR南武線
09e27306-ea38-44d5-9a52-77e2770670f5,鹿島田,35.551459,139.674964,神奈川県,JR南武線
385ddaa2-0276-4652-94f4-62f2f8c2a77e,平間,35.560565,139.671039,神奈川県,JR南武線
c57ed4f6-88fe-4486-b780-bc846f17ecc3,向河原,35.572891,139.66725,神奈川県,JR南武線
02691bbd-a792-49f3-816e-bcf595686880,武蔵小杉,35.57669,139.65963,神奈川県,JR南武線
b4f25c53-86d1-471a-8671-3b81b5be067a,武蔵中原,35.581498,139.640613,神奈川県,JR南武線
f665c602-66cc-449f-936d-626daff1dee7,武蔵新城,35.587369,139.629419,神奈川県,JR南武線
222685c8-ba77-4eb7-8112-490b341ec9b2,武蔵溝ノ口,35.598923,139.61139,神奈川県,JR南武線
5b50a827-eae3-4c64-8acd-f8ec42e48656,津田山,35.604259,139.600002,神奈川県,JR南武線
ebf70ea6-8fd6-492f-ae07-db1a494b8b63,久地,35.610363,139.592714,神奈川県,JR南武線
95c83d01-d7d1-4657-bda1-fd39ffba7ccf,宿河原,35.615429,139.579565,神奈川県,JR南武線
90cb5a58-ff12-4b6e-ad31-f6e97704a0d4,登戸,35.620889,139.570028,神奈川県,JR南武線
f4232ae4-af4d-4186-a96c-940722be3c82,中野島,35.630135,139.5501,神奈川県,JR南武線
8884e178-fb96-4f19-92bb-127138635224,稲田堤,35.633701,139.535173,神奈川県,JR南武線
74ce214f-136d-42a3-94ba-716b959efd34,矢野口,35.641305,139.520849,東京都,JR南武線
80fe0e80-e7fe-4639-a4b9-4cf1a880bcae,稲城長沼,35.644184,139.502811,東京都,JR南武線
c8bf4d79-d162-40f2-87b2-805154b022ad,南多摩,35.649249,139.489781,東京都,JR南武線
5019717c-eb57-468c-ab68-7b71db307477,府中本町,35.665766,139.477142,東京都,JR南武線
f28d08de-351f-4dc6-9217-98b68e549fff,分倍河原,35.668493,139.468798,東京都,JR南武線
4b7905cb-d1e2-4172-be7c-70aa3e9d5d8d,西府,35.670912,139.457477,東京都,JR南武線
639ce1c5-59e3-43e3-b6ea-2d7c5a28c97a,谷保,35.681377,139.446724,東京都,JR南武線
8a37069c-417f-4fc3-b24e-d548a8815cd0,矢川,35.685079,139.431611,東京都,JR南武線
92f516fe-eb3b-4efb-90da-7d82d92b6993,西国立,35.69375,139.423887,東京都,JR南武線
db5fd4a2-fe03-4c74-84e4-8c259b168e2c,立川,35.698202,139.413704,東京都,JR南武線
ed44533b-2bc7-4d0f-b574-4bb3285e9daa,八丁畷,35.523071,139.691446,神奈川県,JR南武線
f0314221-8cc9-4e91-aa46-4036367d2718,川崎新町,35.518234,139.699348,神奈川県,JR南武線
30aeece1-86a7-4794-9f10-3faf948df206,浜川崎,35.510428,139.713483,神奈川県,JR南武線
9bcf1a2b-3cf1-4c3c-b833-bbbb24fd4604,鶴見,35.508387,139.67614,神奈川県,JR鶴見線
b49f7fd7-5021-47b9-8d86-c77b09e4b087,国道,35.50083,139.675599,神奈川県,JR鶴見線
0af64170-38ca-40fa-819c-9cc72dae328f,鶴見小野,35.497005,139.681226,神奈川県,JR鶴見線
6b0a6d28-1d47-4c7a-bac6-b7d743b526e0,弁天橋,35.495758,139.689451,神奈川県,JR鶴見線
33126bd2-4578-4e20-b094-9a046dda943c,浅野,35.497555,139.695739,神奈川県,JR鶴見線
30592522-5ab8-4adb-8f95-c4c526ae6f88,新芝浦,35.491914,139.7001,神奈川県,JR鶴見線
ed304984-6e9e-498d-93df-d43e4a518b09,海芝浦,35.486073,139.700603,神奈川県,JR鶴見線
91e98fc8-999e-4fa0-b233-3c45a34f1978,安善,35.499668,139.700663,神奈川県,JR鶴見線
0b4040b0-b23c-4ced-8645-c02baa990daa,大川,35.495646,139.711038,神奈川県,JR鶴見線
d3489622-6a1a-4fc6-95a2-6d71662b4ff0,武蔵白石,35.501912,139.706513,神奈川県,JR鶴見線
3532b11d-2449-44be-b83d-c50fb0e6d45d,浜川崎,35.509863,139.713575,神奈川県,JR鶴見線
7e5e93f0-9a0b-4f15-8735-e469a765d21b,昭和,35.506836,139.723897,神奈川県,JR鶴見線
46760e52-4b14-45f9-a587-368a2e284d17,扇町,35.501452,139.722147,神奈川県,JR鶴見線
4d77d819-eeaf-4ffe-a9b3-bc3dc6df5db5,府中本町,35.665766,139.477142,東京都,JR武蔵野線
eaa00de7-9ede-4746-b92d-f80a1dbf9601,北府中,35.68088,139.471792,東京都,JR武蔵野線
df1b87cd-1f95-4f6a-8145-e4d69a31cd1c,西国分寺,35.699744,139.465994,東京都,JR武蔵野線
783e936c-d196-4760-b78d-6defd2eacc0c,新小平,35.73128,139.470745,東京都,JR武蔵野線
c6311784-5cda-434b-b85f-44789d8f606c,新秋津,35.778331,139.493592,東京都,JR武蔵野線
d9b67a2d-b48a-424a-9a46-d41cb4c2ee0b,東所沢,35.79461,139.513878,埼玉県,JR武蔵野線
34428b19-a6db-47dd-bc93-b6c9d7dda55f,新座,35.80381,139.556328,埼玉県,JR武蔵野線
6c6a0957-dbf9-4600-ab05-12914cce5679,北朝霞,35.815475,139.587322,埼玉県,JR武蔵野線
e17f6afc-a0e5-4fd9-89b8-605528452e9a,西浦和,35.844139,139.627707,埼玉県,JR武蔵野線
a9546980-c07a-40d7-8548-ef7096b7330f,武蔵浦和,35.846047,139.647974,埼玉県,JR武蔵野線
a83b8bd5-e905-4265-a88d-91b21656fe2f,南浦和,35.847648,139.669125,埼玉県,JR武蔵野線
a6be6ba3-6aab-4634-99e7-322bf4e37cd3,東浦和,35.864079,139.704627,埼玉県,JR武蔵野線
72d75592-c628-4a5e-82bc-1baef50e0540,東川口,35.875246,139.744087,埼玉県,JR武蔵野線
39547e24-9ce6-4b19-84ec-cba64ca51c8c,南越谷,35.876106,139.790499,埼玉県,JR武蔵野線
20d49aa4-a856-4e7f-8745-9b6270ccbc11,越谷レイクタウン,35.87622,139.820219,埼玉県,JR武蔵野線
cbc5138e-b6f7-479b-818f-7abc4e9c3da9,吉川,35.87662,139.843162,埼玉県,JR武蔵野線
e632a500-7529-4a5a-83ef-36693c081a17,吉川美南,35.868056,139.858167,埼玉県,JR武蔵野線
e431c5a4-bfdd-4cb7-8236-ba4e8b698bfc,新三郷,35.858667,139.869341,埼玉県,JR武蔵野線
44a33da2-5e11-4c54-8c7e-0b2e701dc2c1,三郷,35.845004,139.886341,埼玉県,JR武蔵野線
e3a4337d-fe0a-403d-8f2f-4e75bb29ea33,南流山,35.838035,139.903865,千葉県,JR武蔵野線
edfa1254-2b7c-44eb-9932-b5c033c2f371,新松戸,35.825467,139.921076,千葉県,JR武蔵野線
600f1142-ba8f-491c-982e-cc27b9f57ee0,新八柱,35.792013,139.938393,千葉県,JR武蔵野線
ba7a5b35-eb71-4d8b-a0ba-766581ae4da0,東松戸,35.770611,139.943848,千葉県,JR武蔵野線
b9a3fb23-a3b4-4e2b-8cc2-edb6c68c3278,市川大野,35.755432,139.951227,千葉県,JR武蔵野線
8bed42bd-971a-4217-aa17-30763e52b1da,船橋法典,35.730435,139.966771,千葉県,JR武蔵野線
d19e25d0-a976-49dc-945d-5f04608e1a9e,西船橋,35.707283,139.959536,千葉県,JR武蔵野線
58964145-9dbb-4264-8fa9-fbbc73400b55,東神奈川,35.47804,139.633466,神奈川県,JR横浜線
659357df-7f10-474a-9477-25ea010722a9,大口,35.492375,139.646288,神奈川県,JR横浜線
885bcbfd-7d2d-478b-bcbf-32d7bda8af90,菊名,35.509749,139.630147,神奈川県,JR横浜線
160c19ee-8364-42c2-8a2a-8b8423ed2631,新横浜,35.506824,139.617348,神奈川県,JR横浜線
b6ad84b3-ab12-4a63-ada9-47ebe154b106,小机,35.508533,139.599787,神奈川県,JR横浜線
ced330cd-8ce7-49bf-bf9f-bfe77a293fb8,鴨居,35.510955,139.56707,神奈川県,JR横浜線
1d44f623-0843-4000-9acf-0c0c9ab339f3,中山,35.514745,139.539692,神奈川県,JR横浜線
118de436-9fec-4ea3-b9ff-54c7d70b298c,十日市場,35.526254,139.51669,神奈川県,JR横浜線
ba22879d-3573-4a16-b2ae-fade4fdba5b5,長津田,35.531698,139.49468,神奈川県,JR横浜線
2f2a5dc1-dbe2-4e35-8c09-be7ebfaeefb7,成瀬,35.535412,139.472875,東京都,JR横浜線
0a52730c-427b-4b80-b0be-798abedf130c,町田,35.542004,139.445579,東京都,JR横浜線
56d570b2-28a9-41e7-a74c-5bb92147e917,古淵,35.556055,139.419151,神奈川県,JR横浜線
c9a4032d-6668-41c8-85c7-43b5a86febda,淵野辺,35.568784,139.395075,神奈川県,JR横浜線
9ffa08f6-0443-4ecf-8259-d69866993b16,矢部,35.573275,139.386373,神奈川県,JR横浜線
184e7e2a-1e6a-411d-869c-34caaf569c84,相模原,35.58113,139.371007,神奈川県,JR横浜線
1677438c-b528-4219-90d1-03d234212c6d,橋本,35.594975,139.344586,神奈川県,JR横浜線
0f8c5b23-5b28-4f7f-bc9c-fe0602227cf4,相原,35.60694,139.33169,東京都,JR横浜線
80f3cf8d-ac01-4bf6-87d2-69d8044ba9d5,八王子みなみ野,35.630664,139.330678,東京都,JR横浜線
08ae2ca7-c09a-46f4-a9d8-bba126424cd1,片倉,35.639704,139.34119,東京都,JR横浜線
e4d9126a-a1f6-4801-9ee1-ce2f1e5e1c33,八王子,35.655555,139.338998,東京都,JR横浜線
9643b6bc-4f02-4acf-976d-b34d152e8c07,横浜,35.466195,139.622704,神奈川県,JR根岸線
c24a2086-7e06-436b-9390-1a9fad88efe4,桜木町,35.451112,139.630881,神奈川県,JR根岸線
b87c5d34-2690-4627-ad40-35c699108e5b,関内,35.443336,139.636984,神奈川県,JR根岸線
0879ff14-9f64-4a11-919f-7b2fe8996e64,石川町,35.438808,139.642934,神奈川県,JR根岸線
f0d0faeb-aeff-4860-a09e-79a99e2db649,山手,35.426891,139.646425,神奈川県,JR根岸線
3f5f4c89-40b0-47e0-b23e-b272dc66b0f9,根岸,35.415887,139.636034,神奈川県,JR根岸線
6a2534e2-0270-4053-829b-77e45550b726,磯子,35.399881,139.617916,神奈川県,JR根岸線
5c50eb2e-a56f-4ae3-a401-33f72ccadce4,新杉田,35.386863,139.619483,神奈川県,JR根岸線
0a746467-6a06-4bd2-999d-dee92619c830,洋光台,35.378785,139.596852,神奈川県,JR根岸線
1641424b-8624-4fa7-8a6d-485494e258d8,港南台,35.375183,139.576243,神奈川県,JR根岸線
c32cfee8-47a0-48ec-b3a5-24428df55da1,本郷台,35.36787,139.550159,神奈川県,JR根岸線
c0ad4781-e7ef-4ecc-af04-8462888ae578,大船,35.353466,139.531127,神奈川県,JR根岸線
273a3304-d8fb-4d8f-ac28-7ccfcdec301c,東京,35.681391,139.766103,東京都,JR横須賀線
f6b3c90d-677c-4099-8aa4-f05946469aa1,新橋,35.666195,139.758587,東京都,JR横須賀線
2d7cf509-64ab-4256-a260-9ff799cf67c6,品川,35.62876,139.738999,東京都,JR横須賀線
2221fa90-fe6c-4a89-be71-8530e6d2e535,西大井,35.601616,139.721729,東京都,JR横須賀線
a2549096-e689-4fe3-847b-9aaaeecb8073,武蔵小杉,35.575965,139.663278,神奈川県,JR横須賀線
19154d21-5d8d-40a6-b340-36e64a657fe7,新川崎,35.551784,139.671481,神奈川県,JR横須賀線
2e0d36ba-b81b-486d-a139-007df6c78ce7,横浜,35.466195,139.622704,神奈川県,JR横須賀線
c82ab2d7-254f-4d15-82d7-ecc0651db60a,保土ケ谷,35.446746,139.599671,神奈川県,JR横須賀線
9a58e954-be15-4d98-a7d0-f740c83148ed,東戸塚,35.430353,139.556794,神奈川県,JR横須賀線
00d08e55-f573-4a41-9fff-6a26785f1bdf,戸塚,35.400432,139.534282,神奈川県,JR横須賀線
acf06dd4-da5f-43ab-8709-366ba5658393,大船,35.353466,139.531127,神奈川県,JR横須賀線
de9bfd00-9c5f-4735-99a3-7e5a9a07bfb5,北鎌倉,35.337198,139.545134,神奈川県,JR横須賀線
81e7e2a0-e88c-4bc8-9a0a-58d7b56e9f13,鎌倉,35.318793,139.550428,神奈川県,JR横須賀線
20a37b10-008a-43ac-8f56-20dc18ef07c1,逗子,35.297392,139.578292,神奈川県,JR横須賀線
b47f1991-ed8a-406d-90f3-149d2b335c69,東逗子,35.298781,139.601768,神奈川県,JR横須賀線
4d853424-a47d-4deb-8cce-a7583dde0470,田浦,35.29271,139.637726,神奈川県,JR横須賀線
8bc6fac7-76cf-41e5-8db5-e9c4985c9e07,横須賀,35.284022,139.655855,神奈川県,JR横須賀線
60da01dd-9f04-49a7-9042-8c9d2c095d11,衣笠,35.257091,139.661193,神奈川県,JR横須賀線
3ba0a457-d1fa-4352-8772-45d4b4ce29aa,久里浜,35.233107,139.700862,神奈川県,JR横須賀線
27daa83f-b5c7-4866-b6a3-b14b24e19c51,茅ケ崎,35.330741,139.407197,神奈川県,JR相模線
0f07b3da-c7df-4131-aa0e-33fbdc0f8c48,北茅ケ崎,35.339167,139.407569,神奈川県,JR相模線
751db0f6-c739-4c39-b46b-b5ac500947b0,香川,35.35655,139.400044,神奈川県,JR相模線
c28af451-b609-47bf-9856-46984ad5327c,寒川,35.367579,139.387452,神奈川県,JR相模線
3082d13d-a666-4f3f-b297-76a48d2c30a7,宮山,35.382261,139.379639,神奈川県,JR相模線
506375ec-1e7a-477c-a2ff-cb7d1d694959,倉見,35.395098,139.378422,神奈川県,JR相模線
2144710e-8229-4660-8fbf-747f897a40a2,門沢橋,35.406761,139.380139,神奈川県,JR相模線
21d8ab42-6878-4899-b667-e46f1f61b82c,社家,35.420543,139.377281,神奈川県,JR相模線
99f53780-f482-4ded-b9cd-c0062f6756f9,厚木,35.44375,139.378631,神奈川県,JR相模線
3f9474bf-fef2-4811-a202-d6c96228fdd2,海老名,35.454282,139.389328,神奈川県,JR相模線
bbdf7733-ea81-44de-a37f-fc4f76a2c175,入谷,35.478478,139.391913,神奈川県,JR相模線
c005d274-ae4d-4781-adfc-1cfec6372180,相武台下,35.492734,139.386297,神奈川県,JR相模線
d550898b-8928-450e-8b6d-28a5eb79d7d3,下溝,35.518516,139.380428,神奈川県,JR相模線
59bcbfa2-d538-4e1e-9f6b-a0b0b7f618a8,原当麻,35.528978,139.375355,神奈川県,JR相模線
2f659d4c-387c-4d61-8562-1252c79ea304,番田,35.545392,139.362988,神奈川県,JR相模線
8bdc996e-fc73-46de-8939-577bc4695200,上溝,35.557623,139.36315,神奈川県,JR相模線
f2fbf421-4460-4c1e-b923-cbdf657e62ae,南橋本,35.58042,139.352484,神奈川県,JR相模線
698ba6af-6778-45ed-8977-9f751e007144,橋本,35.594975,139.344586,神奈川県,JR相模線
a94bd384-dc92-42b9-bb01-7be1aef689fb,東京,35.681391,139.766103,東京都,JR中央本線(東京～塩尻)
f56d9a5f-aaef-4e55-ab7d-7593bf3652c2,四ツ谷,35.686041,139.730644,東京都,JR中央本線(東京～塩尻)
881998db-4c4a-4d3d-8a2d-0fd03c714ce9,新宿,35.689729,139.700464,東京都,JR中央本線(東京～塩尻)
35b1e891-1ea5-4536-a48d-58b27fd89b4f,吉祥寺,35.703119,139.579765,東京都,JR中央本線(東京～塩尻)
b9eefe10-ed5c-4543-970c-287f4d9fdb5f,三鷹,35.702683,139.560325,東京都,JR中央本線(東京～塩尻)
0ea40b29-e6e0-419d-b51b-d6c8ce8475b1,国分寺,35.700123,139.480841,東京都,JR中央本線(東京～塩尻)
242f5419-3e2c-481b-a048-2f94b2ca05cb,立川,35.698202,139.413704,東京都,JR中央本線(東京～塩尻)
ea0c0576-2dd0-48ca-b3e3-e6cf126f8d35,日野,35.679244,139.39393,東京都,JR中央本線(東京～塩尻)
ad2ce990-e2fd-49ad-ada9-383cdb73a1f3,豊田,35.659502,139.381495,東京都,JR中央本線(東京～塩尻)
4ea64339-8685-483d-af94-b92acaaf2a64,八王子,35.655555,139.338998,東京都,JR中央本線(東京～塩尻)
b4d8215d-3f34-45ba-9cc3-230fce6fa8c2,西八王子,35.656621,139.31264,東京都,JR中央本線(東京～塩尻)
bfdeff24-4f0a-40b9-8384-58bb6ad450cb,高尾,35.642026,139.282288,東京都,JR中央本線(東京～塩尻)
5a43cdc1-1bfe-4456-a9f2-5e302cead672,相模湖,35.617335,139.1885,神奈川県,JR中央本線(東京～塩尻)
2b6e53e4-1771-4613-9271-e7f13c5acd85,藤野,35.615918,139.15239,神奈川県,JR中央本線(東京～塩尻)
e190f4a0-3dff-4cff-a607-08d5b08afa29,上野原,35.618747,139.115787,山梨県,JR中央本線(東京～塩尻)
5d857490-d459-4909-9335-c14ee3cc3358,四方津,35.614252,139.072572,山梨県,JR中央本線(東京～塩尻)
8e1113ee-d5e9-49eb-b865-f7205e743989,梁川,35.605271,139.038076,山梨県,JR中央本線(東京～塩尻)
cd2d9adf-1349-4ede-b028-139418564c10,鳥沢,35.608118,139.003345,山梨県,JR中央本線(東京～塩尻)
23e90fd2-5e6c-468c-a7fa-783cff3a74eb,猿橋,35.61288,138.968388,山梨県,JR中央本線(東京～塩尻)
c421bc06-a6a5-4f93-a450-9be4b8f1f324,大月,35.613222,138.942729,山梨県,JR中央本線(東京～塩尻)
1597a7cf-c531-4cef-8c65-95b701e72819,初狩,35.594274,138.883966,山梨県,JR中央本線(東京～塩尻)
ccb5a734-a22d-40fe-b712-18fc3cb80079,笹子,35.603921,138.825205,山梨県,JR中央本線(東京～塩尻)
15b765f3-4125-45cd-acd5-381a0f45bcbb,甲斐大和,35.639364,138.781632,山梨県,JR中央本線(東京～塩尻)
d68d7064-b05d-494c-9755-1943da20dd3d,勝沼ぶどう郷,35.67279,138.74323,山梨県,JR中央本線(東京～塩尻)
d906d544-7678-49fc-8ce2-dcfd50c6d1b9,塩山,35.705327,138.734796,山梨県,JR中央本線(東京～塩尻)
4d6e0012-30cd-47c4-b44a-5e31a5565f16,東山梨,35.694313,138.703026,山梨県,JR中央本線(東京～塩尻)
392d1e3a-106f-4478-876f-d661ae7c42d9,山梨市,35.684961,138.683003,山梨県,JR中央本線(東京～塩尻)
c2895ae8-020f-4337-8443-07bd7967c328,春日居町,35.673491,138.659,山梨県,JR中央本線(東京～塩尻)
5c1bff0a-15a3-4069-b672-b2a70b5548ab,石和温泉,35.657603,138.634577,山梨県,JR中央本線(東京～塩尻)
fdc10cce-ffd4-46e9-a338-424758cb1c16,酒折,35.659486,138.598852,山梨県,JR中央本線(東京～塩尻)
6d2c9170-a72a-424f-8f73-e5979d111e27,甲府,35.667054,138.569015,山梨県,JR中央本線(東京～塩尻)
9e185f62-baaa-4ce9-b269-2e082d63c265,竜王,35.668764,138.519298,山梨県,JR中央本線(東京～塩尻)
68cd9805-6c41-42bb-8310-e65252b6c8e0,塩崎,35.687734,138.487521,山梨県,JR中央本線(東京～塩尻)
ea1615e8-fbee-4d71-b4e4-f615d0fc57aa,韮崎,35.709711,138.451357,山梨県,JR中央本線(東京～塩尻)
93d2ce9d-9cb0-4a33-8228-6d4444bf9e82,新府,35.736802,138.433093,山梨県,JR中央本線(東京～塩尻)
da1fa93b-f346-4883-a0be-42e3fb8080f9,穴山,35.75107,138.413858,山梨県,JR中央本線(東京～塩尻)
aed62f6b-6069-4958-8240-f2c2394b4a01,日野春,35.79065,138.394316,山梨県,JR中央本線(東京～塩尻)
f1b24f9c-1759-4a52-9866-8ceaa79e4a3e,長坂,35.827061,138.366459,山梨県,JR中央本線(東京～塩尻)
d453328f-7483-4951-b747-2ee035dbf18c,小淵沢,35.863808,138.316351,山梨県,JR中央本線(東京～塩尻)
109708da-ef2f-4bc6-9706-0e82f79b62ac,信濃境,35.884952,138.275419,長野県,JR中央本線(東京～塩尻)
667411f1-b8f2-4120-86e7-e9deb7d704d0,富士見,35.912183,138.238071,長野県,JR中央本線(東京～塩尻)
5ead20ca-612a-45e1-bd92-da03de9970d1,すずらんの里,35.930288,138.211775,長野県,JR中央本線(東京～塩尻)
e77d4ac5-bbc5-4e72-9df7-828c48eb38e4,青柳,35.942581,138.197612,長野県,JR中央本線(東京～塩尻)
0bb555d6-a9c5-4bda-acb8-c3d93a5ed699,茅野,35.995062,138.151674,長野県,JR中央本線(東京～塩尻)
d2a54d05-b330-466d-bfbd-42fce1187148,上諏訪,36.046618,138.116306,長野県,JR中央本線(東京～塩尻)
ace18491-4a53-450a-b723-b51ec53d3082,下諏訪,36.071948,138.084953,長野県,JR中央本線(東京～塩尻)
8cd3fe7d-b94c-463b-9354-b4db20e897bc,岡谷,36.056693,138.045001,長野県,JR中央本線(東京～塩尻)
9bb85c26-7cbd-4ed8-ac5b-2195d7268578,みどり湖,36.094176,137.981928,長野県,JR中央本線(東京～塩尻)
b179fd03-1876-4124-a82a-1c5569391575,川岸,36.03296,138.021937,長野県,JR中央本線(東京～塩尻)
8a82b334-dc6d-42fd-9225-9d610ba80812,辰野,35.984565,137.997238,長野県,JR中央本線(東京～塩尻)
8da0872a-1f0f-4090-a398-216292e908f0,信濃川島,36.013642,137.97185,長野県,JR中央本線(東京～塩尻)
8f467de4-a282-4d20-8f72-56d76999e73e,小野,36.04693,137.9706,長野県,JR中央本線(東京～塩尻)
92dbe737-b434-4951-8785-7acdfdcbd22e,塩尻,36.114364,137.947961,長野県,JR中央本線(東京～塩尻)
d29ff9e5-2ea5-48b2-867f-55463a4a4c97,東京,35.681391,139.766103,東京都,JR中央線(快速)
e27dbd44-ef75-4e24-96e4-398d8b14b0c8,神田,35.691173,139.770641,東京都,JR中央線(快速)
5575dd1e-ff64-4b0f-8684-bc45c4b6f752,御茶ノ水,35.699605,139.764955,東京都,JR中央線(快速)
98b774f1-4f9d-4b1e-b2ee-206e532d2858,水道橋,35.702039,139.754312,東京都,JR中央線(快速)
1c7b0f47-df8f-4b4c-bd35-eef927a84365,飯田橋,35.701835,139.745143,東京都,JR中央線(快速)
e10216b4-e4d0-438f-b317-ed2d86379cb0,市ケ谷,35.691105,139.735241,東京都,JR中央線(快速)
2e75092d-25ef-4635-8dba-9d1ff182c28b,四ツ谷,35.686041,139.730644,東京都,JR中央線(快速)
bcd5cc3e-9c31-4470-ac1a-1af1ca508c70,信濃町,35.680031,139.720729,東京都,JR中央線(快速)
fb2437d2-ad20-4547-80c7-753cf0ab969d,千駄ケ谷,35.681231,139.711644,東京都,JR中央線(快速)
64e8cb7d-d881-4c26-b4f6-2542e16deaa8,代々木,35.683061,139.702042,東京都,JR中央線(快速)
c0eab4b1-18d4-440e-910b-47dec1c88c27,新宿,35.689729,139.700464,東京都,JR中央線(快速)
1ce1c197-eab3-4308-bcf2-5348822e7f41,大久保,35.700784,139.69732,東京都,JR中央線(快速)
16cdb9cd-fe1f-4ef1-9835-7f4a7c7e49c3,東中野,35.706529,139.684436,東京都,JR中央線(快速)
47cfb495-102f-4fed-9b04-021a53c21bad,中野,35.705765,139.665835,東京都,JR中央線(快速)
918dc2e7-a645-4bf7-b9ef-2e61246caafe,高円寺,35.705326,139.649664,東京都,JR中央線(快速)
fff2df1b-ac3c-40d6-bce2-a492f2787df0,阿佐ケ谷,35.704818,139.635868,東京都,JR中央線(快速)
6eae236d-ff3d-420e-85a6-9d789b865516,荻窪,35.704523,139.620109,東京都,JR中央線(快速)
470b9e38-73f4-4b9d-980a-90c241b896ab,西荻窪,35.703842,139.599361,東京都,JR中央線(快速)
ca053f66-b317-45d9-9777-124fca39a6fb,吉祥寺,35.703119,139.579765,東京都,JR中央線(快速)
38fee349-799d-49c0-8385-80062118a613,三鷹,35.702683,139.560325,東京都,JR中央線(快速)
2f1ff4b8-1045-487e-bf2f-f19fb8dd1dba,武蔵境,35.702083,139.543402,東京都,JR中央線(快速)
6f41b843-9712-497a-9e98-d67e8ba374d8,東小金井,35.701643,139.524837,東京都,JR中央線(快速)
e9f509b6-c80c-4bc4-96ed-bbdb0c8eb398,武蔵小金井,35.701337,139.506483,東京都,JR中央線(快速)
9c255fc4-7e36-44a1-b459-0047dc4b3897,国分寺,35.700123,139.480841,東京都,JR中央線(快速)
8d987db9-326a-4477-94e9-c65d9b133f1a,西国分寺,35.699744,139.465994,東京都,JR中央線(快速)
3b6fd449-74f1-4386-bf34-6d76972c76c3,国立,35.69923,139.44634,東京都,JR中央線(快速)
50774414-f242-4abf-904c-8c2a0f9a65da,立川,35.698202,139.413704,東京都,JR中央線(快速)
c6b2b0c0-3708-41df-a19e-5dcc9b176c4b,日野,35.679244,139.39393,東京都,JR中央線(快速)
9a623bfe-f257-42e0-8e5a-5cc6d624131b,豊田,35.659502,139.381495,東京都,JR中央線(快速)
6a25bdba-c6aa-4bf0-ba70-d4c7f2664530,八王子,35.655555,139.338998,東京都,JR中央線(快速)
66fe7666-4b03-4623-a444-a0ee44e0845c,西八王子,35.656621,139.31264,東京都,JR中央線(快速)
522a788b-08ac-4008-99b3-a107a0e29f14,高尾,35.642026,139.282288,東京都,JR中央線(快速)
0ec5b6ba-c489-41c3-8020-efc99fa28e78,三鷹,35.702683,139.560325,東京都,JR中央・総武線
55b286bf-0df5-4fa2-912f-350db14306f8,吉祥寺,35.703119,139.579765,東京都,JR中央・総武線
f9201b00-0fe3-4e8f-8d67-2b45beac2316,西荻窪,35.703842,139.599361,東京都,JR中央・総武線
5c694858-e356-49d8-bf44-fe86e512e689,荻窪,35.704523,139.620109,東京都,JR中央・総武線
27cd0e11-bc91-4f40-b5bd-1835427cf11f,阿佐ケ谷,35.704818,139.635868,東京都,JR中央・総武線
375d327d-3758-44c0-8de2-275f65261baa,高円寺,35.705326,139.649664,東京都,JR中央・総武線
5be06cb1-fdff-4304-b69a-6f6a940b31ee,中野,35.705765,139.665835,東京都,JR中央・総武線
3db842cb-be80-4a34-81dc-338659ccec3a,東中野,35.706529,139.684436,東京都,JR中央・総武線
fd69ff33-82f1-4699-b323-0ef984253020,大久保,35.700784,139.69732,東京都,JR中央・総武線
0ae7e551-3131-4e11-8415-cf83c2fb75cc,新宿,35.689729,139.700464,東京都,JR中央・総武線
8a8b898f-5638-401a-b6a8-e588cb7cca9d,代々木,35.683061,139.702042,東京都,JR中央・総武線
b27551ab-90fa-43c7-aaa8-79d3cbdec511,千駄ケ谷,35.681231,139.711644,東京都,JR中央・総武線
9c5726dc-f146-4654-adb6-df2720b7f64a,信濃町,35.680031,139.720729,東京都,JR中央・総武線
635d7f6e-6799-445b-90e2-88b153a790bc,四ツ谷,35.686041,139.730644,東京都,JR中央・総武線
7d2da673-b2a2-4752-bb2b-113563c92ed9,市ケ谷,35.691105,139.735241,東京都,JR中央・総武線
26a8feec-2220-4f4a-97e2-8ffa623c4f1a,飯田橋,35.701835,139.745143,東京都,JR中央・総武線
a2668277-e726-4b37-9ba2-1a88d54b8d88,水道橋,35.702039,139.754312,東京都,JR中央・総武線
4cc7f8a5-b325-4ed9-b1e3-62db698a715f,御茶ノ水,35.699605,139.764955,東京都,JR中央・総武線
20aa7146-516c-48bd-920b-3ed8ead615b1,秋葉原,35.698619,139.773288,東京都,JR中央・総武線
0b443832-02e1-45c7-8879-b31fff63fa23,浅草橋,35.697403,139.784427,東京都,JR中央・総武線
80558749-70d5-44e2-8f70-f250650c218d,両国,35.69579,139.793334,東京都,JR中央・総武線
91bdf941-cfac-4a18-b585-db8e2a882e77,錦糸町,35.696802,139.814136,東京都,JR中央・総武線
c49d0ce2-e3bf-4bc4-85ce-0c3893f5ec22,亀戸,35.697345,139.826262,東京都,JR中央・総武線
65f7f28f-7ed3-46de-9407-423af806618e,平井,35.70643,139.842181,東京都,JR中央・総武線
d6657660-859e-4567-9097-9d016adc00e1,新小岩,35.716903,139.857777,東京都,JR中央・総武線
b378f05a-a05f-46f3-8983-977c0af6f3f5,小岩,35.733207,139.881755,東京都,JR中央・総武線
56d3ca9f-fbe6-422d-a95c-a0c51e4c8af2,市川,35.728903,139.908142,千葉県,JR中央・総武線
c5665481-af83-46b6-b529-88e964587bca,本八幡,35.720898,139.92741,千葉県,JR中央・総武線
0c54860c-7133-465e-acc8-2658967c5cc0,下総中山,35.714276,139.943092,千葉県,JR中央・総武線
a237be5a-db05-4e91-a7eb-d0d062974282,西船橋,35.707283,139.959536,千葉県,JR中央・総武線
1a7bb1c3-e4c6-48fc-b79d-227b3e863a86,船橋,35.701865,139.984707,千葉県,JR中央・総武線
0bbd02e9-51c4-475d-a3c5-02df016b8137,東船橋,35.699811,140.00393,千葉県,JR中央・総武線
520e5dea-4dc1-432a-bbe2-01065139dcd4,津田沼,35.691367,140.020179,千葉県,JR中央・総武線
8cac9889-804b-439c-bdf8-2fffe4a729ff,幕張本郷,35.672664,140.042241,千葉県,JR中央・総武線
bdad8e79-cee5-4886-9f48-90db85097c03,幕張,35.6594,140.057899,千葉県,JR中央・総武線
6abe6428-a793-4f08-92d3-3c3009f2faa9,新検見川,35.65169,140.073025,千葉県,JR中央・総武線
ac76375a-d448-45a7-9efc-b0355720255c,稲毛,35.637264,140.09256,千葉県,JR中央・総武線
edc03256-6188-4f28-b3e0-a3a7a59a4f53,西千葉,35.622639,140.103337,千葉県,JR中央・総武線
193556f4-3d88-4c2d-9e14-df818f28f4f7,千葉,35.613425,140.112837,千葉県,JR中央・総武線
4fd0b641-77ca-4f04-b5d4-362dd58bba9e,東京,35.681391,139.766103,東京都,JR総武本線
f8e36a18-831d-4eb5-9afc-5244da9284f2,新日本橋,35.688687,139.77323,東京都,JR総武本線
85cf14b2-fb22-4a8e-946d-f6e625f3e653,馬喰町,35.693365,139.78238,東京都,JR総武本線
27340538-36d1-4447-b026-984a8726cac0,錦糸町,35.696802,139.814136,東京都,JR総武本線
893dba8f-9b75-46ce-853d-70ac4979f6dd,新小岩,35.716903,139.857777,東京都,JR総武本線
44ae8667-27e9-47d3-85ec-10da0bcd41bc,市川,35.728903,139.908142,千葉県,JR総武本線
bf57540a-f517-4c5d-ba7e-2572e38d9443,船橋,35.701865,139.984707,千葉県,JR総武本線
b10c6898-9462-4055-9b38-2bb751a5ba3b,津田沼,35.691367,140.020179,千葉県,JR総武本線
f2e43b81-5116-4803-bfa8-95043a1e25d2,稲毛,35.637264,140.09256,千葉県,JR総武本線
a5fe77e3-cd4b-4394-be18-37a089a6a193,千葉,35.613425,140.112837,千葉県,JR総武本線
31d969ce-30a0-422e-a407-2244d96ae2a2,東千葉,35.617014,140.122261,千葉県,JR総武本線
30d7374f-efbc-42ca-b19f-1a14e7790646,都賀,35.636088,140.149222,千葉県,JR総武本線
1a08fa66-a623-4cec-8219-e3150dd72945,四街道,35.662756,140.165023,千葉県,JR総武本線
79ffc85c-ee31-4358-a9af-d6e07a8ff45d,物井,35.68566,140.200263,千葉県,JR総武本線
ba96bda6-034d-4897-8a06-bcc19fc359b9,佐倉,35.709743,140.226722,千葉県,JR総武本線
51c10172-0422-43d2-856e-92c7e4aef37f,南酒々井,35.704217,140.267828,千葉県,JR総武本線
1f05f3b7-b9d6-4bfa-a197-973028e749f3,榎戸,35.683967,140.288136,千葉県,JR総武本線
d330ac4f-82d6-45c7-aebd-986e9d76cd53,八街,35.663228,140.317304,千葉県,JR総武本線
20f89e7b-26fc-48ea-8426-884d5c203e19,日向,35.628402,140.362447,千葉県,JR総武本線
d797e53b-757c-46b2-8abf-2fae96ea4832,成東,35.608513,140.410109,千葉県,JR総武本線
422f6f5a-b810-4c4a-913c-63eefff70929,松尾,35.63604,140.457587,千葉県,JR総武本線
6315418d-e390-4509-b6de-e46b753843bb,横芝,35.661739,140.490736,千葉県,JR総武本線
4fc21504-ce4c-43df-a324-7d2dc5edce2a,飯倉,35.685638,140.522328,千葉県,JR総武本線
89c85542-7c7f-43cf-8ee9-3a992d6fdc91,八日市場,35.699317,140.552419,千葉県,JR総武本線
7db116e3-2310-442c-865e-f5ea1a57172a,干潟,35.718308,140.603304,千葉県,JR総武本線
638a26e8-62ae-48a6-bc95-f7e25d8f70b6,旭,35.721831,140.655041,千葉県,JR総武本線
11282e4d-8302-443d-9e6c-305906a78cc5,飯岡,35.729339,140.683896,千葉県,JR総武本線
4fee94f3-7a2d-4de5-86d2-2278df72478b,倉橋,35.737836,140.714018,千葉県,JR総武本線
719a887f-8973-4aa2-9541-076b53fe114f,猿田,35.747383,140.7374,千葉県,JR総武本線
164e11f7-039d-4277-90cb-5c6a10c7e825,松岸,35.739386,140.795143,千葉県,JR総武本線
cef9bb19-81d8-4fa7-9924-0d452f9bea0c,銚子,35.729449,140.827557,千葉県,JR総武本線
ea222a14-f728-42e3-841e-4f55be90c4df,立川,35.698202,139.413704,東京都,JR青梅線
70612846-258d-423b-bec3-e46a3930a9ab,西立川,35.703526,139.393556,東京都,JR青梅線
119d3f61-4c2b-4497-8618-9487abaa3e8c,東中神,35.706337,139.384529,東京都,JR青梅線
6a175b87-2614-41c6-a0f3-0d3363a8a1c3,中神,35.709058,139.375816,東京都,JR青梅線
aea2e015-0edc-481c-a89e-20d69b8f1fef,昭島,35.713305,139.361564,東京都,JR青梅線
02ccd6bb-4657-4f8b-a875-f8ba2db70457,拝島,35.721278,139.343468,東京都,JR青梅線
9b2b4dfe-ab5c-4c8b-87fe-00d31e8051fc,牛浜,35.734547,139.333677,東京都,JR青梅線
5b969700-a4fb-459e-a3ab-958360684715,福生,35.742456,139.327763,東京都,JR青梅線
55f92421-597a-406f-bf24-d6f86e3aed0a,羽村,35.758073,139.316188,東京都,JR青梅線
4d24dd39-8f47-40e1-a026-2ff19b6a85f2,小作,35.776048,139.302233,東京都,JR青梅線
b6130133-dfbd-432b-9909-994845aa042e,河辺,35.78473,139.284032,東京都,JR青梅線
4d2bed7a-afd8-42ed-9b16-67a6087ffb7c,東青梅,35.789768,139.272841,東京都,JR青梅線
8ffdc7c7-f9ac-4636-a8f6-5f0d9e5a54b5,青梅,35.790512,139.258096,東京都,JR青梅線
ebc25707-5816-4311-adfd-3609fdf032af,宮ノ平,35.787545,139.237289,東京都,JR青梅線
f0b2b5b7-388f-48db-b0c9-1ab269695a84,日向和田,35.788665,139.229515,東京都,JR青梅線
7d5672d9-74df-4019-87b8-b74601396405,石神前,35.79683,139.225096,東京都,JR青梅線
ca9594e6-26b7-4b18-b106-b0bc24bd5754,二俣尾,35.803946,139.216161,東京都,JR青梅線
e1d71d65-5ddf-44b9-8021-40471514d6f2,軍畑,35.807382,139.207431,東京都,JR青梅線
06d74c84-5ad9-42a7-afce-bbcac2c51ce5,沢井,35.80594,139.193324,東京都,JR青梅線
f620c2c2-1595-43cb-8b2d-5e564e60a8c5,御嶽,35.801468,139.182589,東京都,JR青梅線
33e3ffaf-cfbd-45c7-bc33-3c4ed2d635b3,川井,35.813697,139.16429,東京都,JR青梅線
1aa15bfd-7fa6-42ca-9c1d-83c513382e9a,古里,35.816247,139.152102,東京都,JR青梅線
984d4b4b-3e72-44fd-97a9-3b952cb87d24,鳩ノ巣,35.815127,139.128932,東京都,JR青梅線
88373edb-b222-4d11-8ebe-c32d0d4a2aeb,白丸,35.811735,139.114861,東京都,JR青梅線
bd8c6f46-d55f-49f7-a2b8-9f8d87677875,奥多摩,35.809357,139.096961,東京都,JR青梅線
854c9328-d5e2-40c7-b476-7b7383cd6b4e,拝島,35.721278,139.343468,東京都,JR五日市線
a1c95e2b-3b07-4e58-8f32-e91f82282214,熊川,35.728321,139.33584,東京都,JR五日市線
e5c47ad4-1a0a-4129-b063-0228ef76cb6b,東秋留,35.725904,139.311665,東京都,JR五日市線
69251a25-4428-4938-8711-6b38065e3415,秋川,35.727998,139.286715,東京都,JR五日市線
870018b1-ab91-4dd0-bb4a-fb357ff4955c,武蔵引田,35.729711,139.269907,東京都,JR五日市線
6f7be6dc-bd62-4f1d-9268-48090726c341,武蔵増戸,35.730961,139.256355,東京都,JR五日市線
6ecec6e2-6195-474f-83e3-5cdf835e03f0,武蔵五日市,35.732248,139.228039,東京都,JR五日市線
6b964afa-f215-4dd7-a0b5-a2e08789cba3,八王子,35.655555,139.338998,東京都,JR八高線(八王子～高麗川)
7b505eb8-0db3-41d5-829c-d92020fb3038,北八王子,35.669232,139.363348,東京都,JR八高線(八王子～高麗川)
f6c5697b-1fa5-4836-b574-9c8126747dad,小宮,35.685799,139.368481,東京都,JR八高線(八王子～高麗川)
b38516c8-a608-46e9-9f4c-355e0ea46dce,拝島,35.721278,139.343468,東京都,JR八高線(八王子～高麗川)
6f5249e6-cd11-4101-9033-0be06c541eb4,東福生,35.745811,139.33594,東京都,JR八高線(八王子～高麗川)
d8df3f71-2138-4488-8edf-51daa42fc9fb,箱根ケ崎,35.771158,139.346805,東京都,JR八高線(八王子～高麗川)
efb97f37-be29-49c8-8c29-92515f087448,金子,35.810822,139.328546,埼玉県,JR八高線(八王子～高麗川)
727ccccb-747a-46ca-8a20-13dad335681c,東飯能,35.852928,139.325965,埼玉県,JR八高線(八王子～高麗川)
29fd42c2-b2bc-4d4f-b8e6-c4f4986274b7,高麗川,35.896328,139.33809,埼玉県,JR八高線(八王子～高麗川)
eb67bd97-2d4b-48f7-8520-9c8fa9643dac,高麗川,35.896328,139.33809,埼玉県,JR八高線(高麗川～高崎)
da79dedc-f04a-4418-a2d5-d1f2b9aef4de,毛呂,35.940806,139.309237,埼玉県,JR八高線(高麗川～高崎)
9e101938-0220-4955-8484-ef5ad81c4f73,越生,35.962559,139.299437,埼玉県,JR八高線(高麗川～高崎)
755b2bec-9596-49ae-a738-94e4024b8953,明覚,36.003309,139.288789,埼玉県,JR八高線(高麗川～高崎)
b745d142-fad2-48be-80a6-e29cf3526562,小川町,36.05903,139.260412,埼玉県,JR八高線(高麗川～高崎)
85cbee07-c2de-4e3a-a5a0-ceb224196d77,竹沢,36.075466,139.229952,埼玉県,JR八高線(高麗川～高崎)
4205d7a5-6b73-47f0-8fae-ad7d246888f5,折原,36.096296,139.195205,埼玉県,JR八高線(高麗川～高崎)
50d9360e-7a96-43dd-947a-190e2424b2c2,寄居,36.118013,139.194224,埼玉県,JR八高線(高麗川～高崎)
314b3a20-46e9-4504-a67e-264ef1a01de9,用土,36.153858,139.200758,埼玉県,JR八高線(高麗川～高崎)
021dffd2-f6ed-4fc1-952d-00d9a446af4c,松久,36.172938,139.182127,埼玉県,JR八高線(高麗川～高崎)
acf1b5c0-29d2-4aee-a64f-350e411311ea,児玉,36.192624,139.13582,埼玉県,JR八高線(高麗川～高崎)
3b23e17e-a046-45c4-a03d-46aae8281bff,丹荘,36.216668,139.102306,埼玉県,JR八高線(高麗川～高崎)
3d7bcc38-b763-480c-afc3-5019d8cd1357,群馬藤岡,36.250336,139.08338,群馬県,JR八高線(高麗川～高崎)
9904e55e-dd4c-4e34-8716-320201e45134,北藤岡,36.282469,139.080779,群馬県,JR八高線(高麗川～高崎)
2cd6d72d-80bb-4f9c-9b3c-b2bd634690c9,倉賀野,36.300216,139.049474,群馬県,JR八高線(高麗川～高崎)
3853330e-97b7-4275-ac04-7fe1c82ae67a,高崎,36.322239,139.012354,群馬県,JR八高線(高麗川～高崎)
ab49c138-f823-4b67-9f8d-c3d8bce11978,上野,35.71379,139.777043,東京都,宇都宮線
e69088ec-9f3d-4135-b758-8825a6190eac,尾久,35.74683,139.753846,東京都,宇都宮線
6000783e-9956-49e9-b655-b7ae847e1afc,赤羽,35.778026,139.720928,東京都,宇都宮線
93cfd1c0-3135-4afe-af6e-564395e06ecb,浦和,35.858496,139.657109,埼玉県,宇都宮線
40688755-adac-49b8-a4b2-0d8f3c04e5db,さいたま新都心,35.893867,139.633587,埼玉県,宇都宮線
05606371-c7fa-42be-8d0f-d35a278d3f83,大宮,35.906439,139.62405,埼玉県,宇都宮線
4542f05f-93f6-446d-b75e-3b8805496589,土呂,35.931997,139.63214,埼玉県,宇都宮線
69768a11-4d03-481c-bba9-6c0b39e0ab6d,東大宮,35.948751,139.640291,埼玉県,宇都宮線
2d4ab056-f24c-4607-91b6-ea7881a5405a,蓮田,35.981272,139.653016,埼玉県,宇都宮線
8bf33e60-f91f-422c-822a-3ee1315937f7,白岡,36.01774,139.666826,埼玉県,宇都宮線
380a4cca-d8ce-4d88-b06c-d27fdf5150be,新白岡,36.038732,139.67208,埼玉県,宇都宮線
bbd56de0-fb79-4cd0-8ec3-479dfe92e4c6,久喜,36.065684,139.67727,埼玉県,宇都宮線
bdfb99bf-05bc-40f5-998e-7b9de1d7ea83,東鷲宮,36.089428,139.67913,埼玉県,宇都宮線
5f4393fc-dd31-4338-86b4-4814612c0442,栗橋,36.136852,139.694177,埼玉県,宇都宮線
7e883e3a-74f4-4c6a-85da-f6c4f9087228,古河,36.194375,139.709726,茨城県,宇都宮線
efda285a-d670-4e14-bbb3-3af00c628cea,野木,36.229963,139.734729,栃木県,宇都宮線
8bf3bc7b-0e58-4ecf-b3cb-fad58c9dd813,間々田,36.257907,139.761039,栃木県,宇都宮線
4410b56e-6d70-4a1e-b77f-4735065698c0,小山,36.312747,139.806241,栃木県,宇都宮線
37f98d2c-693f-4804-b5b2-b65f2a3baf15,小金井,36.374435,139.842232,栃木県,宇都宮線
d4b93599-5b63-4a05-a0d4-2b9a709b5302,自治医大,36.39543,139.854524,栃木県,宇都宮線
1a881f46-7baf-45c9-b560-2fa70e42667b,石橋,36.43651,139.866536,栃木県,宇都宮線
4e540189-5941-4858-b711-5b2d71d5fcdd,雀宮,36.493845,139.876811,栃木県,宇都宮線
41865157-2c61-45a3-9d39-cf6697f48b04,宇都宮,36.559246,139.898389,栃木県,宇都宮線
8c5b8a85-b072-4d19-9f7d-e8a3b01b9e50,岡本,36.598182,139.944363,栃木県,宇都宮線
70bc72c0-be75-41c6-aa01-1f7f48208ee4,宝積寺,36.631703,139.979487,栃木県,宇都宮線
2516d4fc-901b-4e2c-a5cd-955c9c72fa10,氏家,36.681696,139.9621,栃木県,宇都宮線
3811a961-e9b4-49a0-bd31-30a78265b22e,蒲須坂,36.720727,139.950461,栃木県,宇都宮線
bb296560-5bb1-4873-9720-1355ae6f8ccb,片岡,36.754557,139.945665,栃木県,宇都宮線
85134f70-7ce7-4471-9ed5-c1e5f9823e82,矢板,36.80655,139.932912,栃木県,宇都宮線
e809560c-7c6e-4b51-a767-d9464f820796,野崎,36.843722,139.957752,栃木県,宇都宮線
43e44457-a946-4f06-873e-95fe53a5059b,西那須野,36.883726,139.986383,栃木県,宇都宮線
1976519d-9fc8-4058-a8d8-a981e1b27da9,那須塩原,36.931956,140.020694,栃木県,宇都宮線
e38919f5-f499-4bea-9226-c13d032010be,黒磯,36.970128,140.060204,栃木県,宇都宮線
e38bec14-4bb9-4d5b-ad8b-6b5105d00f31,上野,35.71379,139.777043,東京都,JR常磐線(上野～取手)
7a2758ea-5415-4cad-bac6-5ddc36a329e1,日暮里,35.727908,139.771287,東京都,JR常磐線(上野～取手)
b8647758-5094-4c5b-bf6e-20f40e99022c,三河島,35.733383,139.777131,東京都,JR常磐線(上野～取手)
08f7ed28-7c3b-4254-becc-7c4604af6cc2,南千住,35.734033,139.7994,東京都,JR常磐線(上野～取手)
81924500-941b-403a-bdc6-e752c7c0883b,北千住,35.749677,139.804872,東京都,JR常磐線(上野～取手)
2dd67749-3fe2-4113-855a-128f6825b5c2,綾瀬,35.762222,139.825019,東京都,JR常磐線(上野～取手)
eef947a8-395a-495d-aba4-5a3bfd3ec63e,亀有,35.766527,139.847573,東京都,JR常磐線(上野～取手)
08dd32d3-f48d-48da-9e07-2ce6b55aa5d3,金町,35.769582,139.870482,東京都,JR常磐線(上野～取手)
fa109ae8-25b2-4529-befb-a1b50e9accf6,松戸,35.784472,139.900779,千葉県,JR常磐線(上野～取手)
237d736b-869a-4e62-a942-07bde62dac76,北松戸,35.800459,139.911528,千葉県,JR常磐線(上野～取手)
7820a97f-d862-4d93-97dc-ad0258b278c5,馬橋,35.811682,139.917305,千葉県,JR常磐線(上野～取手)
923900f4-fd64-4a80-b2fe-1ba5c54b0e4a,新松戸,35.825467,139.921076,千葉県,JR常磐線(上野～取手)
a69a7c46-3f7e-4885-a073-5d5a05cae158,北小金,35.833436,139.931303,千葉県,JR常磐線(上野～取手)
788aedc6-e8dc-4db6-8609-5f569b9edf49,南柏,35.844655,139.954111,千葉県,JR常磐線(上野～取手)
388f30cc-b78e-4d49-bea6-e4b92df0a306,柏,35.862316,139.971148,千葉県,JR常磐線(上野～取手)
6c8a346a-893e-41fe-9283-06f1e3d21aa0,北柏,35.875623,139.988035,千葉県,JR常磐線(上野～取手)
20ba62e7-69d9-41ce-b314-0d1ee6e89dcc,我孫子,35.87279,140.010466,千葉県,JR常磐線(上野～取手)
89b65aed-e95e-4682-99e0-ae31bfb63878,天王台,35.872558,140.04121,千葉県,JR常磐線(上野～取手)
9485ab37-f5b0-4862-a4b7-9e04b0394d9e,取手,35.89553,140.063004,茨城県,JR常磐線(取手～いわき)
2040d287-9589-4bb7-9866-c87fea429f07,取手,35.89553,140.063004,茨城県,JR常磐線(上野～取手)
d7d36181-20d8-4a9b-b360-bfc28b6c6cd9,藤代,35.920565,140.118251,茨城県,JR常磐線(取手～いわき)
94b8bae9-80e9-42b7-b231-67dd77fcd2c0,佐貫,35.930066,140.138217,茨城県,JR常磐線(取手～いわき)
db4a828d-c55e-47c4-9ca9-e9aeac3e97dd,牛久,35.975314,140.141039,茨城県,JR常磐線(取手～いわき)
18f979c8-48f6-4fc4-806f-96c6e2be8ee3,ひたち野うしく,36.007996,140.158408,茨城県,JR常磐線(取手～いわき)
67dafca0-58f6-423b-9cec-c2f4bd259cc8,荒川沖,36.030552,140.16592,茨城県,JR常磐線(取手～いわき)
c9e3b768-80fa-4779-9e18-7a22a368d4ac,土浦,36.078644,140.206238,茨城県,JR常磐線(取手～いわき)
4a8f2c1d-4403-4426-abae-334feb1cc160,神立,36.120424,140.248615,茨城県,JR常磐線(取手～いわき)
282f57e0-00fc-4d88-aa0c-b1e17bfc1577,高浜,36.163882,140.294745,茨城県,JR常磐線(取手～いわき)
b08fb488-b9e5-48c8-83e1-b14fb22eeff7,石岡,36.191554,140.279709,茨城県,JR常磐線(取手～いわき)
7b6c39c6-8961-4353-b0ea-b5eb3fd61b8c,羽鳥,36.247661,140.28679,茨城県,JR常磐線(取手～いわき)
300678b8-0cc2-486c-9b56-f23e24421884,岩間,36.295508,140.276493,茨城県,JR常磐線(取手～いわき)
a916af29-79bf-4a28-8c38-cf0d813c6d24,友部,36.350597,140.306306,茨城県,JR常磐線(取手～いわき)
1be3ea63-f628-4583-a8f6-ad983ee4b489,内原,36.370111,140.35282,茨城県,JR常磐線(取手～いわき)
ed41af4b-5436-4f8c-8a54-778a9617ec2e,赤塚,36.381755,140.415248,茨城県,JR常磐線(取手～いわき)
beb87e96-dbbe-4d14-b7d6-e5696734b6b0,偕楽園,36.373041,140.456292,茨城県,JR常磐線(取手～いわき)
15714e31-dd48-44b0-8bef-2adda62a1229,水戸,36.370911,140.47676,茨城県,JR常磐線(取手～いわき)
a0b83f93-6232-4620-a9ce-f55991488e53,勝田,36.394033,140.524482,茨城県,JR常磐線(取手～いわき)
343ea792-cc44-4cf0-add8-1591ab762632,佐和,36.430409,140.540477,茨城県,JR常磐線(取手～いわき)
e74d00d6-1e80-4d40-8176-9c35f8334401,東海,36.465378,140.565835,茨城県,JR常磐線(取手～いわき)
694e25de-16c5-41c1-9967-2d25b403cfc2,大甕,36.513052,140.619362,茨城県,JR常磐線(取手～いわき)
9e3f874b-799a-4836-a2ff-2eed1e57f886,常陸多賀,36.552145,140.632682,茨城県,JR常磐線(取手～いわき)
408b1e6e-a10a-4533-8b14-249dd7ff0e46,日立,36.590408,140.661883,茨城県,JR常磐線(取手～いわき)
66c12e9f-6a2a-48d7-b06f-e7e28bd24b8e,小木津,36.636533,140.67526,茨城県,JR常磐線(取手～いわき)
192f4b59-3e82-4f5e-9456-627ad6bc5269,十王,36.671385,140.68623,茨城県,JR常磐線(取手～いわき)
d0284577-e189-429c-9e8c-56e56d56aac4,高萩,36.714873,140.716707,茨城県,JR常磐線(取手～いわき)
61651718-da42-4814-a244-ea5a759aa890,南中郷,36.753501,140.729028,茨城県,JR常磐線(取手～いわき)
39af91a6-e2fd-477d-86a9-c5a6f9fbb806,磯原,36.790684,140.746366,茨城県,JR常磐線(取手～いわき)
e64d4489-6d08-4cb1-887b-bc04895808ad,大津港,36.846085,140.778001,茨城県,JR常磐線(取手～いわき)
a637d2c4-ed57-47c5-8847-a420c4c3258b,勿来,36.883883,140.786506,福島県,JR常磐線(取手～いわき)
166c9cbe-9e36-477d-aaf0-ac057c79bab1,植田,36.920649,140.796468,福島県,JR常磐線(取手～いわき)
d69f371a-cab4-4492-bfb3-409864c6b468,泉,36.955602,140.854125,福島県,JR常磐線(取手～いわき)
e6d5004c-3bee-4fdb-a6b8-9a627b0b941c,湯本,37.006922,140.849884,福島県,JR常磐線(取手～いわき)
2f317a23-d283-4805-a26a-f18b1ca2c15b,内郷,37.035895,140.855005,福島県,JR常磐線(取手～いわき)
3d75918a-72cc-4877-b491-6689535e70c4,いわき,37.058241,140.892273,福島県,JR常磐線(取手～いわき)
71f7b010-45cb-48d7-8666-80dda6fcb92c,いわき,37.058241,140.892273,福島県,JR常磐線(いわき～仙台)
8eaf085e-3aff-44ae-b16a-ad8fb5589a4b,草野,37.073863,140.947243,福島県,JR常磐線(いわき～仙台)
dec2a675-aaf3-47fa-9b94-d0aed1acc4da,四ツ倉,37.102338,140.980907,福島県,JR常磐線(いわき～仙台)
c2eac2ae-7e60-40f1-991b-da20ce1a6e73,久ノ浜,37.142465,140.995741,福島県,JR常磐線(いわき～仙台)
e3f012c8-2fec-439b-aae2-ff7346e0e973,末続,37.172156,140.995565,福島県,JR常磐線(いわき～仙台)
f9e187f5-9f39-405c-bd71-2fef772582f6,広野,37.21157,140.998769,福島県,JR常磐線(いわき～仙台)
caf0a31b-2990-41b3-9c43-0ccc4eea61cf,木戸,37.257875,141.00247,福島県,JR常磐線(いわき～仙台)
4d1eff44-17b2-47a5-a41f-000129dc2793,竜田,37.282485,141.002822,福島県,JR常磐線(いわき～仙台)
bef4ad71-9762-4e2f-8d5e-97ad0b422d1b,富岡,37.33396,141.02276,福島県,JR常磐線(いわき～仙台)
3aeb6db3-0fe8-4add-b989-0ef4d978065b,夜ノ森,37.365761,140.991988,福島県,JR常磐線(いわき～仙台)
ab7fec91-93aa-4045-8b41-757ca8156583,大野,37.409367,140.984163,福島県,JR常磐線(いわき～仙台)
72627ada-b3a0-4fa3-a5ac-04ed4698254e,双葉,37.453795,141.005815,福島県,JR常磐線(いわき～仙台)
b948d87f-2531-4a68-807d-986837737cf9,浪江,37.492291,140.989521,福島県,JR常磐線(いわき～仙台)
10eb4217-23be-4b94-bd70-32138ba3d25e,桃内,37.52866,140.984352,福島県,JR常磐線(いわき～仙台)
9399e540-b15b-4ed5-a6b7-5cb0021e2d40,小高,37.56298,140.996375,福島県,JR常磐線(いわき～仙台)
d2f90fb5-5bf1-44b3-b084-36aafbd04e9b,磐城太田,37.605114,140.991407,福島県,JR常磐線(いわき～仙台)
5345ec11-bfac-4e22-b641-512aa1e90445,原ノ町,37.6379,140.971161,福島県,JR常磐線(いわき～仙台)
0da4e1dc-665e-479e-8ad2-6647ff3aaff9,鹿島,37.702827,140.970062,福島県,JR常磐線(いわき～仙台)
7b5bdc0d-9ef4-4828-99ab-8a02e68852e7,日立木,37.756081,140.934642,福島県,JR常磐線(いわき～仙台)
041bdd9a-d0c4-4285-8368-246d19dbecb1,相馬,37.802455,140.925713,福島県,JR常磐線(いわき～仙台)
639169f8-fb06-4f8f-afce-9b3b8f2afb08,駒ケ嶺,37.842353,140.925075,福島県,JR常磐線(いわき～仙台)
3c251c5a-f9ff-4e5f-93ea-99dc416c9580,新地,37.881123,140.926501,福島県,JR常磐線(いわき～仙台)
b44f644d-f844-47d6-8824-24cec16ce1fe,坂元,37.928454,140.912727,宮城県,JR常磐線(いわき～仙台)
c374870f-d25d-4021-8ccf-890ec9ccdf21,山下,37.967292,140.900688,宮城県,JR常磐線(いわき～仙台)
49104d27-5c0b-43ae-98e2-f4fc9b33103a,浜吉田,38.002195,140.890083,宮城県,JR常磐線(いわき～仙台)
391b9a6f-98aa-47d6-9562-3d58b57a9cc2,亘理,38.039776,140.861317,宮城県,JR常磐線(いわき～仙台)
5447a07c-6381-4891-88e7-4d225f29ed3f,逢隈,38.067584,140.854669,宮城県,JR常磐線(いわき～仙台)
c45ba459-2b15-4a77-8dce-ffdef47c92b8,岩沼,38.11205,140.863783,宮城県,JR常磐線(いわき～仙台)
609c0ecf-b1ee-4b79-ba0e-bcbaf644542a,館腰,38.142987,140.880208,宮城県,JR常磐線(いわき～仙台)
f59d9ca4-0e52-4bd0-b016-87dd39df322c,名取,38.173017,140.882753,宮城県,JR常磐線(いわき～仙台)
bcc902fa-387b-4845-8d99-57f6e8d07037,南仙台,38.197384,140.883296,宮城県,JR常磐線(いわき～仙台)
f3b9dbe9-baeb-4243-94e3-8450dc34477f,太子堂,38.21711,140.883436,宮城県,JR常磐線(いわき～仙台)
832db690-15fb-47b5-80b5-23f08c176e42,長町,38.226797,140.885986,宮城県,JR常磐線(いわき～仙台)
d1fd3e4a-0f4e-4883-af5c-729e9bd08416,仙台,38.260027,140.882158,宮城県,JR常磐線(いわき～仙台)
4ef6c081-5996-4180-ad63-18d359966780,大崎,35.619772,139.728439,東京都,JR埼京線
569f66bb-ce3b-4a9a-b9b1-c40bbc78e00b,恵比寿,35.646685,139.71007,東京都,JR埼京線
033e72ac-cd5f-4b42-bd46-f0e29b81206e,渋谷,35.658871,139.701238,東京都,JR埼京線
0c8492c0-8a02-4912-8313-15417472a88a,新宿,35.689729,139.700464,東京都,JR埼京線
6f38f1b3-d3d3-434c-a0ae-ea1632eb99c4,池袋,35.730256,139.711086,東京都,JR埼京線
f2cc27e3-a483-4408-90c4-448040630b53,板橋,35.745435,139.719507,東京都,JR埼京線
670de164-0235-4001-a7de-39c7b5c6ba01,十条,35.760321,139.722233,東京都,JR埼京線
64633ac3-85fa-4b12-b68e-5df1db17e3be,赤羽,35.778026,139.720928,東京都,JR埼京線
06592a80-05f0-40bd-bba5-cee252d41384,北赤羽,35.787007,139.70569,東京都,JR埼京線
61b2fa30-d58b-4dc3-b2c0-387f2df2bd5a,浮間舟渡,35.791209,139.691341,東京都,JR埼京線
6688d4c6-f996-4426-8eea-a8bbe8f47ddf,戸田公園,35.807906,139.678203,埼玉県,JR埼京線
c9e6549c-ac68-4d3e-b1ee-ebe036a17a1c,戸田,35.817665,139.669548,埼玉県,JR埼京線
cf0820f6-97f1-43ee-a03d-bf288cc49b74,北戸田,35.826883,139.661201,埼玉県,JR埼京線
d438f51a-4b61-41ad-8554-3df38a363947,武蔵浦和,35.845422,139.646809,埼玉県,JR埼京線
d8f612cd-427b-4b45-9221-48ab0785a24d,中浦和,35.853769,139.6375,埼玉県,JR埼京線
3577a372-6d39-4871-aca1-139fe20e15a9,南与野,35.867456,139.631117,埼玉県,JR埼京線
8814d230-4f32-493d-b95e-1596cb7e73bf,与野本町,35.880968,139.626075,埼玉県,JR埼京線
8d2cd2ab-87e6-48e2-a5ce-e09427158613,北与野,35.890678,139.628521,埼玉県,JR埼京線
c5afd9fa-0995-47b6-a56d-f5181fa7c2be,大宮,35.906439,139.62405,埼玉県,JR埼京線
dab2500c-8a5d-424b-9e14-7c310c01bd48,日進,35.931555,139.606111,埼玉県,JR埼京線
a51dc1b2-4601-4777-bd2e-1736cd7d4cd8,指扇,35.917023,139.564951,埼玉県,JR埼京線
bd5d901a-c69c-4333-95f0-102b73609796,南古谷,35.903344,139.519082,埼玉県,JR埼京線
00556e54-c1ea-48a2-955d-82118659acd3,川越,35.906742,139.483078,埼玉県,JR埼京線
da3ad8e2-a7d9-4be9-8819-116b57c21f59,大宮,35.906439,139.62405,埼玉県,JR川越線
d628f93c-f18c-4dbd-9f0c-b454afe637a4,日進,35.931555,139.606111,埼玉県,JR川越線
ebc22bc0-cd8f-4e0e-8b05-aacfb4201805,西大宮,35.9222813336982,139.579796791076,埼玉県,JR川越線
d1ccd605-6c13-465d-ba45-9e6b383052df,指扇,35.917023,139.564951,埼玉県,JR川越線
646589df-3165-4e34-88a1-f88dd5025eef,南古谷,35.903344,139.519082,埼玉県,JR川越線
966de92a-91c8-4abf-b4e5-e497636ec3f0,川越,35.906742,139.483078,埼玉県,JR川越線
01e0f722-3313-4792-aa04-a0e57222f131,西川越,35.91909,139.459746,埼玉県,JR川越線
f87122d1-4208-4db9-8842-7fa41e61b688,的場,35.917478,139.435376,埼玉県,JR川越線
125b36d8-faaa-4052-867e-a06943af2f59,笠幡,35.907551,139.40622,埼玉県,JR川越線
8aed96de-998b-4bd9-8d14-3a5c0e6391e8,武蔵高萩,35.901729,139.371123,埼玉県,JR川越線
cc14587d-332c-4b85-b381-78c584f2f57d,高麗川,35.896328,139.33809,埼玉県,JR川越線
c8a139ef-ef49-4ed1-9778-c89c924bd7fc,上野,35.71379,139.777043,東京都,JR高崎線
7002441f-82b4-443e-a476-2cabc9f16dc2,尾久,35.74683,139.753846,東京都,JR高崎線
3196e103-9e03-4eb3-963b-a465d4ab1d3c,赤羽,35.778026,139.720928,東京都,JR高崎線
d81c07e4-c1fe-4fe9-b761-8a798739d533,浦和,35.858496,139.657109,埼玉県,JR高崎線
862af302-2bf7-491e-99ac-2c501f045612,さいたま新都心,35.893867,139.633587,埼玉県,JR高崎線
57668fbc-df48-4903-b585-1dc9d03d2cd1,大宮,35.906439,139.62405,埼玉県,JR高崎線
0e40aabe-89ef-401e-9868-be8d4bac73e9,宮原,35.940256,139.609455,埼玉県,JR高崎線
57157d69-fb5c-4b1f-94ee-d0f958b8d820,上尾,35.973522,139.588434,埼玉県,JR高崎線
6d27e486-7af2-47f4-83b2-9f55b99a40a6,北上尾,35.985632,139.577223,埼玉県,JR高崎線
2b673f2e-e096-4f32-9e8a-10840974e0ce,桶川,35.998375,139.564274,埼玉県,JR高崎線
259b8f74-f328-4afb-ba75-fd990a79367b,北本,36.032112,139.533591,埼玉県,JR高崎線
c249e9c7-0fe5-49b0-82f6-591bc01e5c58,鴻巣,36.0592,139.509552,埼玉県,JR高崎線
c1aef21a-ff92-4d5a-ad7f-f5a315e0933e,北鴻巣,36.085529,139.476894,埼玉県,JR高崎線
58f2ad17-fcf4-4742-8a06-49921b8b7b43,吹上,36.103062,139.45312,埼玉県,JR高崎線
f9e16410-b03e-424b-89a0-79a199299e89,行田,36.113879,139.432103,埼玉県,JR高崎線
94870ba1-7d0d-4957-8495-2f2420248751,熊谷,36.139627,139.389528,埼玉県,JR高崎線
4d2812c5-dd7d-4f29-b47b-9001676d36bc,籠原,36.17448,139.330199,埼玉県,JR高崎線
3f739e42-1c7a-4690-aab9-688067d9dd77,深谷,36.191344,139.28127,埼玉県,JR高崎線
2fbb3cb5-8099-4e32-8254-994d6affa88e,岡部,36.205645,139.237622,埼玉県,JR高崎線
6b0113be-9a69-4aa9-881c-07851e2a6680,本庄,36.236229,139.188299,埼玉県,JR高崎線
ce6c1e12-475e-4c63-a7b1-53f2c7ec8352,神保原,36.25359,139.149172,埼玉県,JR高崎線
a523294d-ab0e-44c6-aa1f-2040cae4cc51,新町,36.272984,139.105457,群馬県,JR高崎線
4c235b7b-19ef-4dc2-96a1-0ca7f1db288c,倉賀野,36.300216,139.049474,群馬県,JR高崎線
576c4c21-1d3a-48d4-8dce-2a65322152d6,高崎,36.322239,139.012354,群馬県,JR高崎線
cf3a61c6-1007-4273-af74-9db4f92df8cc,千葉,35.613425,140.112837,千葉県,JR外房線
a1d1a7ad-8045-48f6-966e-b645ef44b7a5,本千葉,35.601202,140.120987,千葉県,JR外房線
b91258db-b29f-4acd-a246-dee7faa57046,蘇我,35.582065,140.130767,千葉県,JR外房線
b7c3d0ea-8739-49ee-8223-dcc5f057e0a2,鎌取,35.562795,140.178583,千葉県,JR外房線
85cb4749-0327-4548-b888-d99205b31588,誉田,35.546996,140.213748,千葉県,JR外房線
44588a34-135d-45ac-98d0-d64407545894,土気,35.530866,140.269783,千葉県,JR外房線
a0c0ba90-313d-484b-b308-297edef53d4e,大網,35.522427,140.311111,千葉県,JR外房線
94e7eebc-cce4-4244-ae62-a35d981a70ba,永田,35.503129,140.311162,千葉県,JR外房線
0173fd50-a0df-4520-8dde-aa962206f134,本納,35.48227,140.30758,千葉県,JR外房線
52acb438-6885-4e40-bbbe-967695d02644,新茂原,35.449477,140.29983,千葉県,JR外房線
1936fabf-bf3a-4283-851f-103757200644,茂原,35.426733,140.304121,千葉県,JR外房線
4a91e84c-ee1f-4e40-9893-332c99c83206,八積,35.403971,140.345367,千葉県,JR外房線
b8f9133b-a62f-4fb7-8845-32d44e3b0e92,上総一ノ宮,35.373401,140.365138,千葉県,JR外房線
77cd7e52-a3f4-45bd-b1a8-b471b98f93f6,東浪見,35.34669,140.376706,千葉県,JR外房線
8503fd97-29c0-4ded-8cb8-23842510adbd,太東,35.319942,140.381184,千葉県,JR外房線
6db7f287-6596-4174-81ab-06aca2f1ee2b,長者町,35.295839,140.385021,千葉県,JR外房線
660e2a2e-72b2-4afa-982d-fac90ba64322,三門,35.282377,140.391567,千葉県,JR外房線
1e71fa57-8d5f-44ce-8e9a-3a2fa2396be8,大原,35.251097,140.390864,千葉県,JR外房線
750cd7f3-452e-45ee-b8df-4a35f6db78ae,浪花,35.222674,140.379428,千葉県,JR外房線
64f3f938-6447-443b-ba24-217e4d595b60,御宿,35.188028,140.35197,千葉県,JR外房線
8025a722-56c1-41f6-8b41-23be86f02973,勝浦,35.152722,140.312142,千葉県,JR外房線
1673e3da-1bcd-4d9e-a60f-0fab4a1861d0,鵜原,35.140828,140.278446,千葉県,JR外房線
7832809c-5054-4453-87c4-8b83ab04a427,上総興津,35.137146,140.250487,千葉県,JR外房線
2594d897-430b-4fc0-b33d-5f5fa68ba0ab,行川アイランド,35.11832,140.226962,千葉県,JR外房線
f1c64906-f831-4dbc-b1af-28a85d9c8266,安房小湊,35.128597,140.190337,千葉県,JR外房線
034be2d0-1cf3-4a46-9fe0-a4af57dbd760,安房天津,35.125473,140.154487,千葉県,JR外房線
575d1634-4b2d-459e-9c81-17469d6308de,安房鴨川,35.107465,140.103566,千葉県,JR外房線
96dbb25e-cbc8-4846-8453-0ec5ee327a25,千葉,35.613425,140.112837,千葉県,JR内房線
389c6f4c-a17b-451b-a2bb-ff2480a935ab,本千葉,35.601202,140.120987,千葉県,JR内房線
17830157-12d9-44b0-8dc1-6979d15b9d63,蘇我,35.582065,140.130767,千葉県,JR内房線
3e6c85d4-cc94-4f9f-ba9a-a61cf823b33b,浜野,35.551876,140.132089,千葉県,JR内房線
7c604696-3fa9-4f3b-b840-eef6c03bdc69,八幡宿,35.536189,140.120072,千葉県,JR内房線
a7627e5d-f436-441f-a3ab-397574a74297,五井,35.512985,140.089522,千葉県,JR内房線
f7cf5406-bd91-487d-8f43-498bf69e7145,姉ケ崎,35.4786,140.041749,千葉県,JR内房線
2548339e-409d-4de9-90e1-14c3eaceca84,長浦,35.450234,139.995478,千葉県,JR内房線
7e7fc408-8f1b-4a06-aa75-66074fe199bd,袖ケ浦,35.431997,139.95788,千葉県,JR内房線
dfe25d9c-95ea-435b-b8fe-18895ed1b54d,巌根,35.414285,139.933229,千葉県,JR内房線
7488c39b-2628-43f4-a643-d5ec5858c4cd,木更津,35.381668,139.92611,千葉県,JR内房線
f2887ae0-f75f-42ef-a556-136fce318478,君津,35.333619,139.895697,千葉県,JR内房線
d58b4741-fe4c-4d03-91bd-eb284f96036b,青堀,35.330304,139.858189,千葉県,JR内房線
18335c0c-9f5c-420b-a055-8e008067940c,大貫,35.291661,139.855541,千葉県,JR内房線
09d65aa9-ab89-4c5a-a104-fa8cc4212c44,佐貫町,35.260113,139.876106,千葉県,JR内房線
d275f114-ffc8-4bcf-ad83-73c62a302d28,上総湊,35.221855,139.871016,千葉県,JR内房線
2d15c14e-23ee-40f0-ba9d-49fedfd710ea,竹岡,35.197582,139.830159,千葉県,JR内房線
e681d0a7-4e09-4252-9835-7c39330dd3ca,浜金谷,35.168215,139.822141,千葉県,JR内房線
c4c252f3-1169-4883-aa98-8cc1a496b92d,保田,35.14148,139.838114,千葉県,JR内房線
6e418d59-c344-462d-bb73-97359462bf92,安房勝山,35.114022,139.83339,千葉県,JR内房線
21d95541-7cbd-4cee-aed6-c41e92e88b91,岩井,35.093062,139.849839,千葉県,JR内房線
0e658fb3-d793-4d48-89fb-4d0cf95d6b7e,富浦,35.04614,139.837811,千葉県,JR内房線
e6ccf62b-e143-4105-afc2-51e5ddf1ff54,那古船形,35.028987,139.851388,千葉県,JR内房線
194d5647-b2b2-4be0-b0f5-8572749386e2,館山,34.9959,139.861888,千葉県,JR内房線
7e23d307-671a-4a86-9e67-2e3821af11e3,九重,34.99752,139.911383,千葉県,JR内房線
6f800cd7-2d38-414c-b84f-115445d3fbd5,千倉,34.976704,139.954738,千葉県,JR内房線
3e304711-509d-454f-a518-8b5bd6977790,千歳,34.991701,139.966378,千葉県,JR内房線
266d99b6-867d-464b-902f-6684f5dea9e0,南三原,35.021065,139.979204,千葉県,JR内房線
9b908333-41d0-4dad-a7d6-a4c93b20946f,和田浦,35.041885,140.019569,千葉県,JR内房線
d4ffb392-16c3-474e-89c5-3fb5c4c0d756,江見,35.062513,140.061026,千葉県,JR内房線
1171f3c2-f3a1-4ec9-b977-71c993a20671,太海,35.081435,140.096229,千葉県,JR内房線
4eb84a3c-b748-437c-a8be-e16bf2bdcc1f,安房鴨川,35.107465,140.103566,千葉県,JR内房線
dd4f4e8a-09c7-4dc9-9eb3-47a1cdce197b,東京,35.681391,139.766103,東京都,JR京葉線
cce9cc72-5536-4ca0-a4bb-c8e2525fe7c1,八丁堀,35.674617,139.777705,東京都,JR京葉線
0da4c2c1-ccf0-4bbe-9e99-c4c085cd2c6a,越中島,35.667946,139.792713,東京都,JR京葉線
a50ca4f4-b63d-4fe6-afd6-7543afcfd882,潮見,35.658702,139.817341,東京都,JR京葉線
6e5ebd16-f9c5-4721-84ee-bbb648fb8b1d,新木場,35.646172,139.827402,東京都,JR京葉線
3addde60-eb5a-44b0-a62b-b259fb71678a,葛西臨海公園,35.644392,139.861529,東京都,JR京葉線
66c00fba-e710-472f-b9ff-58805392c1e8,舞浜,35.636115,139.883714,千葉県,JR京葉線
110718f5-282f-4a99-94d2-d2ae08277e21,新浦安,35.649526,139.912553,千葉県,JR京葉線
629e4a59-51b5-4c10-8e08-5a49fd3dcea4,市川塩浜,35.666554,139.923684,千葉県,JR京葉線
0eb986c2-cef0-4ff5-8171-6494a8d4c400,西船橋,35.707283,139.959536,千葉県,JR京葉線
b5fff0e6-70a0-4ed4-b532-4e536bdce70d,二俣新町,35.691273,139.959525,千葉県,JR京葉線
642c1056-1f84-43c0-8802-373cb344ad18,南船橋,35.681804,139.995773,千葉県,JR京葉線
ade75ce1-ba3c-4b4c-b5fd-1b5521ec782c,新習志野,35.667342,140.012825,千葉県,JR京葉線
1c3a0ffa-a90c-4497-8e8a-a99edbaa1028,海浜幕張,35.648373,140.041917,千葉県,JR京葉線
3b5604c8-b9f6-4893-a0c9-d2a01c01d814,検見川浜,35.637291,140.058888,千葉県,JR京葉線
c9e97bac-a74d-4a45-a2ed-92188375d9d6,稲毛海岸,35.629501,140.074034,千葉県,JR京葉線
fed6793d-3bbd-4f90-b0f1-be2ad3848feb,千葉みなと,35.606172,140.10341,千葉県,JR京葉線
69e0615b-933d-4129-80ce-7d9212cb7e92,蘇我,35.582065,140.130767,千葉県,JR京葉線
69e6b48f-199d-45a0-8e69-3b170f194b90,佐倉,35.709743,140.226722,千葉県,JR成田線
6ed5d497-a96e-4390-a7f3-1b349959d68c,酒々井,35.731737,140.275271,千葉県,JR成田線
fb9a1433-8d5e-409d-9ce2-dfb555a11915,成田,35.777796,140.313853,千葉県,JR成田線
57bd554e-0c53-462b-bfe3-e8bce50c8162,空港第２ビル（第２旅客ターミナル）,35.773327,140.387871,千葉県,JR成田線
c16e0443-628d-4b03-ad7b-2467851c630f,成田空港（第１旅客ターミナル）,35.763983,140.384644,千葉県,JR成田線
e1f75db5-9356-459c-b1ea-7da9ff224453,久住,35.832232,140.338929,千葉県,JR成田線
7bfdb922-2c03-48a3-be8b-609e4fe634c9,滑河,35.877079,140.347871,千葉県,JR成田線
f4009f61-0511-47e9-83a5-aae0dd59c1d1,下総神崎,35.8948,140.410657,千葉県,JR成田線
cc52791c-bb4d-4cbb-be6e-f47d54b1c4bb,大戸,35.890004,140.457828,千葉県,JR成田線
bd8a08a4-fc29-43e1-ac49-5d0d3263a79f,佐原,35.894522,140.494074,千葉県,JR成田線
35fc2603-74a6-4a66-9431-8bb6bf43d236,香取,35.897856,140.532367,千葉県,JR成田線
543349a6-222b-4b9d-8f99-4da30d0c2b51,水郷,35.885508,140.570181,千葉県,JR成田線
694b4f71-c66a-4953-9c9d-78eb05eaa2ed,小見川,35.849971,140.604587,千葉県,JR成田線
eebba9bd-6207-4fd6-91c8-c5b2f6906ffc,笹川,35.839753,140.655716,千葉県,JR成田線
bf92ff5b-2262-4211-8495-9ca1a6096e9a,下総橘,35.818673,140.702273,千葉県,JR成田線
ffe65280-b5dd-4a3d-be3e-c7c38211cc4b,下総豊里,35.792899,140.721011,千葉県,JR成田線
9574104e-be13-4154-9bdc-eef4752225a4,椎柴,35.765204,140.758875,千葉県,JR成田線
715d8091-158b-4a39-b1b4-2c1fcb378f1a,松岸,35.739386,140.795143,千葉県,JR成田線
9b6a4555-589e-4246-abc6-4d0db7c2ebe9,銚子,35.729449,140.827557,千葉県,JR成田線
9c8b421d-8f85-4c27-a426-c8796546b271,我孫子,35.87279,140.010466,千葉県,JR成田線
f80b2170-4f65-4ce7-a9ae-1ca81131b6ea,東我孫子,35.868945,140.047754,千葉県,JR成田線
9fa8d5d5-0aa1-4e3c-aefc-87991944f168,湖北,35.867165,140.077959,千葉県,JR成田線
8b953f8b-013b-43cf-85a7-de973d06f395,新木,35.862352,140.107048,千葉県,JR成田線
067249b8-b5bc-40a0-9b50-4bfca2f254cf,布佐,35.849371,140.13293,千葉県,JR成田線
f03dd90a-d041-4ef2-9c35-e1a2e02f90ea,木下,35.838817,140.147954,千葉県,JR成田線
88275207-ef8a-4566-96f8-e00ac0ca218a,小林,35.830783,140.193028,千葉県,JR成田線
f84288b7-ca58-4d33-ae04-36159b9623cd,安食,35.835682,140.242051,千葉県,JR成田線
9cf566db-e236-4810-859c-d4f482339ee6,下総松崎,35.807806,140.27749,千葉県,JR成田線
15af5ef4-bcb2-45fa-9a6a-9b9a0b7f6bfd,大船,35.353466,139.531127,神奈川県,JR成田エクスプレス
66ba8ebe-96ed-46bb-babf-756e7100e98e,戸塚,35.400432,139.534282,神奈川県,JR成田エクスプレス
5c702fdd-31dc-4adc-ac97-7348abaad135,横浜,35.466195,139.622704,神奈川県,JR成田エクスプレス
459c3409-7bb4-4965-ad03-705de7d92dd4,武蔵小杉,35.575965,139.663278,神奈川県,JR成田エクスプレス
b2e94fbd-f331-44e7-8177-cd82ce121f4f,大宮,35.906439,139.62405,埼玉県,JR成田エクスプレス
47246ebc-3d67-463a-b72b-1616c106f23a,池袋,35.730256,139.711086,東京都,JR成田エクスプレス
9c4092a2-a8d8-405c-95e4-3e6a24d85fa8,新宿,35.689729,139.700464,東京都,JR成田エクスプレス
5e39e207-e82c-4b26-80aa-97ab055202f5,高尾,35.642026,139.282288,東京都,JR成田エクスプレス
41a69ce3-39ad-430b-9932-dfc4c76aecb0,八王子,35.655555,139.338998,東京都,JR成田エクスプレス
4e12a073-a4a0-429c-a2ab-56590f243f81,立川,35.698202,139.413704,東京都,JR成田エクスプレス
0f62dac3-2248-4690-a782-9204ec36ee2b,国分寺,35.700123,139.480841,東京都,JR成田エクスプレス
12bcf1e8-d096-4815-8c98-4097bdb4e92f,三鷹,35.702683,139.560325,東京都,JR成田エクスプレス
bcef0451-2749-4a59-aea3-3d43b37d40cc,吉祥寺,35.703119,139.579765,東京都,JR成田エクスプレス
cbd3e965-13cc-4753-a13d-63bfbfcd76ad,渋谷,35.658871,139.701238,東京都,JR成田エクスプレス
7c815c3d-ee87-4631-9b56-14a16ac05ea7,品川,35.62876,139.738999,東京都,JR成田エクスプレス
b2aaef13-b345-4cfa-81d3-30b37541e0bc,東京,35.681391,139.766103,東京都,JR成田エクスプレス
29751219-e5da-4347-9cda-69028b6dc32e,千葉,35.613425,140.112837,千葉県,JR成田エクスプレス
a90f3f63-0286-4903-a8a7-c5b90bdef25e,四街道,35.662756,140.165023,千葉県,JR成田エクスプレス
6cec1562-3c22-4e35-b938-e3b41f9ed45f,成田,35.777796,140.313853,千葉県,JR成田エクスプレス
0d6d0237-60f3-43fb-a50c-064606b7a015,空港第２ビル（第２旅客ターミナル）,35.773693,140.387163,千葉県,JR成田エクスプレス
953a7adf-3b1c-443f-a92e-21528c837889,成田空港（第１旅客ターミナル）,35.763983,140.384644,千葉県,JR成田エクスプレス
bfd63fef-ddac-46c3-8e99-e936a3e3dd5c,佐原,35.894522,140.494074,千葉県,JR鹿島線
65ee0bb3-5e2d-412b-8030-0b7017b7bc26,香取,35.897856,140.532367,千葉県,JR鹿島線
27c413b8-f267-43db-97c9-331b4e10d2a6,十二橋,35.916984,140.545707,千葉県,JR鹿島線
8fe6fab9-f6d7-425d-b9bf-2e0e27ff57fc,潮来,35.936904,140.549473,茨城県,JR鹿島線
6dc8747d-0cca-47e7-aa87-8dc6cd9e04a6,延方,35.958072,140.58875,茨城県,JR鹿島線
1c1b5f59-23f7-4cbf-b58f-5aaad55a41f5,鹿島神宮,35.970614,140.625676,茨城県,JR鹿島線
982cc81f-816d-476b-be2e-4c4ed0550148,鹿島サッカースタジアム（臨）,35.992707,140.63606,茨城県,JR鹿島線
72b76fc3-0291-4a64-ac19-388caf956cdd,木更津,35.381668,139.92611,千葉県,JR久留里線
de7e58e8-0489-4bf0-bfe5-3cf5d166e46b,祇園,35.391528,139.948111,千葉県,JR久留里線
a20c6f43-7c61-4d3d-934a-1dcbfde5d988,上総清川,35.390981,139.965612,千葉県,JR久留里線
6e2a2bdf-ad05-432f-9a57-64225c46756c,東清川,35.390017,139.985847,千葉県,JR久留里線
f0e211d1-c360-4912-9188-3dcb0c116842,横田,35.386207,140.020138,千葉県,JR久留里線
9643250f-1878-4e08-a63e-5ee16390df3c,東横田,35.386185,140.035995,千葉県,JR久留里線
9d875e52-2171-4f53-bece-6ce08fb9d6f7,馬来田,35.36681,140.058485,千葉県,JR久留里線
39c2a1d6-891b-42af-b0a4-ccbe011ce9d0,下郡,35.355018,140.055372,千葉県,JR久留里線
c7bdd46c-9e98-454f-89b6-4f45ee8941d1,小櫃,35.328252,140.059794,千葉県,JR久留里線
76dc516f-aeee-4c85-a81f-12bbeed3efd1,俵田,35.314495,140.061386,千葉県,JR久留里線
4735579d-a118-494d-be41-7fbdb853890d,久留里,35.295812,140.075613,千葉県,JR久留里線
cb91d9f5-341b-408f-a4a4-6da112db7967,平山,35.274312,140.064682,千葉県,JR久留里線
9efe7301-afb6-48dc-bb0e-39484c087bb7,上総松丘,35.258226,140.064046,千葉県,JR久留里線
9827a922-1991-4ea3-8492-bae9b8059c14,上総亀山,35.233153,140.089479,千葉県,JR久留里線
ee9e5275-bde1-4e46-9c1b-73ebfd46dd0a,大網,35.522427,140.311111,千葉県,JR東金線
5860b345-3b81-4f3d-901e-2ef43d6597f2,福俵,35.54617,140.341904,千葉県,JR東金線
89ce89ee-902a-414b-ae82-e6d012b7ee6e,東金,35.560172,140.363743,千葉県,JR東金線
e2574850-1ad8-4ef9-be26-36ba28a94c72,求名,35.579947,140.39626,千葉県,JR東金線
ca87ce08-48a6-4d49-800a-78fe5119a4cb,成東,35.608513,140.410109,千葉県,JR東金線
54139b05-fe76-4d24-b54c-af23068e936d,大宮,35.906439,139.62405,埼玉県,JR京浜東北線
53543410-ed11-4fba-a496-27a73a0406b1,さいたま新都心,35.893867,139.633587,埼玉県,JR京浜東北線
9452d93e-cb5b-4f02-92c3-bae1bc387b3e,与野,35.884393,139.639085,埼玉県,JR京浜東北線
8180d824-5aa6-43a2-b5fd-dda937b77615,北浦和,35.872053,139.645951,埼玉県,JR京浜東北線
84491aad-a198-46db-a2f8-c8f16e41b999,浦和,35.858496,139.657109,埼玉県,JR京浜東北線
b93b8fd1-67c8-4c15-89d9-dda17f011628,南浦和,35.847648,139.669125,埼玉県,JR京浜東北線
e488e3d4-360f-4bad-a0e8-8c764f8f2769,蕨,35.827959,139.690357,埼玉県,JR京浜東北線
a3feb7e1-5e88-4a93-961c-ce42ee017a87,西川口,35.815514,139.704312,埼玉県,JR京浜東北線
2d639f66-6f11-46b9-b770-5063fae4750b,川口,35.801869,139.717472,埼玉県,JR京浜東北線
1ded5ab4-3baf-4be2-8a0f-4b50e1720b16,赤羽,35.778026,139.720928,東京都,JR京浜東北線
08d8393b-dac8-4f4e-9179-9701d55e79fb,東十条,35.763803,139.726858,東京都,JR京浜東北線
ad35477e-7449-4155-aae7-92a46ba29abe,王子,35.752538,139.73809,東京都,JR京浜東北線
f5a171c0-33d2-437d-9337-44036497da47,上中里,35.74728,139.745769,東京都,JR京浜東北線
b955a88c-38dd-46cf-8ff4-f686fcf9fa6b,田端,35.737781,139.761229,東京都,JR京浜東北線
b9a93407-f967-42ff-b00c-9afbae27dbac,西日暮里,35.731954,139.766857,東京都,JR京浜東北線
8ff135bb-c32e-46b0-b231-b276f4054354,日暮里,35.727908,139.771287,東京都,JR京浜東北線
87d9771c-0bb9-4747-8e32-baafdc6e2ac3,鶯谷,35.721484,139.778015,東京都,JR京浜東北線
3783e2b1-091b-4f35-ac0a-8a94b03f05ae,上野,35.71379,139.777043,東京都,JR京浜東北線
e93ef5f0-ad45-419d-895d-5a7fd44319a7,御徒町,35.707282,139.774727,東京都,JR京浜東北線
c9d801e1-879f-4d5b-890c-effaf2fefd48,秋葉原,35.698619,139.773288,東京都,JR京浜東北線
0fc4c46f-9683-4190-a443-8f8420223b44,神田,35.691173,139.770641,東京都,JR京浜東北線
7c7605c1-06b4-4d1c-93b5-885bbdedbe64,東京,35.681391,139.766103,東京都,JR京浜東北線
d8ceddcc-373c-4fcf-a36e-b30864a26612,有楽町,35.675441,139.763806,東京都,JR京浜東北線
33199518-e71f-464c-8a7d-b763bdcecce3,新橋,35.666195,139.758587,東京都,JR京浜東北線
ed77815c-72b4-4367-8fad-76f8b961d41d,浜松町,35.655391,139.757135,東京都,JR京浜東北線
cdef6ec9-5605-44d7-98ce-34dc955e97a6,田町,35.645736,139.747575,東京都,JR京浜東北線
fa6dd528-ec0b-4be2-8ba3-669ce6af2756,品川,35.62876,139.738999,東京都,JR京浜東北線
5c1d87f3-59d6-4521-9a04-ffed3614d340,大井町,35.606257,139.73485,東京都,JR京浜東北線
5b631c53-b9bc-4fbf-9ce4-b5f1776628eb,大森,35.588903,139.728079,東京都,JR京浜東北線
9a2dc8ce-0b67-4420-b5fe-62d8db307158,蒲田,35.562517,139.716032,東京都,JR京浜東北線
80d01e26-4c9b-42f3-9814-51efd38e734f,川崎,35.531311,139.697485,神奈川県,JR京浜東北線
9585a66d-0577-4a46-8108-9bc48399fc26,鶴見,35.508387,139.67614,神奈川県,JR京浜東北線
21f8a1c6-e933-48df-b9df-08e2196f1a68,新子安,35.487064,139.654776,神奈川県,JR京浜東北線
8884e2d4-01a4-42b3-95e5-85f3a9ba5b6e,東神奈川,35.47804,139.633466,神奈川県,JR京浜東北線
99e91071-b852-4643-8f48-655d34506430,横浜,35.466195,139.622704,神奈川県,JR京浜東北線
cf16cb6e-f217-457e-aec5-547f28f346df,桜木町,35.451112,139.630881,神奈川県,JR京浜東北線
ac368002-c8b7-418c-b2c0-7c860097d438,関内,35.443336,139.636984,神奈川県,JR京浜東北線
22da0a8f-2578-496f-b158-b87f0b3d279b,石川町,35.438808,139.642934,神奈川県,JR京浜東北線
fd7ebae8-5abc-4f8e-a7e5-74c6fe41f970,山手,35.426891,139.646425,神奈川県,JR京浜東北線
274615f9-321e-4ac1-aeb8-5193b4e6a368,根岸,35.415887,139.636034,神奈川県,JR京浜東北線
f6daaa12-fa15-46ef-9368-0c500023d26e,磯子,35.399881,139.617916,神奈川県,JR京浜東北線
01a10e0d-7c97-413d-8d77-5b0e9f199aea,新杉田,35.386863,139.619483,神奈川県,JR京浜東北線
f7d24f3c-9fe1-47ca-9bf1-3e1df1d6433a,洋光台,35.378785,139.596852,神奈川県,JR京浜東北線
c57e1d9a-0309-4d49-ad98-b34261bca31d,港南台,35.375183,139.576243,神奈川県,JR京浜東北線
1b70e412-7b4a-4796-8199-d2dba89aeeb9,本郷台,35.36787,139.550159,神奈川県,JR京浜東北線
ad009a61-fed0-41e9-b30a-4242973cfd26,大船,35.353466,139.531127,神奈川県,JR京浜東北線
c3a9f00a-1219-49d8-91d9-b4e3cec06fcf,大宮,35.906439,139.62405,埼玉県,JR湘南新宿ライン
93358181-d198-442f-9cdd-2160bb50c79a,浦和,35.858496,139.657109,埼玉県,JR湘南新宿ライン
0b22eee3-5ea9-4d3d-b5a3-14dc577414d1,赤羽,35.778026,139.720928,東京都,JR湘南新宿ライン
2a4a4191-18c7-42ee-93f1-ecd6d89ee0e4,池袋,35.730256,139.711086,東京都,JR湘南新宿ライン
0a405eea-c1d5-4368-b66e-76c04e7f9161,新宿,35.689729,139.700464,東京都,JR湘南新宿ライン
e6e6f2f8-afa3-48e2-9899-b6a723410505,渋谷,35.658871,139.701238,東京都,JR湘南新宿ライン
b61a9d71-6cd6-4634-955b-09e9d2c2c23d,恵比寿,35.646685,139.71007,東京都,JR湘南新宿ライン
67824970-b90e-4bfe-bb28-6ece917242ab,大崎,35.619772,139.728439,東京都,JR湘南新宿ライン
6c0d9c87-1c1e-41e8-9225-18b091099f64,西大井,35.601616,139.721729,東京都,JR湘南新宿ライン
6e4535f2-1bde-4078-bcd3-e4afcc026d26,武蔵小杉,35.57669,139.65963,神奈川県,JR湘南新宿ライン
bebcdf44-4b17-410e-ae6e-8a09088bcd0d,新川崎,35.551784,139.671481,神奈川県,JR湘南新宿ライン
8a138a89-1062-4fe8-bcd9-0078c1275745,横浜,35.466195,139.622704,神奈川県,JR湘南新宿ライン
8e8c3744-8f19-47d3-b26b-f733be4f59b5,保土ケ谷,35.446746,139.599671,神奈川県,JR湘南新宿ライン
50e6872d-fe41-4ccb-a409-cc4c56f5119c,東戸塚,35.430353,139.556794,神奈川県,JR湘南新宿ライン
7a336a3b-bf81-4a09-8d08-985e24fa4744,戸塚,35.400432,139.534282,神奈川県,JR湘南新宿ライン
3538682e-c88e-4d51-b5d8-1e15ac98d052,大船,35.353466,139.531127,神奈川県,JR湘南新宿ライン
0538c35c-c92b-4f2d-bcb9-b9f625b73e8d,宝積寺,36.631703,139.979487,栃木県,JR烏山線
a09e0e6c-f6f0-4167-850e-4a1963718c64,下野花岡,36.649965,140.008606,栃木県,JR烏山線
7a5ee83b-f366-49e5-b241-6a88926ff054,仁井田,36.657271,140.029573,栃木県,JR烏山線
834d3790-132c-4082-a6d2-889a60043ee0,鴻野山,36.666495,140.051656,栃木県,JR烏山線
bb117144-bd04-4036-ac35-c8ad2a84a253,大金,36.656275,140.095656,栃木県,JR烏山線
22ab7fd8-98d8-4342-9b34-0b0b774e09a6,小塙,36.643095,140.11656,栃木県,JR烏山線
919cfe20-a408-45a1-96bf-39c097e91f2b,滝,36.648558,140.138152,栃木県,JR烏山線
a817b583-42c2-469b-9b97-e03318008a3e,烏山,36.650455,140.15507,栃木県,JR烏山線
aedbbad9-72b3-4c88-9d64-49ec83b01933,渋川,36.491251,139.008786,群馬県,JR吾妻線
b8bb5815-40bf-47c7-98df-d769f155fa96,金島,36.529502,138.976421,群馬県,JR吾妻線
1291f601-dea8-4a2f-9fbb-c24be4e72b97,祖母島,36.540729,138.957042,群馬県,JR吾妻線
ea15064c-d2f9-436e-881d-8446d65e0e2c,小野上,36.552524,138.922202,群馬県,JR吾妻線
84efb750-2098-43ae-8ac2-f617ae05f0d9,小野上温泉,36.556909,138.904882,群馬県,JR吾妻線
b9649fba-a706-4b14-9e50-26674d9bdca5,市城,36.570685,138.882247,群馬県,JR吾妻線
b3bffde5-84cf-4fc4-b6b3-ecd785fd4985,中之条,36.585541,138.850908,群馬県,JR吾妻線
1ed08ed9-bf4f-4586-8128-fe74dfb30acc,群馬原町,36.571694,138.824091,群馬県,JR吾妻線
542f5c56-469e-4af0-b660-44540a40e31e,郷原,36.54876,138.801073,群馬県,JR吾妻線
9eb8acef-d48a-49f3-9bbc-e224eb067df0,矢倉,36.552731,138.78428,群馬県,JR吾妻線
3e9d5c87-3c5c-4628-93e4-3056f083b567,岩島,36.563239,138.759873,群馬県,JR吾妻線
e8fcb46a-80f0-44d6-b7c1-3e909d31d99b,川原湯温泉,36.55363,138.70767,群馬県,JR吾妻線
f59e80e9-4fa6-4578-bdc2-80397afc9930,長野原草津口,36.5465,138.64959,群馬県,JR吾妻線
df56ee6a-6297-4552-9782-a5dd018b05b0,群馬大津,36.553792,138.628045,群馬県,JR吾妻線
11ee07bb-b7c9-4a4d-b348-2ba0664a81bf,羽根尾,36.550164,138.605502,群馬県,JR吾妻線
f4f5dcca-f348-4866-83d2-bf0d8be49d09,袋倉,36.543997,138.579141,群馬県,JR吾妻線
06079a1d-f52d-4b37-ad2b-d70693fa054f,万座・鹿沢口,36.531967,138.551395,群馬県,JR吾妻線
2ff2d3d5-d1c3-43c2-99ab-f462e40542f5,大前,36.513696,138.528966,群馬県,JR吾妻線
99e3e6ce-d986-4890-8aa5-66d66c79280e,高崎,36.322239,139.012354,群馬県,JR信越本線
18e7b879-ecc7-4ce6-8086-88603293eae7,北高崎,36.338791,139.001076,群馬県,JR信越本線
fd3c638b-6e8a-4921-b2d8-2b21154e6e3f,群馬八幡,36.337641,138.957433,群馬県,JR信越本線
c1205fa6-387f-4062-9247-a6d3bcc97306,安中,36.331657,138.914368,群馬県,JR信越本線
bac6a943-bca8-41fd-afb1-2656c4dd3b53,磯部,36.298397,138.84965,群馬県,JR信越本線
baf140ad-c7f7-4e40-a372-0522d6ad65a4,松井田,36.309151,138.797705,群馬県,JR信越本線
c3fb2789-5ed3-4bbe-8d8c-fdf497dc8a6a,西松井田,36.316067,138.786675,群馬県,JR信越本線
295b4e03-3e67-4323-b463-366f1b8cedd3,横川,36.336009,138.737926,群馬県,JR信越本線
8369d7f6-19e6-4be5-bd71-1315e598a873,水戸,36.370911,140.47676,茨城県,JR水郡線
eba393d6-770a-4bc9-8ccc-66acfdb37e13,常陸青柳,36.383582,140.484495,茨城県,JR水郡線
6db1ebc5-98d0-4eac-9720-2a8acd5d63d7,常陸津田,36.404171,140.482914,茨城県,JR水郡線
8e0e92f3-a211-4520-b04f-ae3de0e75e78,後台,36.423767,140.489899,茨城県,JR水郡線
c177e8ee-1b54-43b8-964f-96da7a9876f7,下菅谷,36.435394,140.494021,茨城県,JR水郡線
a69a9449-f0c7-44db-959a-c79990e52711,中菅谷,36.445662,140.492626,茨城県,JR水郡線
3a8b2aa5-48a7-4e36-b497-9585e50ea0ce,上菅谷,36.455378,140.492659,茨城県,JR水郡線
b80cfd61-fc8b-4d4f-8793-27d311ceccfd,南酒出,36.477361,140.498471,茨城県,JR水郡線
97711554-1906-4cbf-99ac-65fa8d6c9af5,額田,36.485705,140.503462,茨城県,JR水郡線
5452a6de-6fd4-4c37-89b1-08fd41f98e38,河合,36.508241,140.517118,茨城県,JR水郡線
acdc20f9-7c2f-41af-84fa-0f751bd35492,谷河原,36.519782,140.52502,茨城県,JR水郡線
e11879cc-7850-4167-9247-a7304fab8971,常陸太田,36.531225,140.52777,茨城県,JR水郡線
d56cd1fc-1952-4403-a058-8605c617cf01,常陸鴻巣,36.472414,140.467455,茨城県,JR水郡線
28db3347-0f77-43ed-b8db-3d46bf177668,瓜連,36.497805,140.450438,茨城県,JR水郡線
b4fbb0ca-e827-410e-8e27-7f3d6c655f21,静,36.506012,140.438103,茨城県,JR水郡線
d0c90eee-b139-481b-b8a6-d751d139a19f,常陸大宮,36.547554,140.412431,茨城県,JR水郡線
a4b8fa2d-0b83-4602-81e8-3813a70242ad,玉川村,36.579088,140.374334,茨城県,JR水郡線
4117a06c-21b7-488a-95f3-c76a9fca8ada,野上原,36.605879,140.390127,茨城県,JR水郡線
1371151f-65fb-4de0-84c6-a70e1456d3a4,山方宿,36.6246,140.401244,茨城県,JR水郡線
c99b0e2c-7f6f-47f9-a760-6c504a5b4079,中舟生,36.645683,140.392242,茨城県,JR水郡線
5598b1cf-8b99-4823-b2d7-f270152cccee,下小川,36.668975,140.387021,茨城県,JR水郡線
f8205872-6845-4c4a-badc-c4674163f9d3,西金,36.69548,140.386468,茨城県,JR水郡線
0cdbde64-3748-4dd2-a2b1-741c17b15fed,上小川,36.719216,140.378604,茨城県,JR水郡線
8a8ccf15-9657-4379-b48c-b99c7538a807,袋田,36.754718,140.379583,茨城県,JR水郡線
ac36ddae-e1c7-4fa5-abca-105074482b39,常陸大子,36.770657,140.350855,茨城県,JR水郡線
4fcc809b-5c52-4995-aa76-0c38a2310923,下野宮,36.815744,140.375282,茨城県,JR水郡線
ec42efee-9926-4170-bf63-f551059c2a51,矢祭山,36.84978,140.395278,福島県,JR水郡線
6960c1ed-b069-4b7b-8bf8-99458fc8d9c9,東館,36.870264,140.423314,福島県,JR水郡線
7e01fb6e-3b28-42c5-b09a-cc138bf35f17,南石井,36.894625,140.416902,福島県,JR水郡線
9dea9fef-2709-42f7-be88-87ac75641d34,磐城石井,36.904516,140.415321,福島県,JR水郡線
4fa4304b-775e-49ae-9644-832db16fa0f9,磐城塙,36.95862,140.41205,福島県,JR水郡線
307538e8-4acb-49f8-9352-4c8f074483e7,近津,37.000487,140.393699,福島県,JR水郡線
69452bd2-66d7-4bcc-8bae-66cb08ac0f98,中豊,37.022479,140.393253,福島県,JR水郡線
62ab4ee8-dc9f-4678-bda4-99b7445800e9,磐城棚倉,37.035127,140.384423,福島県,JR水郡線
1d8be12a-b9d8-41eb-a21a-0daa0e45347f,磐城浅川,37.079787,140.414329,福島県,JR水郡線
8b192bc0-5529-4999-89b4-fad176d724af,里白石,37.104195,140.416655,福島県,JR水郡線
59ef0f89-3000-43fd-b33e-ad50103f81e1,磐城石川,37.140635,140.443969,福島県,JR水郡線
4aa22417-4ff6-4dda-b5e7-754e8adb431c,野木沢,37.175224,140.42097,福島県,JR水郡線
a5af6f2a-c54e-462e-b694-6a3ab2851b3e,川辺沖,37.192794,140.405723,福島県,JR水郡線
e59e5fc6-b4f8-4b94-b80a-fc225636d5ea,泉郷,37.214494,140.405289,福島県,JR水郡線
aa471ffc-655c-4bd9-90a0-4bd9a41fecb7,川東,37.270119,140.40622,福島県,JR水郡線
7948e556-fc5a-451c-9f9e-16a8a6cd1caf,小塩江,37.295533,140.430246,福島県,JR水郡線
f1000593-25c2-4580-8551-e2e4e2c0e7ed,谷田川,37.31372,140.431117,福島県,JR水郡線
83409378-3bbe-40fc-82c8-3de305859018,磐城守山,37.330776,140.406485,福島県,JR水郡線
292ea55d-e6f2-4757-a202-bc1fcb43942c,安積永盛,37.356967,140.368943,福島県,JR水郡線
8b459cd2-fbd5-4da8-8f46-af65ebecf23b,郡山,37.398187,140.389363,福島県,JR水郡線
816774e4-b06b-4629-981c-829c7ca9d019,小山,36.312747,139.806241,栃木県,JR水戸線
d51dd44b-2dd1-4f7d-a0cf-f9702826ae10,小田林,36.300775,139.85353,茨城県,JR水戸線
1fac86de-6de3-42c0-8180-db2dae8b3312,結城,36.298056,139.873028,茨城県,JR水戸線
2d509c0b-8044-4645-9ccf-58da3c9cc87e,東結城,36.296554,139.891485,茨城県,JR水戸線
8ff6c895-c8d3-47e6-b489-4dc8af2bb786,川島,36.295918,139.916382,茨城県,JR水戸線
4983104c-552a-446e-98fc-7a5c6a2708f9,玉戸,36.298547,139.93845,茨城県,JR水戸線
a4fa5fe7-59b6-44a5-86a4-a02b4fc76507,下館,36.304197,139.97866,茨城県,JR水戸線
fc9fe0d2-d031-4974-a06e-1cfb8f4d4c03,新治,36.328082,140.039076,茨城県,JR水戸線
247f2dff-6499-420d-9b0e-c5a457d889ed,大和,36.345567,140.073216,茨城県,JR水戸線
c22cbb64-49e0-43de-b428-7924829c387f,岩瀬,36.359377,140.108739,茨城県,JR水戸線
8aa657f5-a76d-4bfb-a0be-bf7c9a54f13c,羽黒,36.355292,140.142947,茨城県,JR水戸線
9b783fab-5820-4d8a-8643-ba89b907bd65,福原,36.351507,140.187249,茨城県,JR水戸線
3bcad0bd-d0e0-4084-b277-ac6926b8a76d,稲田,36.368903,140.21501,茨城県,JR水戸線
ba92e94d-a998-4550-a9ef-78e5e37ce894,笠間,36.373056,140.246515,茨城県,JR水戸線
f9ffeae9-3c5a-4e3d-bdf7-dee65057db90,宍戸,36.344763,140.288243,茨城県,JR水戸線
6699792f-846e-450d-8e09-a4ee68202947,友部,36.350597,140.306306,茨城県,JR水戸線
070315f4-aad1-4c4c-a739-8d3772868725,宇都宮,36.559246,139.898389,栃木県,JR日光線
b5b056ef-d785-420f-bb01-42caf23e0641,鶴田,36.538319,139.858818,栃木県,JR日光線
f9fab70f-383c-41f7-87a9-cdd956325855,鹿沼,36.571222,139.762961,栃木県,JR日光線
1e3f1ab3-e424-4368-89d9-4b5c2ad5be3a,文挟,36.637716,139.727778,栃木県,JR日光線
4a510651-6f31-4d2c-a149-b383ed578d99,下野大沢,36.686427,139.732367,栃木県,JR日光線
74795da4-d9f9-4b1e-a03d-35782d3118ea,今市,36.720388,139.687348,栃木県,JR日光線
d13210a9-0d2a-4be1-9498-4c3118d2ac13,日光,36.7474,139.62215,栃木県,JR日光線
ca744e69-38d3-4356-b864-fc773060c595,高崎,36.322239,139.012354,群馬県,JR両毛線
d815061f-fa7c-49aa-9708-d421ed032f39,高崎問屋町,36.346097,139.017089,群馬県,JR両毛線
03044055-84f1-4c37-83aa-e3007d39ca16,井野,36.357457,139.023247,群馬県,JR両毛線
c60089ea-d8bf-4643-af6c-b7411f5c812d,新前橋,36.378936,139.046924,群馬県,JR両毛線
5d8e06b0-4614-438c-9e05-7cd405d066bf,前橋,36.383399,139.072833,群馬県,JR両毛線
d5e8386d-5892-4c55-bfd7-d178a3847319,前橋大島,36.370585,139.109557,群馬県,JR両毛線
f18ba414-4263-446e-998b-bd9154fa9e16,駒形,36.354145,139.139483,群馬県,JR両毛線
ddcb3bb4-1ce7-4428-ada1-1cd6ec650aa8,伊勢崎,36.326849,139.193704,群馬県,JR両毛線
c99816af-a85b-4be9-9751-385478cc56df,国定,36.359018,139.242463,群馬県,JR両毛線
2c7d4618-e009-4f09-b34a-b4584359a5c8,岩宿,36.395861,139.297058,群馬県,JR両毛線
15c7fb3b-d300-4db2-93ae-032ec1f50b1e,桐生,36.41109,139.33319,群馬県,JR両毛線
917595e0-0078-479e-8a31-05c3ed616421,小俣,36.37496,139.374416,栃木県,JR両毛線
b7faa328-9a94-4b56-817b-e837d095dca3,山前,36.347369,139.411322,栃木県,JR両毛線
d7bd4d34-4264-4bac-b094-7455e11219dc,足利,36.331888,139.456295,栃木県,JR両毛線
e4b54e96-3b4e-43d0-bb8d-5a85e84b6ab0,富田,36.316209,139.52865,栃木県,JR両毛線
6b0d9466-2d03-40c9-b76c-0476a0bbb456,佐野,36.316668,139.578858,栃木県,JR両毛線
c4a98a84-2379-457f-8a54-9c428a0679a2,岩舟,36.326561,139.657955,栃木県,JR両毛線
97678015-bccd-4377-a6a6-453289f4eaa5,大平下,36.344315,139.697264,栃木県,JR両毛線
b886610c-31c5-461a-9d6f-afec15159af0,栃木,36.371912,139.731037,栃木県,JR両毛線
4402dc99-70a4-479f-a1ef-973751c56d97,思川,36.351044,139.781079,栃木県,JR両毛線
cd130f1f-170e-4177-8605-45af467490ae,小山,36.312747,139.806241,栃木県,JR両毛線
fc742358-1070-4bd5-ad47-239a7e84f1fb,高崎,36.322239,139.012354,群馬県,JR上越線
84bcf7ba-f3e4-475c-b21c-d99f3491b634,高崎問屋町,36.346097,139.017089,群馬県,JR上越線
52c508fb-afee-4a69-bf82-dd456c638b9c,井野,36.357457,139.023247,群馬県,JR上越線
5c72d260-d923-4b80-b9e1-7a8d47d41d06,新前橋,36.378936,139.046924,群馬県,JR上越線
4ccaacb3-aa40-4b64-9e56-36b3a62c4eb4,群馬総社,36.415574,139.032221,群馬県,JR上越線
9cdb17b6-49ca-4f3e-ba19-463f0852516c,八木原,36.463738,139.019239,群馬県,JR上越線
7838eebb-c270-46e5-9e13-95e9b53d8093,渋川,36.491251,139.008786,群馬県,JR上越線
22699425-04f8-4fe7-b16c-343ca95569aa,敷島,36.537636,139.033897,群馬県,JR上越線
640cbb2b-cbaa-4ce3-9772-f56f62054c64,津久田,36.561063,139.042806,群馬県,JR上越線
0e4cc592-c865-4ac8-865f-aedc16c0c36b,岩本,36.602184,139.047438,群馬県,JR上越線
9d8a07b9-9660-43c0-9d2d-d2822bca6758,沼田,36.642513,139.035734,群馬県,JR上越線
4a370ab6-d8b1-435e-a08e-2e872e224822,後閑,36.679547,139.000078,群馬県,JR上越線
cd79346c-3b1d-4882-b92f-90ceac6c132b,上牧,36.735616,138.984533,群馬県,JR上越線
d4b3ae53-cc8b-4b34-94f8-870321d854cc,水上,36.778614,138.9688,群馬県,JR上越線
26857b0c-f808-41ff-a4ad-01722c6bf7bc,湯檜曽,36.802683,138.986209,群馬県,JR上越線
717f470c-fbdf-4516-b461-ab1dc6c2ca5e,土合,36.830696,138.967959,群馬県,JR上越線
d57d3ed0-5132-4653-96bb-98c9e4103456,土樽,36.875277,138.861446,新潟県,JR上越線
1c79eb47-b8f8-4d3c-ac6b-8444a57b1c3e,越後中里,36.910398,138.84846,新潟県,JR上越線
08b697fb-f379-4c89-b84e-461da8912b84,岩原スキー場前,36.924146,138.839438,新潟県,JR上越線
f819c2b8-2c4d-423f-aac9-b26b76f84c75,越後湯沢,36.935799,138.809227,新潟県,JR上越線
74430070-c3fa-4260-ab80-18a08514c391,石打,36.988663,138.804221,新潟県,JR上越線
ebed00ba-09c5-4c26-bc6c-520b183c461f,大沢,37.02117,138.82131,新潟県,JR上越線
e3daa114-d0f7-4e14-8877-5044c8619e7b,上越国際スキー場前,37.028755,138.827973,新潟県,JR上越線
a05717ae-431f-4b14-b72f-a0fb44830dc5,塩沢,37.041463,138.848399,新潟県,JR上越線
48636663-8123-4a19-9e5a-9f2fb88c4cdb,六日町,37.067065,138.875872,新潟県,JR上越線
ce5509e9-8e0e-45a7-81d5-c78228b87515,五日町,37.1199,138.908346,新潟県,JR上越線
2f27ff84-0d30-457b-b3de-6a2ae0a25592,浦佐,37.167488,138.922798,新潟県,JR上越線
685460c5-135c-46f9-85d3-1f43aa48233d,八色,37.191747,138.934854,新潟県,JR上越線
eaded789-7abe-4cd2-8f0b-1326d9cc520c,小出,37.233581,138.953526,新潟県,JR上越線
4b7fe6a2-e6da-42e2-9763-70c8b08d4dc2,越後堀之内,37.23913,138.928003,新潟県,JR上越線
3c314ca3-6cb5-4cff-8078-f3d033ebd811,北堀之内,37.25588,138.896372,新潟県,JR上越線
21707b72-d7f7-4eee-a251-a6736bd707bf,越後川口,37.272983,138.861514,新潟県,JR上越線
8b6936ca-72fa-4525-bd4f-0cf6edfcc17e,小千谷,37.309822,138.813233,新潟県,JR上越線
9831c13c-6cbd-4c8c-96d8-08a6e9cef78e,越後滝谷,37.368724,138.834932,新潟県,JR上越線
d08b6021-f78d-40c4-9e26-b71487e39bb1,宮内,37.422223,138.840204,新潟県,JR上越線
09b49f08-2fe2-4db6-931b-a56c5070f67b,長岡,37.447787,138.853927,新潟県,JR上越線
3b52aef0-e6ae-4531-835f-93acce59e64b,東京,35.681391,139.766103,東京都,上野東京ライン
c0aa2e7e-66e6-4e4c-9b97-501970218aed,上野,35.71379,139.777043,東京都,上野東京ライン
dc365d2c-5f6e-4dec-a3cb-c370875b9f0a,小淵沢,35.863808,138.316351,山梨県,八ヶ岳高原線
1f3151fd-1ac4-46fc-adac-ad2d7e38d70c,甲斐小泉,35.879533,138.359402,山梨県,八ヶ岳高原線
5d8412ae-89c9-4b31-8ce2-13ffe39d6b46,甲斐大泉,35.89624,138.409564,山梨県,八ヶ岳高原線
d16d876c-1cdf-45cf-8878-54128b50cb1f,清里,35.919093,138.436589,山梨県,八ヶ岳高原線
66543eb2-8be9-460b-8c9b-0ba606a8934e,野辺山,35.955289,138.474448,長野県,八ヶ岳高原線
eaa64ba3-1420-4581-abe3-8ab47549529c,信濃川上,35.975939,138.527345,長野県,八ヶ岳高原線
954ae89b-93c9-4132-ada6-7df05d0843cb,佐久広瀬,36.003724,138.519349,長野県,八ヶ岳高原線
6b882449-c819-474d-9425-3988a38d3602,佐久海ノ口,36.021128,138.490807,長野県,八ヶ岳高原線
f4a3368c-edd6-41ed-9b4a-fc2bf1b9f19e,海尻,36.041276,138.473536,長野県,八ヶ岳高原線
61d6bab3-c13d-424e-9959-ea84c6e19639,松原湖,36.060995,138.470509,長野県,八ヶ岳高原線
8e62be4f-c832-4b80-92eb-611f31932d4d,小海,36.08862,138.482806,長野県,八ヶ岳高原線
8683df95-ee71-4290-a293-a06f52124040,馬流,36.101824,138.485963,長野県,八ヶ岳高原線
1b6d360d-3b23-4878-816b-12c40ffc07f8,高岩,36.115711,138.477438,長野県,八ヶ岳高原線
978bb6f7-e774-4849-bc7b-34840e80fdf7,八千穂,36.133281,138.477345,長野県,八ヶ岳高原線
9f1ff4b3-bbf9-4771-8d44-faa32c9051c1,海瀬,36.155743,138.485894,長野県,八ヶ岳高原線
4e7d7e22-0762-43a5-8e3f-2629d073301e,羽黒下,36.166411,138.489618,長野県,八ヶ岳高原線
1b376657-8833-40ae-8e39-1518266ec355,青沼,36.181259,138.489162,長野県,八ヶ岳高原線
ee79ec7f-bae9-43a1-a801-6709634bd26a,臼田,36.194013,138.488309,長野県,八ヶ岳高原線
ccf75226-eb65-4211-aeb2-cda13655b164,龍岡城,36.204184,138.490708,長野県,八ヶ岳高原線
f9a3282b-bce5-48a3-8602-4c0f4fc5cd14,太田部,36.220307,138.4878,長野県,八ヶ岳高原線
4a658ac5-4066-4e16-a45f-241a225e9630,中込,36.23062,138.479389,長野県,八ヶ岳高原線
da11693a-1780-4d74-8f31-b2dd5bdc933f,滑津,36.238716,138.475003,長野県,八ヶ岳高原線
79ded1c0-d0c6-4bdd-80ec-829029942b4a,北中込,36.254923,138.476661,長野県,八ヶ岳高原線
70e153c4-e6ea-48bd-95a1-c218a70590d0,岩村田,36.27446,138.4724,長野県,八ヶ岳高原線
6284ee16-4d6c-495c-83e7-91e3afcf0616,佐久平,36.277929,138.464367,長野県,八ヶ岳高原線
ff699ff8-20fd-4e27-90c6-221df24dbf97,中佐都,36.280856,138.453549,長野県,八ヶ岳高原線
7c073bdc-0178-4bd7-97ba-d1be1b7ea646,美里,36.292243,138.450177,長野県,八ヶ岳高原線
2ed42cc5-3dee-40ea-a7db-41c565ecb3ee,三岡,36.30415,138.44846,長野県,八ヶ岳高原線
85bc643c-1611-475b-8df4-586c41bba764,乙女,36.311371,138.440527,長野県,八ヶ岳高原線
65d17ef7-a36d-4e80-adec-c7b791b9e6e6,東小諸,36.317057,138.432144,長野県,八ヶ岳高原線
12bcf779-48f9-47c0-8e1f-2369c9eac094,小諸,36.326337,138.422021,長野県,八ヶ岳高原線
9a9c8a31-c13f-42a9-80e4-b5879271e212,富士,35.151497,138.651225,静岡県,JR身延線
55d9586d-d629-42de-9979-80d377e19447,柚木,35.157468,138.639157,静岡県,JR身延線
9a92c476-58c4-498b-94e8-b1a592fb171b,竪堀,35.168075,138.645881,静岡県,JR身延線
9819ef34-2e85-47c4-96e6-1d0190dd6ef5,入山瀬,35.188276,138.647622,静岡県,JR身延線
3473b70f-98f3-44d4-8adf-124a07cd9831,富士根,35.205251,138.63562,静岡県,JR身延線
ac271aaf-0d25-4118-a9cf-b5ea2fc338a4,源道寺,35.214463,138.627057,静岡県,JR身延線
89494808-fd2f-4c64-8c81-cf38011198c6,富士宮,35.221409,138.614924,静岡県,JR身延線
6bdddb81-84c3-4bd4-af0a-86e28cd8e420,西富士宮,35.225456,138.602567,静岡県,JR身延線
a70dcad9-445b-4025-bd13-530a4674632f,沼久保,35.199278,138.584283,静岡県,JR身延線
09e647a8-5293-435c-b5cb-745681c0dbd2,芝川,35.197272,138.563845,静岡県,JR身延線
92f7b9d4-2d2e-4788-93e6-1015dad5d0a8,稲子,35.230454,138.536892,静岡県,JR身延線
1ba4059b-19e3-499e-9781-2b1a01cce577,十島,35.230153,138.515802,山梨県,JR身延線
a47c719c-1bc3-49db-b19b-0d51fdd299c5,井出,35.247449,138.490989,山梨県,JR身延線
217261bd-1696-471b-af5f-a035c0cadb6e,寄畑,35.264832,138.474932,山梨県,JR身延線
d5a582fe-d36b-4250-986c-4a38e738cc56,内船,35.282183,138.465068,山梨県,JR身延線
10d13ca6-9421-48b4-9fe6-e937e208a984,甲斐大島,35.32817,138.45218,山梨県,JR身延線
f81e87e0-0c49-41e0-826e-559e5afcf41d,身延,35.361397,138.453021,山梨県,JR身延線
5c475303-eed8-4021-9a69-a6ae5d95947a,塩之沢,35.379626,138.453887,山梨県,JR身延線
84ff6ebe-96e2-4f93-a954-719249b94b89,波高島,35.418624,138.459747,山梨県,JR身延線
a54c40f3-7eea-4a8b-b263-00dd535a1b07,下部温泉,35.425751,138.472359,山梨県,JR身延線
0c70507d-091d-41ad-a346-44ed8ee51040,甲斐常葉,35.444779,138.476975,山梨県,JR身延線
908cd063-8756-48d5-8ade-ecd0fad8b97a,市ノ瀬,35.462345,138.482154,山梨県,JR身延線
1584b545-e11e-4449-9fbc-526cc53da61a,久那土,35.48144,138.467391,山梨県,JR身延線
7b741c94-9c6f-48c2-b5c9-88848c403eb9,甲斐岩間,35.492539,138.463057,山梨県,JR身延線
f9152a68-a3bd-40cb-8d87-a40e1c05a4c2,落居,35.503612,138.471256,山梨県,JR身延線
cf4d2558-f377-49b8-9c15-103616b90aa1,鰍沢口,35.541375,138.470916,山梨県,JR身延線
f539fa65-17aa-4e25-b944-8dcc57dae69c,市川大門,35.560451,138.493276,山梨県,JR身延線
00bfd231-8cbd-4396-ac34-53fcd71a8cd3,市川本町,35.560684,138.502028,山梨県,JR身延線
0418da8c-cdfa-4491-8de8-985d21d9a8af,芦川,35.563087,138.511241,山梨県,JR身延線
b86f08ad-6168-4893-8de4-2bc7ad0e1c5f,甲斐上野,35.569592,138.520465,山梨県,JR身延線
b1cc9276-e009-4ce8-9e1b-ec4ef9f38e72,東花輪,35.594749,138.526935,山梨県,JR身延線
593eeb84-d148-4342-a719-4a86ef2002b8,小井川,35.604442,138.528523,山梨県,JR身延線
60fb77b9-8a5e-4648-9ba8-975daa3fad00,常永,35.616877,138.532909,山梨県,JR身延線
797265ab-836c-4787-876a-09c877a64d59,国母,35.630567,138.552113,山梨県,JR身延線
a6d45605-6f5b-4915-be40-dc0cbc805089,甲斐住吉,35.63658,138.569892,山梨県,JR身延線
208b2d58-92ea-4ba6-b99c-3864eb22257a,南甲府,35.643496,138.577274,山梨県,JR身延線
e963782b-5904-4104-aef0-e7b2fb2a0fbc,善光寺,35.65985,138.589278,山梨県,JR身延線
a5ac51d1-12f6-49e7-afd6-f4397c645f22,金手,35.662264,138.578845,山梨県,JR身延線
b1026eac-b14b-438c-ba97-d565580d7e28,甲府,35.667054,138.569015,山梨県,JR身延線
91d49e59-3990-4d5a-9e79-47097452d1ff,篠ノ井,36.5771,138.138046,長野県,JR信越本線(篠ノ井～長野)
60632367-d3d1-40a9-aace-b106b8f8001e,今井,36.595732,138.145347,長野県,JR信越本線(篠ノ井～長野)
a84bf858-3b5e-4c26-91b7-d36618a0e227,川中島,36.614167,138.150679,長野県,JR信越本線(篠ノ井～長野)
da8db753-c4c8-4a44-8ed3-2c09afede9be,安茂里,36.630262,138.161791,長野県,JR信越本線(篠ノ井～長野)
f308b444-db16-4886-95be-4b1ea4ba6878,長野,36.643307,138.189101,長野県,JR信越本線(篠ノ井～長野)
56d851e8-3a0c-456c-8084-9a38fb94f4c2,直江津,37.170251,138.242265,新潟県,JR信越本線(直江津～新潟)
6c1a17bd-eed5-419b-9ba0-8ca62120ef82,黒井,37.1837,138.267518,新潟県,JR信越本線(直江津～新潟)
e29238e1-1e00-4d2d-903d-9d9254734832,犀潟,37.210345,138.305154,新潟県,JR信越本線(直江津～新潟)
af4e074e-3818-4a89-9feb-bffc1a27c82a,土底浜,37.222719,138.324779,新潟県,JR信越本線(直江津～新潟)
741b870f-6b04-4850-8043-846091726fae,潟町,37.234135,138.339902,新潟県,JR信越本線(直江津～新潟)
8ee62182-a502-4ba7-8fdc-787d741d34e9,上下浜,37.252178,138.361569,新潟県,JR信越本線(直江津～新潟)
430fdf52-4444-41ba-82cc-bb829404aaa3,柿崎,37.277732,138.385933,新潟県,JR信越本線(直江津～新潟)
69174c23-1f1a-4af9-97e1-3206798df68f,米山,37.316804,138.431266,新潟県,JR信越本線(直江津～新潟)
6e021924-622a-4c7f-961d-e468d2f2bedd,笠島,37.335794,138.467221,新潟県,JR信越本線(直江津～新潟)
d08d78f8-2261-4e04-ad80-819c9d6e0733,青海川,37.346143,138.486169,新潟県,JR信越本線(直江津～新潟)
8d3db681-8165-4db0-9059-3c818a92f0ea,鯨波,37.355828,138.517263,新潟県,JR信越本線(直江津～新潟)
a7ffe4ee-517d-4c26-b6e8-add06129938a,柏崎,37.363495,138.556303,新潟県,JR信越本線(直江津～新潟)
5c857f2a-0f39-497a-a5c8-cffe29d17998,茨目,37.356986,138.586714,新潟県,JR信越本線(直江津～新潟)
2bfa367c-d068-4fae-8fef-7f71af10bc68,安田,37.341155,138.612057,新潟県,JR信越本線(直江津～新潟)
a04ad716-2bcd-495c-9776-051e8f212bf4,北条,37.338262,138.636954,新潟県,JR信越本線(直江津～新潟)
952c87c4-aefc-406c-96dd-0d3d765e52e4,越後広田,37.357354,138.661243,新潟県,JR信越本線(直江津～新潟)
9afaecff-24a9-4a16-98b2-09eb1269d493,長鳥,37.366405,138.684063,新潟県,JR信越本線(直江津～新潟)
38536d81-a8d0-4c74-a587-c96a460499db,塚山,37.355114,138.729829,新潟県,JR信越本線(直江津～新潟)
70f10aab-36ad-484e-b349-5aab56c01072,越後岩塚,37.38629,138.756372,新潟県,JR信越本線(直江津～新潟)
b267117f-334e-4688-a985-78c30cb72cc9,来迎寺,37.397136,138.783523,新潟県,JR信越本線(直江津～新潟)
644f53c0-a033-4b65-96e7-937009e01478,前川,37.401795,138.823865,新潟県,JR信越本線(直江津～新潟)
ace85b86-336a-40ad-8966-9fd048e0e0f6,宮内,37.422223,138.840204,新潟県,JR信越本線(直江津～新潟)
0315826f-3af6-4158-a54e-d8d0b4fd1600,長岡,37.447787,138.853927,新潟県,JR信越本線(直江津～新潟)
381ddad1-58ed-4b59-94a0-71e14852ef4d,北長岡,37.468768,138.86247,新潟県,JR信越本線(直江津～新潟)
9af1e25e-dafd-4bf2-8c6e-47c06f5da72f,押切,37.50467,138.880988,新潟県,JR信越本線(直江津～新潟)
f2945a73-35fd-4b0b-9232-4d04ca8e9bc1,見附,37.540094,138.904792,新潟県,JR信越本線(直江津～新潟)
f7922caf-5f5f-42ef-87df-3094d20a6218,帯織,37.572975,138.92848,新潟県,JR信越本線(直江津～新潟)
5d116e7a-43e7-4710-8815-be65bfa7304f,東光寺,37.593098,138.942956,新潟県,JR信越本線(直江津～新潟)
1831a70a-54c3-46e1-85b5-bce0fc35873c,三条,37.620962,138.960593,新潟県,JR信越本線(直江津～新潟)
301d1431-b43f-46b6-a795-527d45bd2821,東三条,37.628491,138.973703,新潟県,JR信越本線(直江津～新潟)
ac24b663-091d-46af-8a00-cc7ddd46f55e,保内,37.639322,139.014608,新潟県,JR信越本線(直江津～新潟)
275a4852-9d02-4d95-b7f0-b41b2a50e33a,加茂,37.658806,139.048959,新潟県,JR信越本線(直江津～新潟)
26d8c71d-8d5e-49be-b1cd-a9d2ad68f4f8,羽生田,37.693613,139.060715,新潟県,JR信越本線(直江津～新潟)
38cfe8b4-214f-4acc-bc1e-df230669f077,田上,37.719035,139.074599,新潟県,JR信越本線(直江津～新潟)
34b17221-7e7a-4383-8f91-f2f1e12d1749,矢代田,37.748863,139.095654,新潟県,JR信越本線(直江津～新潟)
76a666b9-4c19-444f-a16d-562bf2fb0125,古津,37.7727,139.114252,新潟県,JR信越本線(直江津～新潟)
1843e2c3-5942-4c57-8074-030baae7189a,新津,37.800383,139.121445,新潟県,JR信越本線(直江津～新潟)
baaedefd-0226-4231-aa74-c4306ce9d1d8,さつき野,37.812731,139.117466,新潟県,JR信越本線(直江津～新潟)
63d554f6-7457-41df-ab8d-e1e6b98d9375,荻川,37.833307,139.111477,新潟県,JR信越本線(直江津～新潟)
a7bc9f06-41f1-4d8a-8a19-24e1a192a6c7,亀田,37.877154,139.108065,新潟県,JR信越本線(直江津～新潟)
cf5fc00d-bcb8-4feb-9323-e54cdc27f04b,越後石山,37.896407,139.095429,新潟県,JR信越本線(直江津～新潟)
1ff6cc66-bb62-4ea5-b79f-810b2369e768,新潟,37.912299,139.060869,新潟県,JR信越本線(直江津～新潟)
28a9e622-6951-4b1b-8b31-6739022c5231,富山,36.701384,137.213091,富山県,JR北陸本線(富山～直江津)
be062199-5d1d-4f8b-b377-78305b574994,新潟,37.912299,139.060869,新潟県,JR白新線
f07fcb0e-2379-4b99-a809-187c815289b7,東新潟,37.908773,139.108685,新潟県,JR白新線
c68edc02-0d5f-4602-9ae6-5fc604a55230,大形,37.915518,139.129272,新潟県,JR白新線
c5390478-2dc8-49e7-9b47-be12a81463a3,新崎,37.922478,139.158558,新潟県,JR白新線
5eaeec11-5159-4445-8533-02d4dfabeaa1,早通,37.92109,139.178173,新潟県,JR白新線
91457964-12c7-41d8-986f-ee984523ea43,豊栄,37.919351,139.215347,新潟県,JR白新線
bf1c7e43-d554-426f-9c62-015884bf4c4e,黒山,37.937128,139.241177,新潟県,JR白新線
8f14ec67-1478-4efd-b858-9933e576fb38,佐々木,37.949716,139.270099,新潟県,JR白新線
cc1a9bd7-b66e-419c-a52e-f59b4803823f,西新発田,37.942097,139.303474,新潟県,JR白新線
6ff010c4-b85b-4060-a31a-9434c9b3303c,新発田,37.94412,139.335189,新潟県,JR白新線
50dcd23e-33e8-499d-b7ec-1641b90acad6,長野,36.643307,138.189101,長野県,JR飯山線
c9db7d2a-d8a2-4a5e-adf7-c09c4160b5a1,北長野,36.665123,138.222534,長野県,JR飯山線
d4f056da-73ce-4066-84d7-3b5d2be60af5,三才,36.686674,138.244079,長野県,JR飯山線
311e0cb7-63b3-4fe2-8196-961f958ae282,豊野,36.710642,138.274458,長野県,JR飯山線
64fdcfb0-2320-452e-8815-e20aa49ae2fe,信濃浅野,36.722011,138.294784,長野県,JR飯山線
e6954a77-2016-4a33-a534-bc23d7dd3355,立ケ花,36.731257,138.307057,長野県,JR飯山線
c7d5235a-4e5c-41f1-9610-a47f8f3dc461,上今井,36.753947,138.319478,長野県,JR飯山線
4667e041-d187-40e0-ba13-6ddc1a35e206,替佐,36.768999,138.323385,長野県,JR飯山線
dfe4ce39-c953-4105-a1f0-5e1d51f8b9ce,蓮,36.80888,138.349026,長野県,JR飯山線
915807da-700d-468f-b4c4-496ccbb05d6e,飯山,36.847642,138.359335,長野県,JR飯山線
5628ffb1-01e6-430e-9996-a8877b81b239,北飯山,36.85883,138.363765,長野県,JR飯山線
95aec711-28e1-48d3-b5f2-f059b60e1566,信濃平,36.884918,138.378479,長野県,JR飯山線
363cc563-44cd-447c-ad43-66c091ff2ab6,戸狩野沢温泉,36.916673,138.392952,長野県,JR飯山線
d35f089b-0cca-4c78-8a6a-36eebcfc4b52,上境,36.937916,138.419151,長野県,JR飯山線
d593d3b3-bb39-4c57-99f3-6d7980092e5e,上桑名川,36.962559,138.441204,長野県,JR飯山線
d77befb8-98cd-4699-8a74-98a59615e159,桑名川,36.975882,138.458007,長野県,JR飯山線
1e9d3f9b-33a9-4bbe-848e-7f91cbdbd7a3,西大滝,36.979169,138.480872,長野県,JR飯山線
42bd05b5-3ea8-4151-812a-4cf12f59e92f,信濃白鳥,36.983591,138.50302,長野県,JR飯山線
ecb97429-8f90-43e8-84f9-6463b540f4c9,平滝,36.986041,138.533723,長野県,JR飯山線
cce6b184-9b24-41da-b568-025adf518502,横倉,36.979875,138.55031,長野県,JR飯山線
e12a44d0-ed0d-499d-811d-80e8833b25fc,森宮野原,36.989447,138.57733,長野県,JR飯山線
13b25007-7aba-47f8-9540-0a159d118e07,足滝,36.998958,138.603625,新潟県,JR飯山線
5f855741-5724-43d2-a457-bab90108824a,越後田中,37.005316,138.627058,新潟県,JR飯山線
7f5fb5bd-5cee-4f1f-898b-c0fc4672fcc4,津南,37.023503,138.639326,新潟県,JR飯山線
80dad6c5-f71a-4a94-85de-68914158d965,越後鹿渡,37.048054,138.671592,新潟県,JR飯山線
818f75cd-21fb-4ba9-9ce7-350d9acd7dc1,越後田沢,37.055387,138.694731,新潟県,JR飯山線
81922e41-dd62-4cf0-948c-93115ffa3075,越後水沢,37.074324,138.718056,新潟県,JR飯山線
ce176040-5431-4781-b801-e9be0728e0c0,土市,37.097457,138.72951,新潟県,JR飯山線
21baa8a5-cd56-4830-9faf-a41e9a012ca3,十日町,37.134562,138.756188,新潟県,JR飯山線
d87a4159-af2c-4681-8015-de690ab7bdcd,魚沼中条,37.159467,138.772491,新潟県,JR飯山線
3225fc52-02ef-4d38-bf01-747f60b15624,下条,37.198324,138.779989,新潟県,JR飯山線
e1c7afe0-9dae-4133-abfa-86388f5d4d6f,越後岩沢,37.240753,138.797097,新潟県,JR飯山線
fbdb561f-2d25-4f59-b19d-d94348ea6ab3,内ケ巻,37.250008,138.851833,新潟県,JR飯山線
eca1010d-1c4b-43a3-93dd-cf159a788f93,越後川口,37.272983,138.861514,新潟県,JR飯山線
a646b50b-f9f3-4822-9b4e-152173880cdc,柏崎,37.363495,138.556303,新潟県,JR越後線
f7ad964a-371d-4783-bd99-1f13b0660ee8,東柏崎,37.373867,138.565802,新潟県,JR越後線
a9579e2e-9a9a-49f3-894e-ae57752024f2,西中通,37.392456,138.592651,新潟県,JR越後線
d01f0fbe-b360-4e46-9018-7f04f4b0b2d4,荒浜,37.404699,138.601752,新潟県,JR越後線
c55a1420-3d20-47d6-87c7-6e3cfc27325b,刈羽,37.430047,138.61955,新潟県,JR越後線
d83e98e1-3777-44a7-9b2f-9ad4247915dd,西山,37.448375,138.64177,新潟県,JR越後線
5ed05a55-9fa8-40c2-8d94-2406155864b4,礼拝,37.459221,138.66392,新潟県,JR越後線
0d1ce343-9d43-4eaa-b9bd-e63b551314d5,石地,37.484132,138.688101,新潟県,JR越後線
2c1c465b-9e87-4d04-abb0-60cc891058e9,小木ノ城,37.515431,138.70402,新潟県,JR越後線
590484de-1ac4-45d4-9aab-7e4fa0348588,出雲崎,37.531857,138.716291,新潟県,JR越後線
3679bf7b-d773-4b68-89c8-1a83a8b15c77,妙法寺,37.566405,138.742037,新潟県,JR越後線
724e1ef9-146c-4a6f-8445-7338e92f826a,小島谷,37.57455,138.771225,新潟県,JR越後線
60c75b27-4480-4e3d-a748-b783a96a9318,桐原,37.601553,138.792279,新潟県,JR越後線
584f3870-6aad-431b-86c5-44a32bac7214,寺泊,37.620349,138.814519,新潟県,JR越後線
fa2c24fc-72c4-435b-8899-fc9866c220d2,分水,37.629032,138.839038,新潟県,JR越後線
21154778-69d7-49dd-829d-0ae90e742e26,粟生津,37.653988,138.873484,新潟県,JR越後線
676be20d-a81a-4e8e-92f9-716d3e2826f7,南吉田,37.671999,138.870984,新潟県,JR越後線
cf18a685-070f-4c09-8e27-f9f4118fc464,吉田,37.687111,138.878377,新潟県,JR越後線
a4f9bf13-834d-43c5-8677-0655e6cd7821,北吉田,37.702037,138.882209,新潟県,JR越後線
b64ed147-62c1-456d-bc01-d93d6c58323a,岩室,37.721382,138.879881,新潟県,JR越後線
3bb2cda1-9a6d-4e9d-a6bb-9f93b4729b1b,巻,37.756753,138.889506,新潟県,JR越後線
49810d95-964d-4850-ac29-8cd2d73f8146,越後曽根,37.793544,138.911094,新潟県,JR越後線
68efd09f-59a7-42cc-a0fa-ceb343b32f4d,越後赤塚,37.816008,138.908201,新潟県,JR越後線
2ffaf9cf-a0e0-4917-8a9d-1b2233e1f3ef,内野西が丘,37.846355,138.926647,新潟県,JR越後線
3d4d6ebf-4340-4c30-8c5a-b0b9ed1047d8,内野,37.85824,138.936615,新潟県,JR越後線
243bfaa8-8cc0-46d8-9cb1-de8c6be1df08,新潟大学前,37.869178,138.95442,新潟県,JR越後線
4156129b-9eae-4f24-8e77-eaf7ce2bdb63,寺尾,37.879106,138.973742,新潟県,JR越後線
8228135f-3388-4f97-8c1f-3925d5c01eaf,小針,37.889591,138.991359,新潟県,JR越後線
e5e9fe4e-8fbe-473b-bf31-60a0baa7c4e9,青山,37.898546,139.000813,新潟県,JR越後線
a5d2bc2d-6b03-45a3-90e7-8c5e152b08f8,関屋,37.906015,139.015087,新潟県,JR越後線
de50a92b-50e5-4594-ace8-7cb10d21c595,白山,37.911829,139.029955,新潟県,JR越後線
429c7171-5f09-4813-a943-d5a9969c0171,新潟,37.912299,139.060869,新潟県,JR越後線
f8d21c55-d410-4301-a3d6-2fb6ce823db3,松本,36.230393,137.96445,長野県,北アルプス線
2de10c75-382d-48b8-ad7b-b6e85d8d95cd,北松本,36.236971,137.960983,長野県,北アルプス線
45b13bc9-815a-4d5c-97a4-ea73ddd6ce86,島内,36.246991,137.944817,長野県,北アルプス線
67ad0cff-db22-41c8-96a1-531c62dd281b,島高松,36.246322,137.931576,長野県,北アルプス線
aee00d66-484d-44d2-8e92-6bf291baddbe,梓橋,36.250162,137.918027,長野県,北アルプス線
01236240-82c7-4816-8166-752d6694f7b6,一日市場,36.2596,137.904136,長野県,北アルプス線
c71596ab-9ca4-474c-8a9d-c84c20487154,中萱,36.273434,137.903353,長野県,北アルプス線
45e90ce9-1f0d-4d7c-bba8-42781fb2dec4,南豊科,36.291124,137.903457,長野県,北アルプス線
b1dfed7c-c364-498d-af60-85f3733e4029,豊科,36.299957,137.900896,長野県,北アルプス線
19ac082f-cf35-40a7-ab12-c42c285c8fe7,柏矢町,36.322529,137.888349,長野県,北アルプス線
5d1b4940-be51-4639-aa57-c370a82bba48,穂高,36.33906,137.881869,長野県,北アルプス線
a07bdb91-9bc4-482a-81ab-3ca1c0152be6,有明,36.359949,137.878236,長野県,北アルプス線
7fc96f85-3611-4ffb-ad09-be65b47c209d,安曇追分,36.371795,137.872736,長野県,北アルプス線
40e50d14-c733-4980-95c8-51283190774a,細野,36.397107,137.865722,長野県,北アルプス線
d1ecb0c1-5531-4f86-ad1a-6820159a1217,北細野,36.406439,137.862725,長野県,北アルプス線
6981490e-553a-4481-9f84-451dc3f503d0,信濃松川,36.424456,137.858631,長野県,北アルプス線
0ce411dc-e7a2-43ca-8e21-501fa170eba7,安曇沓掛,36.447795,137.854784,長野県,北アルプス線
fb92817a-299d-4331-9acf-264bc2dafd9e,信濃常盤,36.467403,137.847148,長野県,北アルプス線
66ed80fa-731f-4830-a4c8-2d5681d2ede1,南大町,36.491536,137.856269,長野県,北アルプス線
ffb594fd-d308-4244-99f3-a108684ebbcb,信濃大町,36.50031,137.861674,長野県,北アルプス線
72f5bbc0-0b51-49fd-9e87-0c73f0a3cdb8,北大町,36.517558,137.857913,長野県,北アルプス線
f0d30ba7-0df4-4174-a8eb-f22ed406a9bf,信濃木崎,36.535643,137.846189,長野県,北アルプス線
e72cee95-e1ae-4bc5-94a6-ef01ae25123d,稲尾,36.554058,137.842575,長野県,北アルプス線
142e5431-ab75-46ca-9e88-4abdb486ffe2,海ノ口,36.565652,137.841824,長野県,北アルプス線
9f21f26f-ae24-4114-a758-cc27cb7a64c4,簗場,36.594666,137.844724,長野県,北アルプス線
a4229598-b42d-4d46-a561-890dacd3cff0,ヤナバスキー場前,36.605851,137.855039,長野県,北アルプス線
1d78b395-dda6-4062-b1b5-c9c345bd19f6,南神城,36.637105,137.841551,長野県,北アルプス線
ace137ec-3fda-47f9-8131-6944e396ef85,神城,36.658287,137.846586,長野県,北アルプス線
5fb8a6ae-55c1-4d70-9ee2-52d9fd1924cf,飯森,36.670563,137.85006,長野県,北アルプス線
043e2012-b262-423c-a039-0f3b1d8a49e0,白馬,36.695922,137.863819,長野県,北アルプス線
1a915331-7534-484c-b968-93f31d9e0d4c,信濃森上,36.711132,137.871991,長野県,北アルプス線
0f704b4a-3b36-4a4c-a1d1-4b9c2a60b515,白馬大池,36.739918,137.885531,長野県,北アルプス線
1646c622-3fc1-4a57-9183-947417d8ab7b,千国,36.763249,137.900895,長野県,北アルプス線
36b6ad32-ce4e-4dcd-ab90-6e6479ada08f,南小谷,36.774604,137.908372,長野県,北アルプス線
c008072d-fbab-4132-a667-c90f9378ca56,中土,36.80558,137.907879,長野県,北アルプス線
98b21347-a517-4eca-995c-bc5725053596,北小谷,36.842567,137.906451,長野県,北アルプス線
8901b126-e7d3-4b46-aafe-5d3735d537a3,平岩,36.88688,137.86561,新潟県,北アルプス線
8de541f1-01cc-4815-bbcb-51380662e13b,小滝,36.938155,137.85945,新潟県,北アルプス線
8674f95f-d99c-4bcc-b847-d0426346ef01,根知,36.966683,137.86711,新潟県,北アルプス線
e5255c3e-b817-400f-8c7a-b403174d542b,頸城大野,37.006124,137.872447,新潟県,北アルプス線
96c0f244-4fa1-444a-8261-3d44a4fba2f7,姫川,37.020339,137.860914,新潟県,北アルプス線
aa3bce0b-42a1-42f4-8c9d-f589a13abb53,糸魚川,37.043631,137.861311,新潟県,北アルプス線
223cd877-2460-4405-85f6-1e7e95195be7,弥彦,37.699161,138.831761,新潟県,JR弥彦線
0b2786e5-9322-43da-930e-aa1093e06526,矢作,37.690649,138.851669,新潟県,JR弥彦線
79e67c55-91b1-4591-8040-cbb40ef4081f,吉田,37.687111,138.878377,新潟県,JR弥彦線
6fccbbc4-08a1-420c-b0bd-7aaa10fb8ab7,西燕,37.679819,138.909232,新潟県,JR弥彦線
aa4dbe56-04bf-478f-bb29-fbb2a4d2e7ac,燕,37.667613,138.928419,新潟県,JR弥彦線
33f986e9-a92d-455d-a863-51221e64bf2b,燕三条,37.648824,138.939274,新潟県,JR弥彦線
e8057014-e1a5-4bdf-a487-64b10626bdad,北三条,37.632702,138.956006,新潟県,JR弥彦線
71632766-d0ff-4418-b3e6-0e3955e5c8e4,東三条,37.628491,138.973703,新潟県,JR弥彦線
50582148-71dd-47fb-b24f-76c087a06c7b,名古屋,35.170694,136.881637,愛知県,JR中央本線(名古屋～塩尻)
49b450d7-97d0-4d7f-a635-1b19febb552d,金山,35.142928,136.900517,愛知県,JR中央本線(名古屋～塩尻)
ebbeb28d-a58a-4a70-93fa-43f005207752,鶴舞,35.156416,136.917436,愛知県,JR中央本線(名古屋～塩尻)
694467de-4d5a-47a8-9a9e-a9edbb420893,千種,35.170168,136.930665,愛知県,JR中央本線(名古屋～塩尻)
106ce50d-2251-46f2-ae74-04a9d05e3d7b,大曽根,35.191508,136.937161,愛知県,JR中央本線(名古屋～塩尻)
7ce19364-df80-4afd-9bde-3e1e120cd567,新守山,35.207283,136.951207,愛知県,JR中央本線(名古屋～塩尻)
b991b1c4-508b-41ea-96a4-457c7d3033c5,勝川,35.22982,136.956285,愛知県,JR中央本線(名古屋～塩尻)
f98bb91b-988c-418d-b8e9-95f92d47ee07,春日井,35.243139,136.985307,愛知県,JR中央本線(名古屋～塩尻)
4ff1f9b7-69cf-4d51-b11c-02d3863d6026,神領,35.256234,137.010006,愛知県,JR中央本線(名古屋～塩尻)
9ca789df-8233-476f-a18d-0c355be9ec5f,高蔵寺,35.26434,137.043766,愛知県,JR中央本線(名古屋～塩尻)
ee180ff0-f8e3-4be3-a722-263aa4413d0d,定光寺,35.278015,137.080981,愛知県,JR中央本線(名古屋～塩尻)
63f6f243-3248-4924-8e06-bb9a98c49877,古虎渓,35.302955,137.101011,岐阜県,JR中央本線(名古屋～塩尻)
3ea48a92-64fe-41d1-bc19-85b13269e112,多治見,35.334774,137.120294,岐阜県,JR中央本線(名古屋～塩尻)
60f95e54-279b-403b-be4e-2630776e8c6f,土岐市,35.359708,137.182082,岐阜県,JR中央本線(名古屋～塩尻)
5b991e59-7ad6-42a6-b1f8-048f571e26dc,瑞浪,35.369081,137.252017,岐阜県,JR中央本線(名古屋～塩尻)
785d6abf-37aa-4a1c-9842-9cded8cea0eb,釜戸,35.411103,137.30501,岐阜県,JR中央本線(名古屋～塩尻)
1189ec8a-d243-4941-b7bb-a11ef1ea83a9,武並,35.437938,137.35417,岐阜県,JR中央本線(名古屋～塩尻)
eaa3f16e-d156-4537-ae8e-58afe191001f,恵那,35.455063,137.407764,岐阜県,JR中央本線(名古屋～塩尻)
d8208168-8d67-4301-8ce4-9f6698aa4594,美乃坂本,35.479286,137.450364,岐阜県,JR中央本線(名古屋～塩尻)
013ef02b-8240-4405-ae4d-58f26381b94e,中津川,35.50036,137.502867,岐阜県,JR中央本線(名古屋～塩尻)
76ada041-9203-48c4-a5d0-47761cca59d3,落合川,35.525116,137.530034,岐阜県,JR中央本線(名古屋～塩尻)
04952615-9fbe-4038-904c-b57617e086bd,坂下,35.574218,137.531094,岐阜県,JR中央本線(名古屋～塩尻)
93ee33c4-826d-4b02-a9c1-f93a418066ca,田立,35.588281,137.54893,長野県,JR中央本線(名古屋～塩尻)
ba3437a7-583c-42e6-b163-319fc1dc6cd2,南木曽,35.598896,137.608672,長野県,JR中央本線(名古屋～塩尻)
97a12800-ab90-43ce-b865-d3e5f7a5e699,十二兼,35.645418,137.617569,長野県,JR中央本線(名古屋～塩尻)
76684a8e-169e-4eb2-b1f1-2a962b1ab902,野尻,35.673042,137.636152,長野県,JR中央本線(名古屋～塩尻)
6ed064f5-e128-48b2-b146-9781f147ebb2,大桑,35.684477,137.664224,長野県,JR中央本線(名古屋～塩尻)
5d4af4a4-7752-485d-b897-ad2091fee7de,須原,35.69769,137.694844,長野県,JR中央本線(名古屋～塩尻)
1a2984b2-dedc-4bf5-8c77-a3ce10928764,倉本,35.732939,137.714338,長野県,JR中央本線(名古屋～塩尻)
12c74d54-3979-4c52-8e83-21e3b45ea406,上松,35.784068,137.693283,長野県,JR中央本線(名古屋～塩尻)
84b68c2b-5265-4753-a48a-b920a33295b5,木曽福島,35.843669,137.69343,長野県,JR中央本線(名古屋～塩尻)
d9af13d5-124d-4ab1-8277-3fb081fc7b56,原野,35.871245,137.741536,長野県,JR中央本線(名古屋～塩尻)
a2672179-7671-4ec0-a9c4-d845a57162bc,宮ノ越,35.888337,137.763794,長野県,JR中央本線(名古屋～塩尻)
abb2b3c7-4471-4c65-b10f-471ef2d3c50a,藪原,35.930152,137.784368,長野県,JR中央本線(名古屋～塩尻)
dab55e33-8803-405c-aa19-4d2f347b0173,奈良井,35.969476,137.816195,長野県,JR中央本線(名古屋～塩尻)
3c3d4266-3d2a-4de6-9d7b-6bb02a834e8a,木曽平沢,35.979108,137.832613,長野県,JR中央本線(名古屋～塩尻)
f992f9f4-e267-4b31-b78f-50e34b2e767d,贄川,36.014008,137.86091,長野県,JR中央本線(名古屋～塩尻)
26df7309-179b-4e45-8eca-ba6bc378f13f,日出塩,36.049004,137.894804,長野県,JR中央本線(名古屋～塩尻)
0259955d-e96f-4b9b-857c-b42d262caef1,洗馬,36.087164,137.916842,長野県,JR中央本線(名古屋～塩尻)
2be0a142-b0f0-4e5e-a17a-752bf0f52286,塩尻,36.114364,137.947961,長野県,JR中央本線(名古屋～塩尻)
bbd2c3b6-b4d2-421e-8016-f6a3e35359e8,塩尻,36.114364,137.947961,長野県,JR篠ノ井線
5e3fe5fa-9f6c-4f91-83bc-8fa73e900802,広丘,36.148032,137.949578,長野県,JR篠ノ井線
23553690-8b11-43f7-ab9f-ac1795a23693,村井,36.174226,137.956007,長野県,JR篠ノ井線
1112d2f9-1210-4ec1-a55a-14b340e6b066,平田,36.191161,137.962017,長野県,JR篠ノ井線
d0e9336f-e38f-4fbe-92a9-fceea892c3d8,南松本,36.210447,137.969505,長野県,JR篠ノ井線
472d6a0c-c793-41e1-91bb-fa3f6a01dfc3,松本,36.230393,137.96445,長野県,JR篠ノ井線
57840b47-a919-4a4b-a4c0-2c58e9c9b9c6,田沢,36.301583,137.941029,長野県,JR篠ノ井線
45dc7c07-a3b6-41c1-90c6-6759577c1296,明科,36.353948,137.929967,長野県,JR篠ノ井線
60d937f0-3da1-4034-9d9e-67ac49db379c,西条,36.400353,138.012377,長野県,JR篠ノ井線
8648708d-4e05-49e4-9202-56a3db00f3d8,坂北,36.430663,138.015754,長野県,JR篠ノ井線
92bb410f-5cc9-44af-9e73-c9083eec6cdd,聖高原,36.455069,138.047603,長野県,JR篠ノ井線
245f4608-bd3e-4e75-b3cb-22893ce569df,冠着,36.457215,138.079223,長野県,JR篠ノ井線
06c4451c-9fc7-4422-9a48-b68e55d2fad4,姨捨,36.502649,138.093388,長野県,JR篠ノ井線
5602703a-b12a-47ff-bdf0-f8140e07131a,稲荷山,36.552633,138.108061,長野県,JR篠ノ井線
160b2a15-583b-4709-8a6e-59dddb7ce62d,篠ノ井,36.5771,138.138046,長野県,JR篠ノ井線
1fceb451-85d0-4e3f-8c3c-5ac04b6aa335,豊橋,34.762734,137.382128,愛知県,JR飯田線(豊橋～天竜峡)
7125ed91-20c5-40c0-a01f-724468642822,船町,34.775809,137.374001,愛知県,JR飯田線(豊橋～天竜峡)
cfd8fbbd-1e5e-4825-9ca6-a7d8c58ba737,下地,34.780939,137.370612,愛知県,JR飯田線(豊橋～天竜峡)
4b0d042c-02d3-4b08-912c-69026cf46758,小坂井,34.797544,137.363056,愛知県,JR飯田線(豊橋～天竜峡)
159b3dfe-c43a-46ea-aaef-a26037c45903,牛久保,34.808563,137.381671,愛知県,JR飯田線(豊橋～天竜峡)
d6678153-3f02-4895-a561-e644d36127b6,豊川,34.822519,137.397157,愛知県,JR飯田線(豊橋～天竜峡)
c4845a64-eabb-4d23-870a-cadc5566b004,三河一宮,34.847911,137.414549,愛知県,JR飯田線(豊橋～天竜峡)
bdad919a-b883-4d4a-991a-7665c64a3219,長山,34.864449,137.431458,愛知県,JR飯田線(豊橋～天竜峡)
d3479b56-e418-4dc8-b687-cb995a884b7b,江島,34.868029,137.441518,愛知県,JR飯田線(豊橋～天竜峡)
7c30de2e-f255-45f1-a4e9-dac21c247ef9,東上,34.876278,137.455236,愛知県,JR飯田線(豊橋～天竜峡)
95a67f09-51fa-4207-83f8-4d3cff59d0d3,野田城,34.889282,137.477861,愛知県,JR飯田線(豊橋～天竜峡)
f9f02269-16c9-4b4a-88d2-22e6078da09a,新城,34.901112,137.49304,愛知県,JR飯田線(豊橋～天竜峡)
a3b3a1a8-cd01-4f52-9a18-497e5925e6a1,東新町,34.906129,137.502928,愛知県,JR飯田線(豊橋～天竜峡)
ed908802-3a3d-4f14-b581-78bb60b659e0,茶臼山,34.910334,137.514424,愛知県,JR飯田線(豊橋～天竜峡)
c4d008dc-a1c1-4f8e-a618-fb70994e50b5,三河東郷,34.912224,137.527242,愛知県,JR飯田線(豊橋～天竜峡)
eb889a41-819a-4385-8f78-39f82e9e5746,大海,34.930164,137.548682,愛知県,JR飯田線(豊橋～天竜峡)
35e3243e-aa15-4ca8-a2c8-73d9f7f1a23a,鳥居,34.920834,137.551537,愛知県,JR飯田線(豊橋～天竜峡)
65467f04-5843-4a17-a1b3-fa55da6de6f9,長篠城,34.92599,137.565,愛知県,JR飯田線(豊橋～天竜峡)
200c1fdc-4339-4595-8a53-a330ed2c6eb9,本長篠,34.932664,137.576848,愛知県,JR飯田線(豊橋～天竜峡)
b293265a-38f0-4dfd-a017-19546cb0d588,三河大野,34.952038,137.602987,愛知県,JR飯田線(豊橋～天竜峡)
cd52af16-cf02-4251-958c-e1879d57600d,湯谷温泉,34.970516,137.613026,愛知県,JR飯田線(豊橋～天竜峡)
f16af4ec-22e4-46f2-a397-cecc9872c9b0,三河槙原,34.988589,137.621022,愛知県,JR飯田線(豊橋～天竜峡)
e27c9313-4336-4a53-9aa8-41bcf02d088f,柿平,34.990587,137.644048,愛知県,JR飯田線(豊橋～天竜峡)
3cf9eff9-f563-4081-9561-45d483f83aa9,三河川合,35.001722,137.663991,愛知県,JR飯田線(豊橋～天竜峡)
64e8d387-ea5e-4b59-9768-ad1f91b3b4b6,池場,35.024418,137.704066,愛知県,JR飯田線(豊橋～天竜峡)
4c51dc83-4419-4fa5-8568-027e5f1b9c3f,東栄,35.02901,137.713812,愛知県,JR飯田線(豊橋～天竜峡)
3974e099-8ad2-4fce-a604-42972823d349,出馬,35.049322,137.744276,静岡県,JR飯田線(豊橋～天竜峡)
da8fed08-ec2e-4887-9a0a-61974835dc43,上市場,35.050202,137.752364,静岡県,JR飯田線(豊橋～天竜峡)
80c2249e-4520-45d8-8f1d-74a7121a731c,浦川,35.056355,137.763608,静岡県,JR飯田線(豊橋～天竜峡)
bb1a89ae-fe21-40ac-84ba-a6fb068a1151,早瀬,35.060521,137.775126,静岡県,JR飯田線(豊橋～天竜峡)
6152fc23-61de-44f5-b8e0-ee5a85c64674,下川合,35.069321,137.786422,静岡県,JR飯田線(豊橋～天竜峡)
ae2b6c77-256e-4544-8f8b-531af8492717,中部天竜,35.085283,137.802898,静岡県,JR飯田線(豊橋～天竜峡)
4cd40f6b-9882-4660-a0b6-0e522ea83eec,佐久間,35.091877,137.809783,静岡県,JR飯田線(豊橋～天竜峡)
f355d758-7e6b-470d-9b80-ecbfd313e11d,相月,35.114988,137.854345,静岡県,JR飯田線(豊橋～天竜峡)
0147bd67-2fdd-46d5-8855-bbbc599dbff5,城西,35.131569,137.86198,静岡県,JR飯田線(豊橋～天竜峡)
cccb7e86-566b-4c0c-bced-5203fed031b9,向市場,35.154067,137.869446,静岡県,JR飯田線(豊橋～天竜峡)
b20d5076-33e9-4e8b-8720-72f1a3417e9c,水窪,35.163371,137.870501,静岡県,JR飯田線(豊橋～天竜峡)
c9fb89c2-b06c-4209-84e6-8aaf2d1b32b5,大嵐,35.190466,137.818509,静岡県,JR飯田線(豊橋～天竜峡)
b4d9653b-eb75-4b97-9722-b09ff5c91bde,小和田,35.209862,137.835971,静岡県,JR飯田線(豊橋～天竜峡)
38ccde8c-9626-4eaa-a941-966020a87ad4,中井侍,35.235913,137.834912,長野県,JR飯田線(豊橋～天竜峡)
c21d077f-358c-4488-85b0-3cadbd1da7b8,伊那小沢,35.25406,137.834709,長野県,JR飯田線(豊橋～天竜峡)
819bedd9-8468-4c2c-b549-6ce950350122,鶯巣,35.267286,137.832595,長野県,JR飯田線(豊橋～天竜峡)
a48fe6f4-3b36-4b50-a4cb-997e0ed3d53a,平岡,35.273652,137.853574,長野県,JR飯田線(豊橋～天竜峡)
f27fbcd2-245f-4282-a099-eadf30f01d63,為栗,35.311687,137.848503,長野県,JR飯田線(豊橋～天竜峡)
1ad28e0c-894b-4f52-b399-c33cecf663d3,温田,35.336273,137.841294,長野県,JR飯田線(豊橋～天竜峡)
9085c9ab-920d-4f91-af50-05e3de37a440,田本,35.348988,137.837922,長野県,JR飯田線(豊橋～天竜峡)
e6d0329c-51ec-4c41-82a0-cab1c9a5f3f9,門島,35.375306,137.814151,長野県,JR飯田線(豊橋～天竜峡)
6d0f19b4-a19b-4573-a480-433069c5e931,唐笠,35.402338,137.810254,長野県,JR飯田線(豊橋～天竜峡)
984a8065-aaeb-409a-aaa8-c8cc76d70f9b,金野,35.419128,137.817149,長野県,JR飯田線(豊橋～天竜峡)
6a2e1841-66d7-4089-866d-3fb3a95a2954,千代,35.428949,137.816754,長野県,JR飯田線(豊橋～天竜峡)
4a4dfea5-7cd9-4bc8-ad6c-17096c6efb10,天竜峡,35.441114,137.81732,長野県,JR飯田線(豊橋～天竜峡)
526bd058-3de5-4317-80a7-a68982c01b64,天竜峡,35.441114,137.81732,長野県,JR飯田線(天竜峡～辰野)
193fc49e-e2f5-45c8-a6a1-1f96948f3883,川路,35.452946,137.815564,長野県,JR飯田線(天竜峡～辰野)
b096a894-97bb-4ea9-b292-fc79cd3e55fa,時又,35.46402,137.82776,長野県,JR飯田線(天竜峡～辰野)
3792b8f2-2e7b-498f-8d12-1c1daec2b89c,駄科,35.4754,137.839625,長野県,JR飯田線(天竜峡～辰野)
aa1436e5-ac2f-4f59-8e97-0355258d1cc9,毛賀,35.487445,137.839332,長野県,JR飯田線(天竜峡～辰野)
042c0cf3-2a8c-493e-abe0-ea21337304e4,伊那八幡,35.49683,137.84154,長野県,JR飯田線(天竜峡～辰野)
d34b51c4-a464-4810-a0ad-0a863f37eecf,下山村,35.50426,137.83959,長野県,JR飯田線(天竜峡～辰野)
8a6d5ec4-f488-4f65-9aa3-30d562998b62,鼎,35.506726,137.828383,長野県,JR飯田線(天竜峡～辰野)
7a7c36b9-b364-4640-8301-c907cc341431,切石,35.512339,137.809098,長野県,JR飯田線(天竜峡～辰野)
66ed1bcf-8efb-4ea0-89d7-c17c1159af7c,飯田,35.519544,137.821244,長野県,JR飯田線(天竜峡～辰野)
392cb21e-5244-47a9-8951-838bcc48fdc5,桜町,35.522147,137.829601,長野県,JR飯田線(天竜峡～辰野)
b04e2062-2d4e-4c38-bbf2-1f04814f9a3e,伊那上郷,35.520164,137.838984,長野県,JR飯田線(天竜峡～辰野)
4d4c7cb8-f0c3-49cd-9647-849c49f60b7d,元善光寺,35.533843,137.861375,長野県,JR飯田線(天竜峡～辰野)
f1b4c609-538d-45d3-a8e8-dc9890acc778,下市田,35.544165,137.87641,長野県,JR飯田線(天竜峡～辰野)
d1673e89-872b-4b01-8e87-3c9096ad390f,市田,35.549325,137.886578,長野県,JR飯田線(天竜峡～辰野)
9070c276-e8a9-4031-829d-5e82c2484196,下平,35.572597,137.895922,長野県,JR飯田線(天竜峡～辰野)
841644a5-aa0a-4ef7-8980-f3cb11390eb8,山吹,35.577758,137.903282,長野県,JR飯田線(天竜峡～辰野)
8ed408f2-f399-4eab-9431-a9a7cf9ee088,伊那大島,35.595698,137.913222,長野県,JR飯田線(天竜峡～辰野)
829249da-5e9d-44aa-83fa-59bcef6720b0,上片桐,35.617583,137.904064,長野県,JR飯田線(天竜峡～辰野)
43020a0f-65dd-4b13-b42e-d337cabbd292,伊那田島,35.627221,137.910338,長野県,JR飯田線(天竜峡～辰野)
4bc780a3-285a-4802-818a-ab91dff117de,高遠原,35.644693,137.90055,長野県,JR飯田線(天竜峡～辰野)
9ceb49b0-cf0b-442b-b601-c2516931c695,七久保,35.654645,137.911346,長野県,JR飯田線(天竜峡～辰野)
cae19eb8-2c15-44b4-ac05-64182b031d39,伊那本郷,35.66543,137.93248,長野県,JR飯田線(天竜峡～辰野)
161a2af9-866b-45dd-a2d4-8ac174e1a8b4,飯島,35.677571,137.929004,長野県,JR飯田線(天竜峡～辰野)
f28030db-ae63-4f09-9ee5-039ec49108e2,田切,35.695613,137.933092,長野県,JR飯田線(天竜峡～辰野)
18b1b3b3-0ad9-4f28-9454-c06552cda99d,伊那福岡,35.712233,137.93398,長野県,JR飯田線(天竜峡～辰野)
cb67c3cc-7bd0-487c-a8d5-cb5a7b356b96,小町屋,35.726781,137.935207,長野県,JR飯田線(天竜峡～辰野)
ee3ab77e-cefb-4edd-ad5f-fc6461d14ab4,駒ケ根,35.736219,137.936862,長野県,JR飯田線(天竜峡～辰野)
2cedd5c3-3a93-4e4c-b9c8-4d373159103e,大田切,35.748162,137.940159,長野県,JR飯田線(天竜峡～辰野)
648732e2-6d82-415e-a21b-bf25815963d3,宮田,35.76726,137.938897,長野県,JR飯田線(天竜峡～辰野)
34b17d3f-38cc-4eb6-a462-624b7373c8b9,赤木,35.777887,137.943943,長野県,JR飯田線(天竜峡～辰野)
49148b06-07c6-4778-be51-2f3e6d5797a0,沢渡,35.803681,137.944035,長野県,JR飯田線(天竜峡～辰野)
d45be3ad-254c-4d0b-ba3d-c434b2009eec,下島,35.812706,137.940055,長野県,JR飯田線(天竜峡～辰野)
5bd5d10d-b344-4d96-90bc-ba5b0b996fa0,伊那市,35.838435,137.959196,長野県,JR飯田線(天竜峡～辰野)
38b703f0-b1aa-4b2e-b619-4a539929733d,伊那北,35.84524,137.964368,長野県,JR飯田線(天竜峡～辰野)
51668037-8ebd-4312-b50d-77f70267f491,田畑,35.860791,137.97781,長野県,JR飯田線(天竜峡～辰野)
2e18ec0e-81b6-4a9c-8e83-90660e6ba1f3,北殿,35.879377,137.984059,長野県,JR飯田線(天竜峡～辰野)
e5d3e22b-ae9a-48e3-9f02-e9d9c80d9f8a,木ノ下,35.900892,137.988022,長野県,JR飯田線(天竜峡～辰野)
b5d7f563-a2d8-4e8c-92d9-033ac203b4c7,伊那松島,35.913865,137.988647,長野県,JR飯田線(天竜峡～辰野)
014358f3-6893-41e0-adb9-0bcabd6be605,沢,35.936385,137.985477,長野県,JR飯田線(天竜峡～辰野)
fdc9f96e-c6fa-4c26-8897-e8b7fa674585,羽場,35.953094,137.985126,長野県,JR飯田線(天竜峡～辰野)
0dc93039-cb04-48eb-938b-69a4be06568c,伊那新町,35.9688,137.984056,長野県,JR飯田線(天竜峡～辰野)
5f30d0f7-1734-47ae-93d1-15fb79492c4f,宮木,35.976247,137.990509,長野県,JR飯田線(天竜峡～辰野)
909550b6-f577-449d-9ac7-a540e3e3bb19,辰野,35.984565,137.997238,長野県,JR飯田線(天竜峡～辰野)
99fa7f9f-c67e-49ce-bf49-35c02f39cf91,米原,35.314657,136.289992,滋賀県,JR北陸本線(米原～金沢)
484012e1-2aca-4aa8-adb6-b20661d420c2,坂田,35.335777,136.287743,滋賀県,JR北陸本線(米原～金沢)
ee5ef90c-176d-4831-a5d0-6abce6896fcb,田村,35.356307,136.281813,滋賀県,JR北陸本線(米原～金沢)
936935ed-7550-4f82-be3e-c902ad9ea831,長浜,35.378828,136.264901,滋賀県,JR北陸本線(米原～金沢)
b261f2ae-737f-4a27-bc7e-06b680c524f6,虎姫,35.424539,136.257385,滋賀県,JR北陸本線(米原～金沢)
fa42a76b-b540-482f-a8ba-54c9522c5748,河毛,35.448425,136.249519,滋賀県,JR北陸本線(米原～金沢)
e679c675-5b0d-4e14-8450-2684bdc8ad9c,高月,35.470337,136.237716,滋賀県,JR北陸本線(米原～金沢)
5469ee5e-596d-45a0-9fc8-692c84f875ce,木ノ本,35.505933,136.221706,滋賀県,JR北陸本線(米原～金沢)
75c0f2b1-a86d-42c4-bbc6-81aeeb9f0697,余呉,35.53382,136.197591,滋賀県,JR北陸本線(米原～金沢)
1c269a50-afd4-4707-a4c6-dc6c99eb01dc,近江塩津,35.53978,136.151236,滋賀県,JR北陸本線(米原～金沢)
c94b265a-1281-4476-922c-0e6adab32241,新疋田,35.594239,136.100558,福井県,JR北陸本線(米原～金沢)
75deeb75-f719-481a-8b76-3d49a3661065,敦賀,35.644767,136.076488,福井県,JR北陸本線(米原～金沢)
fcea54e8-7ab5-4568-b6d0-c6e0696221f8,南今庄,35.757424,136.184723,福井県,JR北陸本線(米原～金沢)
21723114-1eb2-4eb5-b0b0-6817d3673dfe,今庄,35.772947,136.199279,福井県,JR北陸本線(米原～金沢)
dd8a0b26-c4bf-4999-a4d2-f4afe71e1d9e,湯尾,35.803251,136.193007,福井県,JR北陸本線(米原～金沢)
2c2a0879-73c0-4be7-8142-ac3478f3302e,南条,35.831956,136.193391,福井県,JR北陸本線(米原～金沢)
7ad87c43-5717-40cf-89fa-2fe8809a911e,王子保,35.866259,136.165595,福井県,JR北陸本線(米原～金沢)
409d1bda-5fc2-47ae-bdf1-9b3c044e0668,武生,35.903254,136.170913,福井県,JR北陸本線(米原～金沢)
c104725b-8844-45f3-acc0-0aff40166329,鯖江,35.943355,136.188852,福井県,JR北陸本線(米原～金沢)
a6258d4b-5660-4757-91b7-a980dc46dd13,北鯖江,35.971496,136.198452,福井県,JR北陸本線(米原～金沢)
8ff24b3e-eff1-4e43-b709-eff4c50df55d,大土呂,36.010546,136.216519,福井県,JR北陸本線(米原～金沢)
9df54f17-249d-4aac-afed-87560a83fddb,越前花堂,36.038771,136.218073,福井県,JR北陸本線(米原～金沢)
aff30396-fd4d-4443-a69b-b4756e97ff49,福井,36.062057,136.223516,福井県,JR北陸本線(米原～金沢)
1ab3c50f-c8e4-4560-b2e9-d78ee3f682bf,森田,36.109381,136.222516,福井県,JR北陸本線(米原～金沢)
b32bc565-5760-4a0f-b9c3-a1dcc36d3891,春江,36.129004,136.228487,福井県,JR北陸本線(米原～金沢)
74fe5f64-22d8-4d24-8c73-4d8efb42fe02,丸岡,36.162595,136.233502,福井県,JR北陸本線(米原～金沢)
ad0b5d96-1ef5-43e0-b88e-ea55c1756b3c,芦原温泉,36.214542,136.235069,福井県,JR北陸本線(米原～金沢)
ccda8236-18b7-4db5-be81-194aea83747d,細呂木,36.24125,136.256968,福井県,JR北陸本線(米原～金沢)
934f2289-f9b6-4738-9030-500c673bf207,牛ノ谷,36.259409,136.281618,福井県,JR北陸本線(米原～金沢)
de193589-19ce-41e3-b59c-43e57e314843,大聖寺,36.300311,136.314205,石川県,JR北陸本線(米原～金沢)
68712759-02fd-4738-90cb-faa71a337e63,加賀温泉,36.320562,136.350337,石川県,JR北陸本線(米原～金沢)
f00eec57-f1d1-48a1-83c5-94e901e59932,動橋,36.328428,136.383027,石川県,JR北陸本線(米原～金沢)
d6ee5f25-e313-4193-9208-cb517b0786d9,粟津,36.35575,136.424544,石川県,JR北陸本線(米原～金沢)
abe84763-5578-4d41-a229-9fdb4683482a,小松,36.402545,136.452926,石川県,JR北陸本線(米原～金沢)
47ba22f7-31eb-4158-b5dc-94a4a62673fc,明峰,36.425302,136.463114,石川県,JR北陸本線(米原～金沢)
fe50265f-117b-4768-90e1-7d86103460e7,能美根上,36.452053,136.459721,石川県,JR北陸本線(米原～金沢)
56c6995d-e5f4-4f9b-9f6e-d8e2ff146240,小舞子,36.476371,136.474925,石川県,JR北陸本線(米原～金沢)
fcf11993-304d-473d-8fb3-bff930f8c03a,美川,36.486001,136.489205,石川県,JR北陸本線(米原～金沢)
9a02a3c0-899b-4ee4-8c4e-b5a9cc16fbe5,加賀笠間,36.502935,136.527434,石川県,JR北陸本線(米原～金沢)
3b1687a9-a842-456a-93c9-d4a6c84be81b,松任,36.526706,136.566205,石川県,JR北陸本線(米原～金沢)
6fcb4694-3a77-463f-9aeb-55b605c3cb34,野々市,36.541644,136.598044,石川県,JR北陸本線(米原～金沢)
46cb6f17-9092-4450-8e0d-84faddec396e,西金沢,36.553212,136.621225,石川県,JR北陸本線(米原～金沢)
a93d9f42-3af6-4e2c-9835-9cc5f0a434cb,金沢,36.578117,136.648166,石川県,JR北陸本線(米原～金沢)
ff7042f7-85d4-4386-a5a3-f9fd86778c0e,岐阜,35.409532,136.756514,岐阜県,JR高山本線
cc083002-f94d-444f-bf2c-dfd04c2a653f,長森,35.402024,136.802981,岐阜県,JR高山本線
71fb0f88-23c2-4aba-8741-6bb56d3ffaae,那加,35.400538,136.835466,岐阜県,JR高山本線
8a54ed1b-9a1a-46e9-b4ab-daa138134e82,蘇原,35.403167,136.871434,岐阜県,JR高山本線
759a6825-962b-40aa-a1ee-85b28e07fff9,各務ケ原,35.403812,136.901106,岐阜県,JR高山本線
6064ee2a-3baf-4e90-9f77-4abfb201ff17,鵜沼,35.397897,136.945122,岐阜県,JR高山本線
d15e2876-f609-49e2-bf8c-49146c35b5c2,坂祝,35.426359,136.976868,岐阜県,JR高山本線
94be617a-8342-4978-8230-5228a67ef77d,美濃太田,35.445617,137.019467,岐阜県,JR高山本線
39a43a08-3905-451f-9d68-60dae04b6fc1,古井,35.457295,137.047497,岐阜県,JR高山本線
e53fd24b-4cf4-4760-a723-76693067bf7a,中川辺,35.487143,137.065086,岐阜県,JR高山本線
d39c327b-47df-462d-999e-ba96b57061b7,下麻生,35.514973,137.087157,岐阜県,JR高山本線
f68f5e29-f8ea-4941-9eeb-4749a0e7eaa2,上麻生,35.541293,137.11863,岐阜県,JR高山本線
f1580b44-8b15-43de-b2db-8ee035795caa,白川口,35.579345,137.184824,岐阜県,JR高山本線
0f6dc156-c086-48bb-bb1b-00d3a5dcccf6,下油井,35.633214,137.183137,岐阜県,JR高山本線
49d94d60-60a3-495d-8c32-45b658e77df7,飛騨金山,35.662118,137.164333,岐阜県,JR高山本線
9c6de826-042b-49a3-a49e-73f960040ec0,焼石,35.725763,137.200404,岐阜県,JR高山本線
4a8b26af-0f1f-4455-b4bf-aebfcc322d40,下呂,35.805345,137.239778,岐阜県,JR高山本線
13068d6b-a61f-4b02-98c0-722dcaddbab2,禅昌寺,35.848937,137.225184,岐阜県,JR高山本線
5243d56f-f6cf-4d30-9872-77df02ef6908,飛騨萩原,35.874766,137.213568,岐阜県,JR高山本線
ee7555d6-b697-48d6-bf29-8b9bcc628917,上呂,35.910717,137.204562,岐阜県,JR高山本線
d03058c3-2c49-471a-8da5-1e800c7fb0bf,飛騨宮田,35.928443,137.235595,岐阜県,JR高山本線
7d2f65aa-9b00-4f1d-b180-19b931e1524e,飛騨小坂,35.950749,137.257084,岐阜県,JR高山本線
3357d904-23d8-454c-9064-74940f58e699,渚,36.001416,137.287894,岐阜県,JR高山本線
0b0363b3-70fa-4035-96bf-a30b9b06e867,久々野,36.052273,137.276778,岐阜県,JR高山本線
0ab44042-92f0-44ca-9c1b-426107040f0a,飛騨一ノ宮,36.08836,137.247588,岐阜県,JR高山本線
aabb9998-d8b0-4a93-aad1-81609052185c,高山,36.140574,137.251301,岐阜県,JR高山本線
3f261390-2a72-4cc0-b0cb-ba8ba74b3b92,上枝,36.18095,137.245789,岐阜県,JR高山本線
2e2f5dda-1aa9-4af7-b976-7228c07de4db,飛騨国府,36.211001,137.215895,岐阜県,JR高山本線
91774edd-49f0-4216-ac0b-bd2ab8af79c0,飛騨古川,36.236727,137.189681,岐阜県,JR高山本線
b5d5c367-f26c-455f-8ec6-7f9e4b3555dc,杉崎,36.250003,137.168638,岐阜県,JR高山本線
4ba11074-f608-4077-b8eb-f3b845d04a25,飛騨細江,36.260926,137.146029,岐阜県,JR高山本線
d965ccec-4a21-4c28-84bb-3e6fcbed0d96,角川,36.30016,137.113223,岐阜県,JR高山本線
3e3e7ade-d9d5-4063-917f-66f292e5885b,坂上,36.327902,137.140979,岐阜県,JR高山本線
d5351dad-f9b8-47f8-a8c7-aa593e1ef510,打保,36.383737,137.181902,岐阜県,JR高山本線
02f3e0e0-01d7-4638-89e6-bae64eabc801,杉原,36.415806,137.192102,岐阜県,JR高山本線
f91e3682-a3aa-4e1d-9b08-20d2e1bd588f,猪谷,36.471625,137.237975,富山県,JR高山本線
76398bf8-dc34-4b1c-9e1e-d3254749af8b,楡原,36.529323,137.22872,富山県,JR高山本線
04af0086-c21b-4105-b6be-530e31cead94,笹津,36.562129,137.211437,富山県,JR高山本線
03d04dc8-3af4-41db-bc47-6a9ccb7ca306,東八尾,36.589645,137.174978,富山県,JR高山本線
74c15dc3-1165-474a-a5ba-673e6189f12c,越中八尾,36.591391,137.138379,富山県,JR高山本線
887dff49-aff8-44b5-aa45-3c2b12b0939b,千里,36.634678,137.132396,富山県,JR高山本線
5d901d51-0c82-49fa-9fe0-33d96ea509a1,速星,36.664135,137.160428,富山県,JR高山本線
8649eb6a-fe49-4f69-8077-8f4add2a2087,婦中鵜坂,36.676084,137.167625,富山県,JR高山本線
83840ed2-2ee2-4037-90cc-5a3d57088e40,西富山,36.699331,137.177029,富山県,JR高山本線
7b7a5f01-5a83-4234-8c1b-b7f46c391be5,富山,36.701384,137.213091,富山県,JR高山本線
7241f32c-64e8-4736-9976-7e0a1ef987c3,高岡,36.740948,137.015274,富山県,JR城端線
ab89808b-6e59-415f-b20e-4bb8b2992eda,新高岡,36.727004,137.010459,富山県,JR城端線
f7b3aa8a-f456-4b00-94f5-e8af15f69632,二塚,36.714339,137.006141,富山県,JR城端線
39f9e970-538f-437d-a6d8-53fdff756230,林,36.704504,136.999379,富山県,JR城端線
e68155ce-b953-457b-8c42-ec6b5f39ca80,戸出,36.684323,136.983898,富山県,JR城端線
0eb2d01a-245d-4fbe-96af-2e1b41a06b64,油田,36.655124,136.970372,富山県,JR城端線
7f491f46-5bf9-49da-980b-210e0cc3fbbd,砺波,36.636424,136.953648,富山県,JR城端線
2ee8eee7-ed65-46d8-81ef-336fd6986375,東野尻,36.618573,136.9435,富山県,JR城端線
450d1d4b-d58b-447c-b68c-5e8ca083597c,高儀,36.606697,136.936007,富山県,JR城端線
0861c11f-9d70-4dbd-8e27-619f87578b39,福野,36.588541,136.923166,富山県,JR城端線
b30ebe83-2a33-4709-a377-97480dea7835,東石黒,36.57605,136.898166,富山県,JR城端線
212e5358-e19d-40f3-bd52-9a65eabd6a81,福光,36.558121,136.878135,富山県,JR城端線
fedde2b4-ea01-49a1-a14a-12c6956a016f,越中山田,36.538513,136.887522,富山県,JR城端線
87082998-b954-4806-adf6-c70b3dfb3452,城端,36.522012,136.901673,富山県,JR城端線
f60b91fc-10e6-4f05-a327-47a0b8b655b5,高岡,36.740948,137.015274,富山県,JR氷見線
aabac67a-0ea6-4238-bf50-7b8e545e8d0d,越中中川,36.749764,137.027851,富山県,JR氷見線
c3390818-6043-4fb3-89d2-d52e981aebaf,能町,36.768259,137.039885,富山県,JR氷見線
32a4c662-7db2-4239-a8a0-0f6932343560,伏木,36.792306,137.05853,富山県,JR氷見線
117d36b6-b9a2-4f66-9ce7-3687766abcd8,越中国分,36.805361,137.050729,富山県,JR氷見線
d80ffc88-ed40-4462-9b76-623bae2d83b3,雨晴,36.816484,137.037583,富山県,JR氷見線
509fa29e-0524-4bc7-9b20-86817fd427f1,島尾,36.828423,137.01269,富山県,JR氷見線
09f47bd6-f2ba-47d3-b41d-80c676df17ec,氷見,36.849899,136.990631,富山県,JR氷見線
db677ea5-bd31-4572-928a-ad284e2a5d61,津幡,36.657895,136.730759,石川県,JR七尾線
25de49ae-b3d6-4a77-9610-db2534d1df36,中津幡,36.67156,136.740279,石川県,JR七尾線
f201e988-fdc5-465a-b503-df31730f7b47,本津幡,36.676673,136.732202,石川県,JR七尾線
96de7e5c-1eab-4fd7-98ef-a0b77d486ed2,能瀬,36.693152,136.719898,石川県,JR七尾線
b8d8f09f-53a6-465c-8bfb-06a9892c8cda,宇野気,36.722795,136.70306,石川県,JR七尾線
e5e0ea9f-54ac-42fe-8a77-85b54b9ef892,横山,36.747739,136.71685,石川県,JR七尾線
11c6d2eb-6269-44bc-87be-25cc19b98bca,高松,36.768541,136.728823,石川県,JR七尾線
668248b9-c194-4820-a79d-7086b1df644e,免田,36.795806,136.747581,石川県,JR七尾線
2d8cacec-9c54-49b1-a192-5165f875ab3e,宝達,36.819875,136.762229,石川県,JR七尾線
f2a24547-5379-46d2-8da7-b8cd2652b91e,敷浪,36.848094,136.773455,石川県,JR七尾線
69ab6d4e-d3e2-400b-b670-1532591affde,南羽咋,36.870324,136.774631,石川県,JR七尾線
bff914e0-d8d5-4c24-9f92-e7aea6ad6e07,羽咋,36.897073,136.783332,石川県,JR七尾線
508126f9-e8ab-4c0c-81ff-b344f967edd1,千路,36.928139,136.801195,石川県,JR七尾線
b4ff4d36-ac5d-42e2-b166-b5476696157d,金丸,36.943344,136.835874,石川県,JR七尾線
7f3f48a3-3528-48b3-b43e-6f409536f76b,能登部,36.960867,136.869403,石川県,JR七尾線
c0e1c1de-9fc6-4993-ab12-fab3a1db4f2d,良川,36.976662,136.894628,石川県,JR七尾線
98b52aae-b035-43f0-a396-a02c2d92427e,能登二宮,36.984824,136.91738900000001,石川県,JR七尾線
4dfe9d93-8df7-4f11-9dbe-f4c15e93e621,徳田,37.007449,136.930295,石川県,JR七尾線
1fe95ba9-2d81-477a-8f2b-ae6de5f27725,七尾,37.041613,136.964501,石川県,JR七尾線
e12c8dd7-c185-463a-8df7-33a095bf5128,和倉温泉,37.074663,136.925884,石川県,JR七尾線
5bc19a66-8fd2-4def-aa20-a08122277a4c,敦賀,35.644767,136.076488,福井県,敦賀港線
d03610ec-fb6f-45fb-9b8b-b1622dfbbef5,敦賀港,35.663468,136.074922,福井県,敦賀港線
f9e6e0e6-5dc3-49a1-94ba-66956879f3d9,福井,36.062057,136.223516,福井県,九頭竜線
7b2537c6-002e-4130-8a33-be2ede9e3273,越前花堂,36.038771,136.218073,福井県,九頭竜線
d6bce003-9845-4504-bc65-1808b4766ac9,六条,36.028175,136.239594,福井県,九頭竜線
e32f0939-c801-4c3d-93a3-b69e4f532e74,足羽,36.020821,136.253607,福井県,九頭竜線
c7c222d9-1e37-4e70-8adf-231ad7e270e7,越前東郷,36.018185,136.273561,福井県,九頭竜線
c68925ee-e62b-4a58-b63d-251974dc4684,一乗谷,36.013679,136.2974,福井県,九頭竜線
13ba6adf-a7b8-4a5b-b12f-494369001b1f,越前高田,36.024759,136.318669,福井県,九頭竜線
23acf68d-4994-4772-87d7-c5bdddbbc40b,市波,36.019813,136.330463,福井県,九頭竜線
ae030dd4-112b-43d9-b916-f0906c3b0ca7,小和清水,36.01732,136.351085,福井県,九頭竜線
917870ff-969a-4ab0-b14d-f6907e4288d3,美山,35.998567,136.365082,福井県,九頭竜線
288533a4-0f3b-4ac6-b0f3-d5706d50fd55,越前薬師,36.005283,136.384336,福井県,九頭竜線
1255e8de-1f23-4faf-97ca-7ee5e7089a2e,越前大宮,36.000064,136.409694,福井県,九頭竜線
2694f1a0-93e6-48a0-aa05-bfe7494492a7,計石,35.997589,136.434767,福井県,九頭竜線
80644d7f-f2a6-4c72-9a38-cd86e219ce8a,牛ケ原,35.998567,136.467349,福井県,九頭竜線
ec1562cb-c60c-4cca-b15b-b7f8a51a0e18,北大野,35.997992,136.48795,福井県,九頭竜線
cbbda993-59ee-4597-84de-b195cbe957ab,越前大野,35.983294,136.496877,福井県,九頭竜線
f062a700-e1ad-46ca-8a41-a86b19753dec,越前田野,35.987048,136.526884,福井県,九頭竜線
143fdaf0-1bb9-4a90-a2d4-9fc19732649a,越前富田,35.9909,136.541233,福井県,九頭竜線
5a78eee8-7719-4f46-8d13-c54d49c2cea5,下唯野,35.974208,136.56027,福井県,九頭竜線
0166e521-e179-44aa-9966-8c6255db16d8,柿ケ島,35.97243,136.570938,福井県,九頭竜線
d5f30250-d49f-4967-b92b-338e4bfd8fc8,勝原,35.967512,136.597151,福井県,九頭竜線
f76761e7-f2cc-45e8-9e3e-6a955d696219,越前下山,35.920356,136.634832,福井県,九頭竜線
4b2d8215-43b5-41ec-87c5-0d6ba760433b,九頭竜湖,35.90449,136.66146,福井県,九頭竜線
fb81c376-4af3-46b2-9fdd-5ff7a2c11de3,東舞鶴,35.468601,135.394788,京都府,JR小浜線
a677e5f5-0528-4a46-9c03-a82bbe5a1049,松尾寺,35.486018,135.450133,京都府,JR小浜線
c8e13221-95ee-4f0b-a114-21f4544fa5a4,青郷,35.481584,135.4998,福井県,JR小浜線
6a8ee05d-6a5b-42f0-a382-032c03f4ca86,三松,35.488767,135.520561,福井県,JR小浜線
12d5e6c5-e735-4c80-ae64-61d81c2361f5,若狭高浜,35.486423,135.547588,福井県,JR小浜線
bb8bc67f-6154-4442-a5ed-8a5ba5d95c6b,若狭和田,35.488664,135.581564,福井県,JR小浜線
c3975883-e5a8-4b38-b3f8-3218024fe5ea,若狭本郷,35.482616,135.618834,福井県,JR小浜線
266515d7-e7cf-4d12-bbd4-a14ef11e4f22,加斗,35.480672,135.666145,福井県,JR小浜線
fc5b1120-d131-46b9-a3b8-dd4d2c348c81,勢浜,35.481192,135.708039,福井県,JR小浜線
36d775d8-aaad-4dfc-8095-1f1a2501a0cb,小浜,35.491643,135.745672,福井県,JR小浜線
bbef8119-8c91-4416-b6ab-4e488772d323,東小浜,35.485234,135.781053,福井県,JR小浜線
bc4d430e-6087-495c-b7d9-1eac77191a4a,新平野,35.473069,135.807198,福井県,JR小浜線
bb70fff0-531c-4d20-a087-1c666bc5b5eb,上中,35.463638,135.855728,福井県,JR小浜線
1e61a6db-f92d-4bce-b996-7f943bc51e3d,若狭有田,35.485536,135.868377,福井県,JR小浜線
a94eebd1-cd8a-4007-87e0-24fec5c06992,大鳥羽,35.504839,135.866872,福井県,JR小浜線
e2f07121-87fc-46f8-aa70-d1220c0d9ee4,十村,35.51595,135.896591,福井県,JR小浜線
b5de1293-8a80-47b6-b59d-515f0706ba5a,藤井,35.532198,135.906274,福井県,JR小浜線
d654d572-217c-4c0a-9f34-4653bac17a4e,三方,35.555282,135.909259,福井県,JR小浜線
670cbbf6-0963-4d60-963f-4a217475e268,気山,35.584887,135.909531,福井県,JR小浜線
dd4e0925-bbba-46f4-a746-3cd62bdd1185,美浜,35.605138,135.936496,福井県,JR小浜線
dcc14b4a-2f01-4e5b-b302-f5fc31cfd2a3,東美浜,35.614039,135.985614,福井県,JR小浜線
3bb1ce6f-4e63-4cfe-a930-d87ad504e762,粟野,35.617234,136.027225,福井県,JR小浜線
4ccb7900-0c6d-4880-9ea8-d481c2aca961,西敦賀,35.617975,136.067787,福井県,JR小浜線
166b2366-0ce4-4809-b864-13ce8868001b,敦賀,35.644767,136.076488,福井県,JR小浜線
0d366e8a-b94c-4fe7-a7e7-84c77cd6670a,熱海,35.103573,139.077679,静岡県,JR東海道本線(熱海～浜松)
34be94fb-9df6-410f-a0bd-501923eaee8b,函南,35.108773,138.970984,静岡県,JR東海道本線(熱海～浜松)
52eef46d-30f8-4664-87fc-8bc53f91f91e,三島,35.126253,138.911133,静岡県,JR東海道本線(熱海～浜松)
4435f719-9a68-4755-9183-99860b804a79,沼津,35.103011,138.860104,静岡県,JR東海道本線(熱海～浜松)
a134e810-9c8f-436d-b64c-22fe66f09b38,片浜,35.11825,138.818937,静岡県,JR東海道本線(熱海～浜松)
36570ccd-75a6-44d7-8e8b-729506273298,原,35.124915,138.793387,静岡県,JR東海道本線(熱海～浜松)
4065052a-835f-449f-8049-fbc723586a1c,東田子の浦,35.136255,138.745441,静岡県,JR東海道本線(熱海～浜松)
0eaf84bc-f4e7-4f0c-a1bb-45fcdc8ffc3c,吉原,35.143845,138.702768,静岡県,JR東海道本線(熱海～浜松)
4e367632-163d-4549-83ed-adfb0b229d9c,富士,35.151497,138.651225,静岡県,JR東海道本線(熱海～浜松)
85a09c09-6195-4806-9e02-ca0ef7a76b92,富士川,35.141119,138.618571,静岡県,JR東海道本線(熱海～浜松)
a2dc64eb-505e-4112-927e-b48b60cbdfc9,新蒲原,35.119599,138.608117,静岡県,JR東海道本線(熱海～浜松)
20a411b6-fa29-4da8-b2e0-65c0b65abc13,蒲原,35.114005,138.582752,静岡県,JR東海道本線(熱海～浜松)
538d78ba-e9be-47c5-9a42-55f4b2399c3d,由比,35.097108,138.552756,静岡県,JR東海道本線(熱海～浜松)
cd633ef4-093e-4ebe-8daa-ea0821389734,興津,35.052539,138.521865,静岡県,JR東海道本線(熱海～浜松)
cd66124a-d4f0-4300-ad9a-aa02656a913c,清水,35.023248,138.488958,静岡県,JR東海道本線(熱海～浜松)
4d63ea81-fcb3-4189-9877-34357f4f173e,草薙,35.002854,138.442025,静岡県,JR東海道本線(熱海～浜松)
ab244f5f-5753-44ac-af6e-7c1c95dbdd10,東静岡,34.985256,138.413118,静岡県,JR東海道本線(熱海～浜松)
47a6cdfb-d3d4-40e4-9cd8-1154e180d399,静岡,34.971629,138.388579,静岡県,JR東海道本線(熱海～浜松)
4df17060-ebf6-49a4-a81e-ff00925169b8,安倍川,34.940961,138.364029,静岡県,JR東海道本線(熱海～浜松)
019050f1-beb5-422d-8708-121ce0db5d25,用宗,34.922512,138.36006,静岡県,JR東海道本線(熱海～浜松)
88195c05-415b-4c6d-88ca-4b3dcdced49f,焼津,34.872261,138.318457,静岡県,JR東海道本線(熱海～浜松)
781452a0-92e0-4a7a-a942-b29fc871c1d9,西焼津,34.859824,138.28552,静岡県,JR東海道本線(熱海～浜松)
983c69f3-9013-4dac-9275-ea859c3dff49,藤枝,34.849511,138.252748,静岡県,JR東海道本線(熱海～浜松)
2ca6eeec-b30c-42c5-b1bb-9d980e867eec,六合,34.836436,138.203502,静岡県,JR東海道本線(熱海～浜松)
ba184973-e98c-4d8a-aa30-08d60567ba59,島田,34.830159,138.173436,静岡県,JR東海道本線(熱海～浜松)
9b67ae6e-fb29-4ef7-b402-f64d431fcfb7,金谷,34.819049,138.125578,静岡県,JR東海道本線(熱海～浜松)
1c0d6e7c-189a-454a-891f-0040ec4e2443,菊川,34.76176,138.085648,静岡県,JR東海道本線(熱海～浜松)
7c27b6a2-5639-4dc1-a626-20fae0097add,掛川,34.769463,138.014937,静岡県,JR東海道本線(熱海～浜松)
ee82de71-0851-4b84-b270-2dc1d86bd87a,愛野,34.752257,137.961663,静岡県,JR東海道本線(熱海～浜松)
c3ff58b1-75e7-455f-8b4c-10362ca00202,袋井,34.741377,137.92596,静岡県,JR東海道本線(熱海～浜松)
953411d3-048b-4ed5-b4a9-795b54c3e3a3,磐田,34.710132,137.852244,静岡県,JR東海道本線(熱海～浜松)
4b0feaec-a402-49a3-b2f7-12eddabd8423,豊田町,34.7121,137.82013,静岡県,JR東海道本線(熱海～浜松)
b2e6987d-fc20-445d-b27c-b24afc582d8a,天竜川,34.716994,137.77923,静岡県,JR東海道本線(熱海～浜松)
d063bdd3-edae-40fc-aae6-19a9180cd7c5,浜松,34.703866,137.734759,静岡県,JR東海道本線(熱海～浜松)
c89d6896-485e-4834-9d63-5d48ee8b1499,浜松,34.703866,137.734759,静岡県,JR東海道本線(浜松～岐阜)
0037f6fd-b9da-47e6-8486-b3ba935ce234,高塚,34.690425,137.681303,静岡県,JR東海道本線(浜松～岐阜)
ff675f03-2ab4-4f7d-b3a7-3da0abfe1630,舞阪,34.685701,137.626422,静岡県,JR東海道本線(浜松～岐阜)
5944d7bc-e7c4-476d-bb22-738ac92c543d,弁天島,34.690125,137.603058,静岡県,JR東海道本線(浜松～岐阜)
5c636611-93b3-4a30-a225-028582f52efa,新居町,34.694276,137.568953,静岡県,JR東海道本線(浜松～岐阜)
2e827f08-3d95-4545-9daa-5a208ddf581f,鷲津,34.716819,137.546116,静岡県,JR東海道本線(浜松～岐阜)
ae61515f-eaf7-4b90-8cd1-acd6db471ba6,新所原,34.723205,137.484399,静岡県,JR東海道本線(浜松～岐阜)
51978fa3-0a2b-4077-bb00-6d8a77fa0043,二川,34.725809,137.438966,愛知県,JR東海道本線(浜松～岐阜)
6e283f48-5d72-4bbd-a1c9-707bf6cf879c,豊橋,34.762734,137.382128,愛知県,JR東海道本線(浜松～岐阜)
5e16b30b-c156-4711-a3da-5326017c3ead,西小坂井,34.79708,137.352499,愛知県,JR東海道本線(浜松～岐阜)
b3d10e72-d186-4e25-ae95-d14da8eda4ca,愛知御津,34.812624,137.316492,愛知県,JR東海道本線(浜松～岐阜)
02c5755b-3760-43ef-8b73-f16c5ed868fe,三河大塚,34.815744,137.28287,愛知県,JR東海道本線(浜松～岐阜)
7dca6730-eb72-445a-8bca-480fb3facbdb,三河三谷,34.818546,137.247795,愛知県,JR東海道本線(浜松～岐阜)
b2b7a297-eb24-40b1-abd6-9576fc07c573,蒲郡,34.823078,137.226459,愛知県,JR東海道本線(浜松～岐阜)
fe6cbd02-4561-4146-ab2c-8e93549cfc6f,三河塩津,34.825295,137.201261,愛知県,JR東海道本線(浜松～岐阜)
6585c428-edf8-4244-a2d4-52549cb65b25,三ケ根,34.836449,137.176348,愛知県,JR東海道本線(浜松～岐阜)
92cfb785-a0b3-4d9f-89b1-6ba0e7dac2fd,幸田,34.859926,137.16447,愛知県,JR東海道本線(浜松～岐阜)
e18d09e7-0bd5-481b-ba9d-abc0f0c7ab77,相見,34.886833,137.160389,愛知県,JR東海道本線(浜松～岐阜)
a5e119a9-d79d-4086-9950-c629d140d31c,岡崎,34.925417,137.157243,愛知県,JR東海道本線(浜松～岐阜)
881353b7-6371-4791-abc1-1e368897d4c7,西岡崎,34.946572,137.123187,愛知県,JR東海道本線(浜松～岐阜)
d09d1282-6dcc-4989-9b24-07b3e65e6856,安城,34.959986,137.08716,愛知県,JR東海道本線(浜松～岐阜)
5654ce41-7d09-4896-a9b9-b10c1484b9a9,三河安城,34.96968,137.060918,愛知県,JR東海道本線(浜松～岐阜)
c2fd1305-d220-444b-a184-25186941fb62,東刈谷,34.97741,137.043525,愛知県,JR東海道本線(浜松～岐阜)
c2b17369-862b-489a-94a3-76a5a4619b86,野田新町,34.984212,137.026355,愛知県,JR東海道本線(浜松～岐阜)
aebbdcb9-905e-4c6d-8706-16f244bf7d72,刈谷,34.991156,137.008878,愛知県,JR東海道本線(浜松～岐阜)
27432472-e221-48ae-80b5-a258955909a6,逢妻,34.998215,136.990544,愛知県,JR東海道本線(浜松～岐阜)
a0e85c1d-321f-4b77-9e09-5c65b91131dc,大府,35.008665,136.961727,愛知県,JR東海道本線(浜松～岐阜)
96e5e95f-1197-4916-80c4-680123a1335d,共和,35.035245,136.954599,愛知県,JR東海道本線(浜松～岐阜)
d4683172-14a9-4bcf-a79f-deee72b4b031,南大高,35.055403,136.948244,愛知県,JR東海道本線(浜松～岐阜)
8599be72-d167-4787-9ae6-f4b7d5a06e4c,大高,35.069244,136.940242,愛知県,JR東海道本線(浜松～岐阜)
8d18e6f3-29a4-4677-9418-4f6e2007960d,笠寺,35.095113,136.926321,愛知県,JR東海道本線(浜松～岐阜)
ca61b7b8-ebca-43b7-b012-91ac79fe0b01,熱田,35.130028,136.910502,愛知県,JR東海道本線(浜松～岐阜)
e66430ef-13a0-4cc8-b600-168c09e313f0,金山,35.143323,136.90075,愛知県,JR東海道本線(浜松～岐阜)
b4e7f60e-1924-4528-80d9-87aba78fa5b9,尾頭橋,35.146981,136.89102,愛知県,JR東海道本線(浜松～岐阜)
ee8416a3-425c-4450-9f87-0842692e4604,名古屋,35.170694,136.881637,愛知県,JR東海道本線(浜松～岐阜)
3e8c60cb-0a2f-448e-998e-f1a6048839e6,枇杷島,35.198681,136.861816,愛知県,JR東海道本線(浜松～岐阜)
e8124f06-58da-4c3f-a58d-e88b47545e95,清洲,35.225406,136.834529,愛知県,JR東海道本線(浜松～岐阜)
5df13791-757f-4ce6-ba9a-76fdde8601d1,稲沢,35.252994,136.820942,愛知県,JR東海道本線(浜松～岐阜)
d5ebff0c-62ef-472c-a129-627a6d9c451c,尾張一宮,35.301765,136.797567,愛知県,JR東海道本線(浜松～岐阜)
db11f774-3847-4a28-adca-fae3dbde7439,木曽川,35.349319,136.780726,愛知県,JR東海道本線(浜松～岐阜)
d825c04b-0eb6-4054-8d9d-7411a82022e7,岐阜,35.409532,136.756514,岐阜県,JR東海道本線(浜松～岐阜)
783d5e09-e195-416e-8530-412003b7b28f,岐阜,35.409532,136.756514,岐阜県,JR東海道本線(岐阜～美濃赤坂・米原)
09689ae1-baa1-4b49-8049-a0a14d6a1e08,西岐阜,35.404664,136.72341,岐阜県,JR東海道本線(岐阜～美濃赤坂・米原)
9e297835-a722-4fe9-afa9-7bf8d1411485,穂積,35.396345,136.693834,岐阜県,JR東海道本線(岐阜～美濃赤坂・米原)
c7f956e3-3fa9-47fd-8c86-2783db8d569b,大垣,35.367096,136.618288,岐阜県,JR東海道本線(岐阜～美濃赤坂・米原)
1be03ab0-2882-4512-add4-9bfc935811f0,荒尾,35.373454,136.583276,岐阜県,JR東海道本線(岐阜～美濃赤坂・米原)
f1284350-6171-4b02-9831-a1dba34185c2,美濃赤坂,35.386677,136.582129,岐阜県,JR東海道本線(岐阜～美濃赤坂・米原)
cfd0dd17-8fce-4d9c-878a-df9d7d0077e8,垂井,35.369587,136.531246,岐阜県,JR東海道本線(岐阜～美濃赤坂・米原)
abcdd9a6-d56d-40f2-a77f-d1310b29478c,関ケ原,35.363726,136.470451,岐阜県,JR東海道本線(岐阜～美濃赤坂・米原)
0fb4b178-6ca8-4a49-bd05-1f57f3c25fb0,柏原,35.344593,136.402767,滋賀県,JR東海道本線(岐阜～美濃赤坂・米原)
1c9b7326-a44a-47bc-9f73-b07218426f33,近江長岡,35.359307,136.373775,滋賀県,JR東海道本線(岐阜～美濃赤坂・米原)
e34acbf5-fe26-4194-9e3a-44a185e50505,醒ケ井,35.327664,136.345135,滋賀県,JR東海道本線(岐阜～美濃赤坂・米原)
e8e842cd-642f-43b2-9b5d-5379d7bdf4f8,米原,35.314657,136.289992,滋賀県,JR東海道本線(岐阜～美濃赤坂・米原)
4b7426cc-44d6-4270-a4c6-ef57ba377cd5,熱海,35.103573,139.077679,静岡県,JR伊東線
11521a33-1b8a-44f2-ba56-6f2fcd71b966,来宮,35.098723,139.065575,静岡県,JR伊東線
cbc39022-4cf6-4e4b-8ad7-bfceb18d3ccb,伊豆多賀,35.059411,139.066847,静岡県,JR伊東線
97c7ffd7-0c64-41a2-9cae-5697ae868f85,網代,35.043545,139.081245,静岡県,JR伊東線
7a2724e6-de98-48c5-af71-6fd75a29069a,宇佐美,35.005602,139.079778,静岡県,JR伊東線
33ebec43-be6c-4d0d-b1c9-efe200aa9367,伊東,34.9747,139.092125,静岡県,JR伊東線
dd8aa9b8-83be-43d9-ae70-09da4de178e1,国府津,35.280832,139.212932,神奈川県,JR御殿場線
6047763c-cbdc-4c93-a67b-ef30645601b3,下曽我,35.303554,139.183395,神奈川県,JR御殿場線
7b0ad007-d831-47e5-bf7d-83384695d813,上大井,35.321883,139.163508,神奈川県,JR御殿場線
6ee0f971-4d4c-49be-957d-9af8e928b90b,相模金子,35.33364,139.150753,神奈川県,JR御殿場線
aea15456-5b27-461c-a8b6-a76abf667a02,松田,35.346843,139.137417,神奈川県,JR御殿場線
b2087c23-dd25-4e0e-8145-bfdd17689e05,東山北,35.357637,139.10765,神奈川県,JR御殿場線
d1cc4231-048f-4411-a641-910cd881d524,山北,35.360808,139.080212,神奈川県,JR御殿場線
825b3f6f-3a4d-4d5f-8dfe-0c920b797b66,谷峨,35.366561,139.038234,神奈川県,JR御殿場線
826f2388-996e-4c18-a4a0-c79c04d23a7a,駿河小山,35.359113,138.997689,静岡県,JR御殿場線
c93ea9c6-b06c-4159-8794-176595151cbc,足柄,35.332233,138.981687,静岡県,JR御殿場線
ffc9f8fa-39fd-4a62-a9bd-c68747431d12,御殿場,35.299933,138.93424,静岡県,JR御殿場線
ec524b98-84a6-4c41-86a4-2598f9c572e3,南御殿場,35.277269,138.925789,静岡県,JR御殿場線
68d077cd-db3e-46f2-b22e-9b56878c4995,富士岡,35.257299,138.920504,静岡県,JR御殿場線
6216ee6f-d3c7-4c6b-88f5-d15d8313aa53,岩波,35.21498,138.919296,静岡県,JR御殿場線
5c4f4cdd-ff8a-43b3-be13-3a68c4c9b3d0,裾野,35.171372,138.909293,静岡県,JR御殿場線
5461120c-c542-45a8-9e78-4db619ba47eb,長泉なめり,35.147633,138.899364,静岡県,JR御殿場線
f9aa6fe1-c635-49f6-8dae-3d56204ab756,下土狩,35.128379,138.895126,静岡県,JR御殿場線
1380ccec-1c16-4c3f-a806-1598eeb73507,大岡,35.116158,138.881988,静岡県,JR御殿場線
e0795e7b-27f1-4173-a595-0020a4f3cb50,沼津,35.103011,138.860104,静岡県,JR御殿場線
97694590-fb38-4c23-b2cc-338f05d516f2,大府,35.008665,136.961727,愛知県,JR武豊線
9f0e7e5e-c83b-46f6-83fb-ebd87772962a,尾張森岡,34.993826,136.970279,愛知県,JR武豊線
43539284-a758-4c9d-a503-b1899fd01efc,緒川,34.981372,136.971899,愛知県,JR武豊線
08afaade-c66e-4704-9887-4169929ecaaf,石浜,34.967813,136.972932,愛知県,JR武豊線
28fa9515-dd14-4285-92dd-27306bda5977,東浦,34.949574,136.970725,愛知県,JR武豊線
f35248e4-796d-463b-ab70-86b74e2a0219,亀崎,34.918986,136.961058,愛知県,JR武豊線
6224bbfa-f0b1-4666-93b8-50153269baab,乙川,34.903306,136.941344,愛知県,JR武豊線
950ab0a3-6be9-46b9-942c-ada92e9917e7,半田,34.894167,136.930462,愛知県,JR武豊線
451487c4-9319-49c0-abc2-3917ce9a5214,東成岩,34.874279,136.923416,愛知県,JR武豊線
59727e02-c5fc-4773-beb3-9698ed55c333,武豊,34.853507,136.921244,愛知県,JR武豊線
71dde795-01a4-4b74-b8df-cfd599aa2369,多治見,35.334774,137.120294,岐阜県,JR太多線
25b78572-1693-4139-a324-06555b91d855,小泉,35.349055,137.100421,岐阜県,JR太多線
f9dbaebc-894d-4393-8608-612a145e53f4,根本,35.361548,137.090008,岐阜県,JR太多線
fd4db210-b3b1-424a-9ad6-5ced2015c549,姫,35.382004,137.072078,岐阜県,JR太多線
3b26a78a-c5fa-409f-abc1-1570f338adfd,下切,35.393777,137.063734,岐阜県,JR太多線
ba2be724-7781-4cf5-ba3c-23993df6cad7,可児,35.422832,137.055345,岐阜県,JR太多線
2abeff02-37c1-4bfb-9028-d5a4df5f3e85,美濃川合,35.444138,137.045309,岐阜県,JR太多線
c7c23ddf-8dbd-4659-aeb6-2c39aaa43984,美濃太田,35.445617,137.019467,岐阜県,JR太多線
ff73bd22-9ba4-4657-a08a-9c67edf5e630,名古屋,35.170694,136.881637,愛知県,JR関西本線(名古屋～亀山)
4539f954-3043-4da8-b2db-25dda2194604,八田,35.148973,136.852258,愛知県,JR関西本線(名古屋～亀山)
45cdef45-7c4b-4147-b4c5-fd5fa22dbd6e,春田,35.14318,136.813512,愛知県,JR関西本線(名古屋～亀山)
bfc2460f-1df3-41c4-a23e-3e8f6e20883b,蟹江,35.142071,136.793908,愛知県,JR関西本線(名古屋～亀山)
339df02f-33d9-4b9f-a440-bb7544f28dd6,永和,35.13285,136.764325,愛知県,JR関西本線(名古屋～亀山)
0d8a27ee-6845-4b86-9805-6b820c1a94a7,弥富,35.114026,136.725664,愛知県,JR関西本線(名古屋～亀山)
3fcef073-7ac9-44ca-af1f-c712fbeabd02,長島,35.098196,136.695751,三重県,JR関西本線(名古屋～亀山)
fae43e6b-6521-45c9-a552-f4a55f8217be,桑名,35.06747,136.683832,三重県,JR関西本線(名古屋～亀山)
aa8e7f08-d54c-4e1b-8a94-6d854c29bb51,朝日,35.033782,136.65803,三重県,JR関西本線(名古屋～亀山)
7ce2b818-1311-4951-bdef-9f181033a2ff,富田,35.008124,136.653143,三重県,JR関西本線(名古屋～亀山)
08273d82-2b7d-49f0-b00f-ae9be8498738,富田浜,34.996553,136.65004,三重県,JR関西本線(名古屋～亀山)
9854256b-c0af-4fca-b696-e06ba07028b6,四日市,34.962721,136.630168,三重県,JR関西本線(名古屋～亀山)
5a6a75f3-0884-4440-ac39-9480df4e9eba,南四日市,34.941514,136.609662,三重県,JR関西本線(名古屋～亀山)
4cf66b7f-f0b3-4091-bdd5-336d2079d52f,河原田,34.910684,136.598527,三重県,JR関西本線(名古屋～亀山)
12572d89-37c9-4e5c-9cfa-8bf6dbea2bfa,河曲,34.897878,136.568018,三重県,JR関西本線(名古屋～亀山)
f11333ad-dc2f-4690-ad42-6c843dc87d0e,加佐登,34.890307,136.529907,三重県,JR関西本線(名古屋～亀山)
baa61ae9-f341-4277-b236-577b03aac285,井田川,34.868319,136.492658,三重県,JR関西本線(名古屋～亀山)
a516a64b-99cc-4c21-bed4-5ba5cca44e77,亀山,34.850103,136.450451,三重県,JR関西本線(名古屋～亀山)
af4487e6-9edd-4e7a-95c9-dab49c0c9669,亀山,34.850103,136.450451,三重県,JR関西本線(亀山～加茂)
89167bdb-e41c-4af5-980a-75c3c2379231,関,34.849064,136.394777,三重県,JR関西本線(亀山～加茂)
3b908a89-fe8f-41e4-870e-35f92d980c62,加太,34.842639,136.340305,三重県,JR関西本線(亀山～加茂)
3166b3f0-358f-4251-89b0-0a7c203aa96f,柘植,34.846993,136.255704,三重県,JR関西本線(亀山～加茂)
51de4b17-76e2-41f2-9723-29697b263899,新堂,34.821168,136.206507,三重県,JR関西本線(亀山～加茂)
b4e4b56b-937e-4c00-9f88-6eee836dee87,佐那具,34.804193,136.163171,三重県,JR関西本線(亀山～加茂)
93fe483e-f9dc-4a17-8c40-15963acb9203,伊賀上野,34.789143,136.122907,三重県,JR関西本線(亀山～加茂)
7b54efa5-5aa0-45fa-967c-0b293316afc7,島ケ原,34.767686,136.054184,三重県,JR関西本線(亀山～加茂)
2638ad5d-8259-4f17-b2b4-d35159b6db9f,月ケ瀬口,34.762813,136.023703,京都府,JR関西本線(亀山～加茂)
5fad7594-f64c-4c58-8b30-7c58450477f8,大河原,34.77175,135.987635,京都府,JR関西本線(亀山～加茂)
d412cfe3-61d4-4f03-a19f-75f81090218d,笠置,34.759086,135.934289,京都府,JR関西本線(亀山～加茂)
39ff572e-9c1c-4989-9cfc-97a6fbd92192,加茂,34.752575,135.869609,京都府,JR関西本線(亀山～加茂)
d2ce553f-2567-4730-a9fe-db4098bee3df,亀山,34.850103,136.450451,三重県,JR紀勢本線
ed5572c2-9abf-4f0e-8292-05ebdd32614b,下庄,34.81423,136.479628,三重県,JR紀勢本線
67cbd038-a86f-46ee-8e10-87a1c9df8f9c,一身田,34.76278,136.49938,三重県,JR紀勢本線
93cd1d2d-2c7d-4013-a548-7987f4ee6907,津,34.73422,136.510486,三重県,JR紀勢本線
c2525dd3-7320-4c61-959b-f0c980ac3970,阿漕,34.703554,136.50434,三重県,JR紀勢本線
8db1eb85-4426-4a6b-9315-a501c5631289,高茶屋,34.667277,136.51256,三重県,JR紀勢本線
8b94ae30-1671-48c2-8be5-9a063009ce8d,六軒,34.617494,136.507574,三重県,JR紀勢本線
f6f6f52b-986c-4818-af36-e7f062a51942,松阪,34.577053,136.535801,三重県,JR紀勢本線
19d020e9-ad6a-42cc-bae7-f048dbaf2401,徳和,34.554016,136.553519,三重県,JR紀勢本線
b51b654d-5848-49d3-a2ce-40db39982854,多気,34.516318,136.572777,三重県,JR紀勢本線
dc0c777a-59f7-472d-8f74-7b2e60dd5ead,相可,34.502725,136.545538,三重県,JR紀勢本線
f06f0441-27ec-410b-b051-092c688f5a9a,佐奈,34.478469,136.538986,三重県,JR紀勢本線
2f57081e-b813-4a82-8520-62cdf4db9669,栃原,34.444625,136.509286,三重県,JR紀勢本線
d71e74c6-464e-43e5-b23f-85e48316083b,川添,34.419739,136.473218,三重県,JR紀勢本線
5bb35281-f6e8-4dff-ac18-e08bf9f2f5c1,三瀬谷,34.394823,136.409183,三重県,JR紀勢本線
3339e778-f0f5-4e13-8376-2966e72bb348,滝原,34.360105,136.411976,三重県,JR紀勢本線
286129e1-96bb-428e-bbc8-d1d8fe4dc7fa,阿曽,34.331342,136.411082,三重県,JR紀勢本線
7708733a-484a-45fa-af1e-4cc1bedc5cc9,伊勢柏崎,34.299779,136.395394,三重県,JR紀勢本線
c9a11c38-ac27-4ac8-9c15-8be963b50025,大内山,34.278152,136.359284,三重県,JR紀勢本線
9bd5c7f9-730c-436e-8345-2927f88c1753,梅ケ谷,34.258098,136.356555,三重県,JR紀勢本線
a5eee452-455c-4ecc-b3c1-de632888c065,紀伊長島,34.20937,136.339968,三重県,JR紀勢本線
793fa4dc-14e8-419b-a08f-a681136a6cf7,三野瀬,34.167771,136.282519,三重県,JR紀勢本線
9aa32000-8cf2-4d1e-bc69-ca07828091b5,船津,34.142214,136.228763,三重県,JR紀勢本線
07e58932-0a88-4ed2-a5c4-0f56419d2776,相賀,34.111943,136.227099,三重県,JR紀勢本線
d9ae2c5c-3e12-4ebe-8e9e-4e4626ebbff1,尾鷲,34.074304,136.190168,三重県,JR紀勢本線
02660884-5243-4c3a-af0f-b0980251401b,大曽根浦,34.061901,136.222934,三重県,JR紀勢本線
29e4d660-b037-466a-91ac-95de8d6ec542,九鬼,34.016026,136.242703,三重県,JR紀勢本線
a4d80973-c79e-4143-a11f-a5e1458c5a47,三木里,34.001454,136.202518,三重県,JR紀勢本線
a253c62d-5f0d-4234-a7f5-3ecc2bf900f7,賀田,33.971643,136.189747,三重県,JR紀勢本線
cf33a1f5-3b95-4c7a-9c31-9d6d2f584df8,二木島,33.939424,136.180882,三重県,JR紀勢本線
77abbaab-0d5e-45b7-a194-1c3dbcbb42df,新鹿,33.927886,136.144215,三重県,JR紀勢本線
2e773c08-dcb3-48de-8415-c36a929e9f36,波田須,33.910091,136.138139,三重県,JR紀勢本線
539f3ea4-4674-4e8b-b57a-83a3af147015,大泊,33.902242,136.11806,三重県,JR紀勢本線
9f2fa18a-f9b3-4870-96a8-91c7fb65ae5b,熊野市,33.889656,136.098745,三重県,JR紀勢本線
55f6258a-f1e0-4f37-ba9a-e3b1e5e2f89f,有井,33.876213,136.085585,三重県,JR紀勢本線
6da3d7db-bd12-4b68-a21b-099ff0c594b9,神志山,33.839881,136.062154,三重県,JR紀勢本線
b4793310-b70d-49fe-b62e-06c1819fa28e,紀伊市木,33.827932,136.055371,三重県,JR紀勢本線
31d58b57-e577-4ad8-99b5-4558c40fd299,阿田和,33.804806,136.042416,三重県,JR紀勢本線
d2c567df-0fb3-47d8-9274-0cc048193eea,紀伊井田,33.759801,136.023846,三重県,JR紀勢本線
b7be7a5a-9399-486e-a655-8cebeb39cbaa,鵜殿,33.736595,136.015364,三重県,JR紀勢本線
d87dbb9f-c0f1-4d56-b940-7056579a8267,新宮,33.725119,135.994099,和歌山県,JR紀勢本線
a3a61132-6415-4aa2-b1ec-c543ee8ba93f,柘植,34.846993,136.255704,三重県,JR草津線
c52e06c4-deea-4af6-9d65-8933a90d434e,油日,34.889691,136.22953,滋賀県,JR草津線
a28e7e0b-2467-49ef-8010-bc7809275a71,甲賀,34.9013,136.212679,滋賀県,JR草津線
e898b960-4016-4414-82bc-c2f700441f53,寺庄,34.919078,136.185892,滋賀県,JR草津線
d756c99a-efd9-408e-8fd7-24be5e7f8b43,甲南,34.931804,136.16899,滋賀県,JR草津線
1221085b-e087-46a0-87bc-8807440fee95,貴生川,34.952236,136.153806,滋賀県,JR草津線
8c4708de-34bc-48ac-835f-eb69847498a0,三雲,34.983131,136.117777,滋賀県,JR草津線
bfe81225-adc3-4473-bdc9-a018d2695c02,甲西,35.000651,136.08236,滋賀県,JR草津線
f5c7233b-49ba-4c2e-b9a0-36921a3fdc2f,石部,35.017685,136.052963,滋賀県,JR草津線
705b9df8-d447-4a9a-bef8-e08b678989d5,手原,35.027347,135.999237,滋賀県,JR草津線
9e47208a-e9f1-4b4b-b305-287f6814e9d5,草津,35.022913,135.962744,滋賀県,JR草津線
0755005e-9c88-460f-9fad-683e63dae972,多気,34.516318,136.572777,三重県,JR参宮線
a57a916f-1294-4b73-9d8e-02ed2665172b,外城田,34.497641,136.596997,三重県,JR参宮線
b20a7831-62c6-4332-a437-4ce700753d5d,田丸,34.488543,136.63402,三重県,JR参宮線
b971aa76-7697-43fe-b671-21e2bb820dee,宮川,34.503252,136.672506,三重県,JR参宮線
0d57c00c-706e-4ef5-9b23-e9dca5b6a377,山田上口,34.49581,136.694246,三重県,JR参宮線
5b5e9dd0-99db-48dc-be77-31b282b93654,伊勢市,34.49126,136.709661,三重県,JR参宮線
d2250546-461d-4110-bb03-a95ff6b149fe,五十鈴ケ丘,34.495884,136.739797,三重県,JR参宮線
f7654098-2118-4804-a6ec-5e0573092cc6,二見浦,34.503753,136.77713,三重県,JR参宮線
61993232-b061-4df5-9d46-875af8e1b071,松下,34.496201,136.799134,三重県,JR参宮線
d8519701-3a22-4aa4-8fcb-0d3d808a112d,池の浦シーサイド,34.491358,136.813691,三重県,JR参宮線
df4f6e7b-9c02-4faa-8766-3bf35d495492,鳥羽,34.486516,136.84279,三重県,JR参宮線
57c5898b-7244-4d31-a4ff-13142b70956a,松阪,34.577053,136.535801,三重県,JR名松線
95686d8a-9507-43d0-ad63-8969422a65e9,上ノ庄,34.597996,136.499273,三重県,JR名松線
d37b821c-6f03-4694-97aa-39f259f2bfa7,権現前,34.617691,136.482202,三重県,JR名松線
cae15903-b0cd-4fb0-befb-386a702dbcbc,伊勢八太,34.647523,136.446916,三重県,JR名松線
4d3856d9-70f1-4bb9-91d7-267ddd65dbb0,一志,34.654894,136.436067,三重県,JR名松線
1358eb95-967f-4ec9-b008-62bce3fd4c3d,井関,34.642493,136.412653,三重県,JR名松線
6d64ca37-eab4-49a4-87a5-a05b4dfcd0e9,伊勢大井,34.650013,136.385179,三重県,JR名松線
cd0fb1df-529c-4a4d-9bf9-d565b1458620,伊勢川口,34.64767,136.356849,三重県,JR名松線
1e4c7465-6952-4a92-830d-0c6ab89b00c9,関ノ宮,34.637693,136.339721,三重県,JR名松線
e00a7fe9-a912-48ad-b240-cb8208895dd7,家城,34.625791,136.319246,三重県,JR名松線
d252bb83-9a69-451d-8d62-0b7a69b3ff36,伊勢竹原,34.599785,136.309081,三重県,JR名松線
90274659-9d63-44fe-9bd2-fbeb6deb7544,伊勢鎌倉,34.574023,136.278349,三重県,JR名松線
dad06a7c-31ab-41b1-b0cf-d065ae30666a,伊勢八知,34.555355,136.263952,三重県,JR名松線
053dbf58-a2db-4661-8a75-660927f358a6,比津,34.531967,136.270716,三重県,JR名松線
b2e97e88-c144-40f5-bc94-a30e7f74bb46,伊勢奥津,34.512155,136.260031,三重県,JR名松線
c80e2a57-dca6-46dc-b9b7-5505ce74708a,米原,35.314657,136.289992,滋賀県,琵琶湖線
57b34fd1-c9e7-4438-b5ec-10ca40b6681d,彦根,35.272216,136.263347,滋賀県,琵琶湖線
2f326c1d-3645-483f-b6de-fbd2e7d244a1,南彦根,35.246097,136.248,滋賀県,琵琶湖線
55c03cb1-4ece-415a-9958-7904c73ca624,河瀬,35.225384,136.225285,滋賀県,琵琶湖線
ea7ab1f6-bb0b-4adc-a39b-877030c8b9b0,稲枝,35.203312,136.194469,滋賀県,琵琶湖線
b7b9ea5f-5f7a-4e84-8a22-bb8b46c8ed83,能登川,35.179897,136.165987,滋賀県,琵琶湖線
25b0368e-8d10-45c0-8394-dd243c16cc57,安土,35.142465,136.1335,滋賀県,琵琶湖線
4465befd-c7f4-4f23-9573-22b310d29685,近江八幡,35.122765,136.102715,滋賀県,琵琶湖線
6e0cae70-2cf7-4d61-9801-93c62d6fc859,篠原,35.099203,136.071679,滋賀県,琵琶湖線
940c3051-0de7-418b-9519-0aabc627091a,野洲,35.068509,136.022487,滋賀県,琵琶湖線
875b17d9-3ec9-410f-b1e6-a2883916a863,守山,35.050513,135.996037,滋賀県,琵琶湖線
1b143c10-12e7-4a52-a9d0-aa67590df381,栗東,35.037448,135.980083,滋賀県,琵琶湖線
4875920a-26fa-4350-a89f-c71908c26574,草津,35.022913,135.962744,滋賀県,琵琶湖線
6b70db1d-0d74-433c-8f96-32a0ededa628,南草津,35.003855,135.947362,滋賀県,琵琶湖線
0b5951e8-bfd1-4bf0-91dc-31d571250498,瀬田,34.987223,135.925673,滋賀県,琵琶湖線
28476c41-2625-453d-bb5e-41610c406c72,石山,34.97987,135.900228,滋賀県,琵琶湖線
95d70a5f-e5b7-4f2b-9630-2549ea351dfc,膳所,34.999373,135.880539,滋賀県,琵琶湖線
bf4fa5f8-dd80-4996-aea3-92336d3a1f51,大津,35.002997,135.864651,滋賀県,琵琶湖線
48c71b69-261b-4cfd-984f-a6d434fa1486,山科,34.992636,135.816647,京都府,琵琶湖線
d1ef8706-402a-481a-b608-21e47d1d9fa2,京都,34.985465,135.757748,京都府,琵琶湖線
f80d7135-5992-4f16-b925-2626c8eb8421,京都,34.985465,135.757748,京都府,京都線
4a6276d6-c587-43c5-a1d6-96642b79f69a,西大路,34.981077,135.731702,京都府,京都線
2b03a493-4e29-4599-bfda-9c2ca0577ef5,桂川,34.964814,135.710391,京都府,京都線
03cd4f5f-d68a-4147-9b46-fd4fa88e80fe,向日町,34.954838,135.709804,京都府,京都線
2becb4b0-e394-43cc-98a0-943d6b5cdcf7,長岡京,34.923483,135.700882,京都府,京都線
f4b0f505-8c74-408f-a811-9bfee6048516,山崎,34.892257,135.679124,京都府,京都線
7a845f22-4bc0-4513-9aac-1d3041b83c0a,島本,34.881337,135.663385,大阪府,京都線
af9128c6-07f7-4063-80ed-fd1af4fcd811,高槻,34.8512,135.617016,大阪府,京都線
eb032d80-4f35-4906-b0e8-b6492fbe4994,摂津富田,34.837729,135.59336,大阪府,京都線
c61e7796-f15c-49c9-871a-bce7b87e29b3,茨木,34.815091,135.56208,大阪府,京都線
08da34de-b00d-4983-9cbe-d0ba2d7c3da9,千里丘,34.791502,135.551512,大阪府,京都線
f9aea770-a0df-492e-a9f0-cf5621968eb0,岸辺,34.776812,135.541613,大阪府,京都線
555d87f7-75ee-4471-960c-7ecb78f22aad,吹田,34.763209,135.523642,大阪府,京都線
11e81dd8-9cc6-44bf-aa5b-f50be0048ade,東淀川,34.73938,135.503915,大阪府,京都線
3c296241-d483-4922-8cfa-2c36563ce771,新大阪,34.734136,135.501852,大阪府,京都線
13212e00-7b1e-4379-ae50-e860f6daf2a9,大阪,34.702398,135.495188,大阪府,京都線
214fed27-8088-4ba7-8cc2-7ead5a7b7383,大阪,34.702398,135.495188,大阪府,JR神戸線(大阪～神戸)
2ac15183-865a-48dc-8a60-2e727e43857e,塚本,34.71271,135.468843,大阪府,JR神戸線(大阪～神戸)
0f9209a4-e412-4ad1-8d77-1aeccc37e522,尼崎,34.731791,135.431685,兵庫県,JR神戸線(大阪～神戸)
8eb8a572-e267-40f4-beed-6d0bf38511ad,立花,34.737875,135.399571,兵庫県,JR神戸線(大阪～神戸)
79191004-0416-4f48-baa0-c70223e7ba6a,甲子園口,34.739052,135.374426,兵庫県,JR神戸線(大阪～神戸)
eced41ee-108a-436a-85c5-6d779daf2d8e,西宮,34.738985,135.348703,兵庫県,JR神戸線(大阪～神戸)
b15c7019-687f-4408-bb23-a2723f7d4bf0,さくら夙川,34.739079,135.331093,兵庫県,JR神戸線(大阪～神戸)
aa8c1ff6-e3dc-4c75-9c70-896d85d2f8f3,芦屋,34.734207,135.307102,兵庫県,JR神戸線(大阪～神戸)
5baad2d0-9395-4425-9c62-98a219e9fb8e,甲南山手,34.730616,135.292788,兵庫県,JR神戸線(大阪～神戸)
f9cbdf08-c01a-486f-8b3b-d0f45d1475c5,摂津本山,34.726661,135.27699,兵庫県,JR神戸線(大阪～神戸)
c9e6e2f4-10e9-4269-aca4-39b1e8b132b9,住吉,34.719595,135.261859,兵庫県,JR神戸線(大阪～神戸)
3521d775-b183-419c-9f76-39221885e8e0,六甲道,34.714945,135.238588,兵庫県,JR神戸線(大阪～神戸)
ba14cd7b-8f4d-418d-a513-837302b679c7,灘,34.705918,135.216578,兵庫県,JR神戸線(大阪～神戸)
5921d0b7-17f2-4cfb-909e-16052df13560,三ノ宮,34.694766,135.195058,兵庫県,JR神戸線(大阪～神戸)
917516b0-5506-4110-892d-3bf75838f828,元町,34.689602,135.187401,兵庫県,JR神戸線(大阪～神戸)
6053adb3-ca6f-463c-890f-e31ebd856195,神戸,34.679453,135.178221,兵庫県,JR神戸線(大阪～神戸)
ac2be88f-56f0-4d15-9ab9-973203b7fced,京都,34.985465,135.757748,京都府,JR湖西線
b7ca1454-e266-4ab3-9059-83056ad11851,山科,34.992636,135.816647,京都府,JR湖西線
2de26d3c-cf63-422a-a6d4-326a289b103e,大津京,35.024428,135.857268,滋賀県,JR湖西線
5c589f56-c697-4491-a16a-9b07271ef588,唐崎,35.049795,135.866969,滋賀県,JR湖西線
2f4c66fa-c323-4982-aa94-01d032351106,比叡山坂本,35.070403,135.878259,滋賀県,JR湖西線
80bf657e-83c9-4283-933d-1811ca8613de,おごと温泉,35.097425,135.895046,滋賀県,JR湖西線
0d574d8c-4a3f-4b24-9ea2-04228dc0b049,堅田,35.12094,135.915107,滋賀県,JR湖西線
7796265f-56da-4186-9f19-8155ad4878bf,小野,35.138832,135.922642,滋賀県,JR湖西線
11065a47-e0fc-4669-82bd-6c42a2462507,和邇,35.161588,135.922348,滋賀県,JR湖西線
0c4d3954-a1f8-4118-92ea-bf01b1ba4071,蓬莱,35.182594,135.915443,滋賀県,JR湖西線
66469db3-2cc4-4e4f-9008-8491d856c325,志賀,35.202348,135.924987,滋賀県,JR湖西線
1ece8bce-bd83-4632-a8d1-a17238c1e545,比良,35.219918,135.944198,滋賀県,JR湖西線
85b0c920-9b85-4157-9f17-09552e432f5c,近江舞子,35.236342,135.959294,滋賀県,JR湖西線
f6ecb449-0e56-4204-830a-1391150628d3,北小松,35.253384,135.970293,滋賀県,JR湖西線
f9c83daa-8462-430c-9187-6ca9008b1c65,近江高島,35.292657,136.010374,滋賀県,JR湖西線
af018c42-8c0d-498a-b68e-3fb72084cd6e,安曇川,35.32842,136.019887,滋賀県,JR湖西線
27aab135-a196-4efb-ab18-fa655cd1f649,新旭,35.355902,136.035796,滋賀県,JR湖西線
de375436-0520-433a-acf8-c74395938a8b,近江今津,35.396864,136.031882,滋賀県,JR湖西線
39fa93c6-28e4-4bf0-ac38-3be75f6d2ca8,近江中庄,35.441648,136.038374,滋賀県,JR湖西線
d12c1933-06b3-4930-ad19-7f4ce697901e,マキノ,35.461437,136.05978,滋賀県,JR湖西線
6264e1c4-21ae-4aa3-a79d-f291780b555e,永原,35.498857,136.122326,滋賀県,JR湖西線
ea7b1e71-e196-4691-9380-28d8893371c6,近江塩津,35.53978,136.151236,滋賀県,JR湖西線
238c19a6-7cd9-439c-bf94-a937bf85db24,加茂,34.752575,135.869609,京都府,大和路線
52f0ac04-14b3-4376-a94e-3441ea9a5d79,木津,34.735962,135.824794,京都府,大和路線
5038af4e-a570-4d5c-91c4-578de6222b47,平城山,34.710431,135.810252,奈良県,大和路線
f0e808a2-3f68-4616-8f32-17a5f14101e4,奈良,34.680482,135.818935,奈良県,大和路線
1cbdf1e1-dfe8-43c8-955c-5e71e5fd715a,郡山,34.648335,135.790441,奈良県,大和路線
c32a9e26-51cf-496b-a1a8-880174135c6f,大和小泉,34.622226,135.763488,奈良県,大和路線
5d18c7b1-55de-4ab3-b11d-4eca070a09f3,法隆寺,34.601377,135.738604,奈良県,大和路線
5779e686-6ae5-43e9-862a-9600622cc803,王寺,34.597448,135.704005,奈良県,大和路線
9ce9cc46-92e7-4d82-96d9-e5a400640bfc,三郷,34.588867,135.687484,奈良県,大和路線
e0584829-6071-4b05-91f9-c6bd0ab14f07,河内堅上,34.574005,135.662956,大阪府,大和路線
6cc4dfca-f873-426d-a23a-5c2929c2e8c8,高井田,34.57147,135.638645,大阪府,大和路線
dc1f70ee-2a3d-42d9-a3da-f9d5a741d567,柏原,34.586681,135.62341,大阪府,大和路線
7cbe9231-cf5a-46e2-908c-197b5535981f,志紀,34.600248,135.615998,大阪府,大和路線
3ec15cc3-8c96-40ad-8f68-c2455fb954cb,八尾,34.617265,135.597136,大阪府,大和路線
3990fe6e-3d1c-409b-92db-a69238da1581,久宝寺,34.622558,135.583988,大阪府,大和路線
7d6c8c48-a28e-4c95-9be1-3f7602d3c1e1,加美,34.626888,135.566939,大阪府,大和路線
4c17a83e-3f4a-4215-997d-714423d72905,平野,34.630842,135.551612,大阪府,大和路線
f6ec214c-4755-4722-9927-174f30fb0bfb,東部市場前,34.638056,135.537802,大阪府,大和路線
4a72f954-874f-41d4-b2a7-32591a53e961,天王寺,34.647243,135.514124,大阪府,大和路線
28c9f389-6fe8-4147-910c-a592c63d800b,新今宮,34.650149,135.501076,大阪府,大和路線
f7c0ff51-0e2f-4f20-bac5-62df38fb1c5f,今宮,34.654156,135.492975,大阪府,大和路線
e321678b-f186-4899-bc1d-dead18ad60d4,ＪＲ難波,34.666438,135.495265,大阪府,大和路線
a9b4f56f-fb00-4079-bf4e-a7c4ed9a4d66,神戸,34.679453,135.178221,兵庫県,JR神戸線(神戸～姫路)
9822fb55-70f1-46ef-aecc-112bf11c95db,兵庫,34.668343,135.164706,兵庫県,JR神戸線(神戸～姫路)
5fb01446-9bb3-4b77-bdec-c73aab2378a5,新長田,34.657525,135.145193,兵庫県,JR神戸線(神戸～姫路)
c1bd0f2f-df58-4c27-8953-3d872e653913,鷹取,34.651667,135.135275,兵庫県,JR神戸線(神戸～姫路)
7c6c0315-f18c-4280-93d0-619654c94116,須磨海浜公園,34.647185,135.126616,兵庫県,JR神戸線(神戸～姫路)
f7e8bc13-6fe1-4c81-82ce-086490314db3,須磨,34.642292,135.112814,兵庫県,JR神戸線(神戸～姫路)
932a7e6e-1e6c-47e3-a537-22a8ce28c816,塩屋,34.633507,135.083361,兵庫県,JR神戸線(神戸～姫路)
7eb4c6fc-f51f-4474-8b19-a86f7eb533f3,垂水,34.629252,135.053872,兵庫県,JR神戸線(神戸～姫路)
515b4a55-af55-4c63-822d-432115247bac,舞子,34.63302,135.034373,兵庫県,JR神戸線(神戸～姫路)
0b27ce2b-0e0d-4512-8947-a796f1f1f75a,朝霧,34.644196,135.017485,兵庫県,JR神戸線(神戸～姫路)
89bf25bd-e62c-48e2-8de5-635d8f9777c5,明石,34.649084,134.992512,兵庫県,JR神戸線(神戸～姫路)
8a4ca0a5-d3cb-40c2-81da-9d8f03e016c2,西明石,34.66591,134.960151,兵庫県,JR神戸線(神戸～姫路)
04035a12-b827-4863-a540-a87ffcbe6ff2,大久保,34.681914,134.939194,兵庫県,JR神戸線(神戸～姫路)
342542e6-1957-46a7-bb66-fe9858f6481d,魚住,34.696401,134.906028,兵庫県,JR神戸線(神戸～姫路)
c08aedce-8fa0-43ef-a04f-39a061d09710,土山,34.720482,134.888921,兵庫県,JR神戸線(神戸～姫路)
72912ae7-0cba-4c64-9e37-94fbebaef0ef,東加古川,34.745857,134.869244,兵庫県,JR神戸線(神戸～姫路)
26209401-796c-473b-b897-b5c0d77b0e79,加古川,34.767666,134.839447,兵庫県,JR神戸線(神戸～姫路)
a12aca39-dd3d-4540-897a-5fb5faed7a00,宝殿,34.784795,134.812158,兵庫県,JR神戸線(神戸～姫路)
a9c722dc-0ea0-4cc1-af8e-027c6d7066d6,曽根,34.793304,134.769838,兵庫県,JR神戸線(神戸～姫路)
69ccefe7-d642-4059-a570-f971882962c3,ひめじ別所,34.805544,134.753309,兵庫県,JR神戸線(神戸～姫路)
f7692783-b742-4b87-9734-d01099869b9d,御着,34.816944,134.735486,兵庫県,JR神戸線(神戸～姫路)
3603c70e-f09c-4bc8-bc99-097201bd3939,姫路,34.827659,134.690769,兵庫県,JR神戸線(神戸～姫路)
42102281-3658-493b-ae59-e3aa220fc57b,姫路,34.827659,134.690769,兵庫県,JR山陽本線(姫路～岡山)
abb4f555-3a08-4dd5-8eb5-a8d941103122,英賀保,34.813235,134.644762,兵庫県,JR山陽本線(姫路～岡山)
b239e690-5f72-4e35-ba19-fb6b7d7a3e16,はりま勝原,34.810157,134.614105,兵庫県,JR山陽本線(姫路～岡山)
dc2347a1-6fad-487e-9011-e673ebec0f74,網干,34.814096,134.584035,兵庫県,JR山陽本線(姫路～岡山)
2de301b1-cb97-48e8-9240-634b24872edc,竜野,34.825522,134.522004,兵庫県,JR山陽本線(姫路～岡山)
f08a5c0b-850c-4dc9-9857-07c01137d741,相生,34.818052,134.47341,兵庫県,JR山陽本線(姫路～岡山)
6b2c7093-3f68-4743-a495-e0ff3720c7f6,有年,34.829263,134.395568,兵庫県,JR山陽本線(姫路～岡山)
87a3b9a8-3ed8-48db-a534-fcf48fe6e025,上郡,34.865845,134.354081,兵庫県,JR山陽本線(姫路～岡山)
35a74aba-3410-4642-9904-c5418dc075a0,三石,34.804507,134.275416,岡山県,JR山陽本線(姫路～岡山)
7f04c434-9b0f-45ef-9da0-328667a6cf32,吉永,34.812259,134.204626,岡山県,JR山陽本線(姫路～岡山)
f1e96adb-908f-41e0-8874-6053286ac5ae,和気,34.797297,134.152787,岡山県,JR山陽本線(姫路～岡山)
841e9249-09a5-4b45-b8b8-9ab354d5fd76,熊山,34.783556,134.109433,岡山県,JR山陽本線(姫路～岡山)
d14be808-9c6e-4c1f-b28f-5ef3e36c146d,万富,34.758256,134.080609,岡山県,JR山陽本線(姫路～岡山)
81a55dac-4624-4d34-8536-8357f7626fdf,瀬戸,34.734499,134.041897,岡山県,JR山陽本線(姫路～岡山)
5ac18799-bd29-4ef9-b477-623a30aa64c1,上道,34.699466,134.020569,岡山県,JR山陽本線(姫路～岡山)
3edc3443-4c64-472b-bc3c-86e3e047fb7f,東岡山,34.685633,133.988103,岡山県,JR山陽本線(姫路～岡山)
47432366-395a-42dd-804e-80e07915927c,高島,34.683074,133.95774,岡山県,JR山陽本線(姫路～岡山)
196bb43c-b80a-4292-9716-7701087a1259,西川原,34.678,133.936555,岡山県,JR山陽本線(姫路～岡山)
cf21aab1-f646-4394-9138-be5ebb73362d,岡山,34.666572,133.918552,岡山県,JR山陽本線(姫路～岡山)
1bd35394-274b-4e9a-9da6-76a5f87a048a,岡山,34.666572,133.918552,岡山県,JR山陽本線(岡山～三原)
ee2302e1-204e-4a07-9f27-d6e17b1c7b35,北長瀬,34.652995,133.885325,岡山県,JR山陽本線(岡山～三原)
7a15dfc1-1f49-47e9-923b-924e1ed30892,庭瀬,34.642858,133.854454,岡山県,JR山陽本線(岡山～三原)
48653d83-4c8c-4437-b7b6-9c08cfffdf38,中庄,34.626493,133.808225,岡山県,JR山陽本線(岡山～三原)
aaadf810-09f2-4048-950f-b35fb0497995,倉敷,34.601567,133.765473,岡山県,JR山陽本線(岡山～三原)
9cc0e7dd-e1bb-4a3f-9fce-afa7b45eb026,西阿知,34.58578,133.727876,岡山県,JR山陽本線(岡山～三原)
248f3cbf-95f0-471c-a352-0e03e05e89e7,新倉敷,34.56509,133.678344,岡山県,JR山陽本線(岡山～三原)
30b80eaa-b22b-46e8-bc17-663d5329e5d6,金光,34.540909,133.620826,岡山県,JR山陽本線(岡山～三原)
c8e69973-cd36-4716-9b2a-7b5a84fc5652,鴨方,34.5273,133.587705,岡山県,JR山陽本線(岡山～三原)
6b02078d-b769-46ae-a24d-ecfa0aa5f24e,里庄,34.507905,133.550763,岡山県,JR山陽本線(岡山～三原)
2fc62c52-1a30-4514-b1f0-619c950cd383,笠岡,34.504913,133.504705,岡山県,JR山陽本線(岡山～三原)
8ae91082-9b49-4c48-a6a6-f4c56ada60bb,大門,34.498462,133.43995,広島県,JR山陽本線(岡山～三原)
090b0c35-3d8b-4233-942b-935a7cacf88c,東福山,34.494949,133.40539,広島県,JR山陽本線(岡山～三原)
b437cb21-b776-4d7e-91ff-48ec7746d83c,福山,34.489291,133.361429,広島県,JR山陽本線(岡山～三原)
b8e15de1-2d78-4549-854b-013153154794,備後赤坂,34.472108,133.305417,広島県,JR山陽本線(岡山～三原)
51bb1a94-80bc-4296-92cb-d85b3f32ec3b,松永,34.450958,133.258532,広島県,JR山陽本線(岡山～三原)
d84ba0ce-1f5d-4e4c-86fd-e380c0bc0859,東尾道,34.434937,133.233168,広島県,JR山陽本線(岡山～三原)
46c40b7c-ac82-4c0f-a8bb-769a7125ca27,尾道,34.404826,133.192884,広島県,JR山陽本線(岡山～三原)
19ff1e37-251e-42a1-b6aa-64cd1ce813bf,糸崎,34.392429,133.104317,広島県,JR山陽本線(岡山～三原)
8278fa0c-b404-4247-980f-b930311cd000,三原,34.400486,133.083049,広島県,JR山陽本線(岡山～三原)
86eb46d9-dd6b-4d0d-8fa8-84245a4fead4,三原,34.400486,133.083049,広島県,JR山陽本線(三原～岩国)
1dd6af0f-9a55-49a3-849e-16ac6a3be280,本郷,34.409617,132.987358,広島県,JR山陽本線(三原～岩国)
590d620e-ef49-4f52-91dd-901bf07624e6,河内,34.469248,132.890113,広島県,JR山陽本線(三原～岩国)
fa19cc8e-564f-447b-83ae-e75380d01808,入野,34.46067,132.851789,広島県,JR山陽本線(三原～岩国)
47333eee-ff0a-4d4f-87c3-cf403acb153e,白市,34.443022,132.83225,広島県,JR山陽本線(三原～岩国)
eb351c34-d607-49f3-9331-cd58fbd33856,西高屋,34.446139,132.788246,広島県,JR山陽本線(三原～岩国)
4e803d2e-3219-4f96-9f12-ff7100a8a5d3,西条,34.431394,132.743909,広島県,JR山陽本線(三原～岩国)
75120eb8-7ee0-470d-a90a-da595e9f8581,八本松,34.445466,132.688048,広島県,JR山陽本線(三原～岩国)
7a28f2d7-fac1-4216-84f2-3022a08d1f10,瀬野,34.421994,132.59674,広島県,JR山陽本線(三原～岩国)
f894258f-0a2e-4d10-9260-89720f25c62c,中野東,34.403275,132.578753,広島県,JR山陽本線(三原～岩国)
967e3ca7-cec6-44e7-aa5c-dbec853a45af,安芸中野,34.391115,132.563291,広島県,JR山陽本線(三原～岩国)
386c0274-5d68-4b2a-b215-dae488a4fe7e,海田市,34.372089,132.530542,広島県,JR山陽本線(三原～岩国)
5289b7c4-fdbd-4f67-9ef4-fa6ac429165c,向洋,34.376636,132.506191,広島県,JR山陽本線(三原～岩国)
d6b1a567-603d-4a61-843c-b9e79a53b8e3,天神川,34.389959,132.498311,広島県,JR山陽本線(三原～岩国)
6e611498-f337-4d0b-a8eb-50c817b1c539,広島,34.397446,132.475593,広島県,JR山陽本線(三原～岩国)
025005f5-ab98-46f0-8018-0a5c2cf5891b,新白島,34.408361,132.461528,広島県,JR山陽本線(三原～岩国)
54f7075c-759a-4735-ace8-419a48cd21d9,横川,34.410173,132.45045,広島県,JR山陽本線(三原～岩国)
1ad959bf-dc72-43f1-bea2-e1722c3fd1ee,西広島,34.397832,132.427979,広島県,JR山陽本線(三原～岩国)
8dbe6455-091c-46aa-a4fe-566e928b42f6,新井口,34.375601,132.391924,広島県,JR山陽本線(三原～岩国)
d2030fab-36f8-4c80-8ad6-50dea2ede07c,五日市,34.366798,132.367717,広島県,JR山陽本線(三原～岩国)
9eaba953-fc6f-415f-8a3b-b31c1abaf06d,廿日市,34.357837,132.335657,広島県,JR山陽本線(三原～岩国)
5f2c51ce-5621-4219-930e-22667f179832,宮内串戸,34.347963,132.323706,広島県,JR山陽本線(三原～岩国)
6f9a6a74-ea00-48fd-a04e-b297d05d77c5,阿品,34.323152,132.314216,広島県,JR山陽本線(三原～岩国)
d9297294-2e36-479f-8053-185eac860f1f,宮島口,34.312081,132.302689,広島県,JR山陽本線(三原～岩国)
26f0d17c-2ab9-4063-bfd8-e400b8af7b7d,前空,34.301368,132.289815,広島県,JR山陽本線(三原～岩国)
86c03828-45a1-42a0-94a9-6ae972baa1f8,大野浦,34.283762,132.265263,広島県,JR山陽本線(三原～岩国)
35c11c64-0733-4af2-8da4-94ff6b5d1d79,玖波,34.2553,132.227963,広島県,JR山陽本線(三原～岩国)
00c189a0-7979-430e-9103-2d989235ebcd,大竹,34.217565,132.223479,広島県,JR山陽本線(三原～岩国)
ab777b29-5587-4a87-958c-58657b57f714,和木,34.204194,132.227709,山口県,JR山陽本線(三原～岩国)
4304d487-3837-4632-9bb1-7a5e1575a93b,岩国,34.171828,132.225631,山口県,JR山陽本線(三原～岩国)
ea4643ca-be54-493a-b537-99b5ab87dc84,岩国,34.171828,132.225631,山口県,JR山陽本線(岩国～門司)
32869957-21be-468f-bc14-577d6da3fe2d,南岩国,34.135246,132.206013,山口県,JR山陽本線(岩国～門司)
0a22a41b-b149-4b89-b1e8-441c0298950f,藤生,34.112668,132.198515,山口県,JR山陽本線(岩国～門司)
f9494d8b-c6bb-41ce-aa83-2674a7ec87b1,通津,34.068207,132.204949,山口県,JR山陽本線(岩国～門司)
14a4566e-3f92-4fff-820b-27baa4e8571e,由宇,34.043279,132.213621,山口県,JR山陽本線(岩国～門司)
a3e353ce-ee38-4ee5-b3a0-09eabc224426,神代,33.998871,132.209398,山口県,JR山陽本線(岩国～門司)
0f0fbda9-a3a1-4c4c-8bfe-f4c18557b7ab,大畠,33.963377,132.180741,山口県,JR山陽本線(岩国～門司)
46151953-9d44-4aee-b327-8b5941825091,柳井港,33.958357,132.134333,山口県,JR山陽本線(岩国～門司)
8eb05a87-2842-47e1-850e-75fb1638871e,柳井,33.965728,132.105988,山口県,JR山陽本線(岩国～門司)
b0065177-8ef5-4a6d-99b9-5f3aee2b4a77,田布施,33.958805,132.044084,山口県,JR山陽本線(岩国～門司)
c2c5396a-fae5-4589-ad4b-7a5ba361c60a,岩田,33.981624,131.995285,山口県,JR山陽本線(岩国～門司)
fe54caf8-d205-421b-8df5-ac79fe2523c8,島田,33.990502,131.960865,山口県,JR山陽本線(岩国～門司)
ff4f99d3-22ba-4763-83c5-101f8a799c5c,光,33.973975,131.914784,山口県,JR山陽本線(岩国～門司)
5daf2f9d-7e34-4a6f-9090-b38db7f463fa,下松,34.008933,131.86799,山口県,JR山陽本線(岩国～門司)
f09af7aa-921e-4c7b-a630-ea2af1f1743c,櫛ケ浜,34.031002,131.829079,山口県,JR山陽本線(岩国～門司)
55b31b64-8088-4323-a3be-bfaabed8ae6f,徳山,34.051555,131.8029,山口県,JR山陽本線(岩国～門司)
0c772875-cfd3-40de-8640-87afab661edf,新南陽,34.069561,131.769639,山口県,JR山陽本線(岩国～門司)
47a9c4a5-8879-40cf-8bc2-907eefcdf952,福川,34.072096,131.73846,山口県,JR山陽本線(岩国～門司)
33332237-9e15-423b-b6c7-484b3f121d4a,戸田,34.072523,131.704657,山口県,JR山陽本線(岩国～門司)
bb28a4c7-69ae-4d25-b211-dfe132384052,富海,34.048507,131.639029,山口県,JR山陽本線(岩国～門司)
55247268-34f8-49fa-aa55-8d00b0d7f5a6,防府,34.05354,131.568848,山口県,JR山陽本線(岩国～門司)
fc0d532b-7f22-4c73-9a40-8b296a5772d8,大道,34.053295,131.488358,山口県,JR山陽本線(岩国～門司)
83800da5-4210-41c0-ad85-a9f42e949d47,四辻,34.079896,131.44793,山口県,JR山陽本線(岩国～門司)
fcc1cfe3-e1c0-447e-b6b1-3de42c96f33a,新山口,34.093255,131.39657,山口県,JR山陽本線(岩国～門司)
3f4aabf0-f32e-4a34-ba06-bc54756b1f09,嘉川,34.066211,131.370068,山口県,JR山陽本線(岩国～門司)
f0a4bab5-3498-494d-b57d-2f76a2f7b312,本由良,34.031997,131.343621,山口県,JR山陽本線(岩国～門司)
fea2c302-1fab-4c7c-bb7a-474f3c37d5ce,厚東,34.038709,131.267807,山口県,JR山陽本線(岩国～門司)
947bd76e-7b02-4f89-a206-3094ef58b6ac,宇部,34.003017,131.221691,山口県,JR山陽本線(岩国～門司)
8cd27912-feb4-4499-acfd-b94635f2b827,小野田,34.007877,131.185605,山口県,JR山陽本線(岩国～門司)
47f5b4c2-2713-4737-ba33-09fd49191154,厚狭,34.053361,131.159965,山口県,JR山陽本線(岩国～門司)
3cd8b4aa-9faa-4e72-8f62-df9b9b1b63b3,埴生,34.049173,131.086865,山口県,JR山陽本線(岩国～門司)
d66d6439-790e-4835-ae7f-aec23e724b50,小月,34.067907,131.033038,山口県,JR山陽本線(岩国～門司)
adb10377-5bc2-4f10-ae67-10a0f278af9f,長府,34.019264,130.999508,山口県,JR山陽本線(岩国～門司)
b905e66c-6c97-4427-804c-99148a926aab,新下関,34.005651,130.948021,山口県,JR山陽本線(岩国～門司)
beb8a152-6420-40b1-8d14-9bba81934977,幡生,33.981592,130.92734,山口県,JR山陽本線(岩国～門司)
b258d075-8306-4ccf-a0d3-32c0ea4a2c91,下関,33.950306,130.923038,山口県,JR山陽本線(岩国～門司)
24341c6a-1765-4bc7-928c-f3f372a94d1f,門司,33.904309,130.933438,福岡県,JR山陽本線(岩国～門司)
6d78375e-7caa-4d5e-a866-96fa965738ce,兵庫,34.668343,135.164706,兵庫県,JR山陽本線(兵庫～和田岬)
fa71694d-df52-4038-a6b9-bc38f081f26f,和田岬,34.657278,135.174268,兵庫県,JR山陽本線(兵庫～和田岬)
5f434e69-b6f2-45c8-bf9e-d15c6a8b716d,京都,34.985465,135.757748,京都府,嵯峨野線
851ae9a5-d351-4c3e-bf85-0e6c141ffcd4,丹波口,34.99501,135.742396,京都府,嵯峨野線
a5eb45a5-7ee2-4cce-b8e7-4de6a6fbb1d9,二条,35.010978,135.741701,京都府,嵯峨野線
f29df97b-8c35-4b88-9df1-efcd6413ad35,円町,35.01811,135.730591,京都府,嵯峨野線
d214c468-1a71-4ed1-8f37-e1267837e7f1,花園,35.018743,135.717895,京都府,嵯峨野線
d627a151-5445-41ee-9647-93622e0f2984,太秦,35.017019,135.701269,京都府,嵯峨野線
4d1a23a5-a469-429b-a288-7f5d8de36104,嵯峨嵐山,35.018698,135.68127,京都府,嵯峨野線
788d91a2-9dae-4810-b35d-4f506dc9b3d6,保津峡,35.023083,135.64025,京都府,嵯峨野線
9b20753e-52dd-4fc8-b525-99f5743c9443,馬堀,35.010664,135.602359,京都府,嵯峨野線
c48500f3-dadc-4ab7-934e-346ad6ff1b9d,亀岡,35.016738,135.582766,京都府,嵯峨野線
ab7001bc-42ac-4d11-8430-4a4b82991da0,並河,35.032479,135.554959,京都府,嵯峨野線
5878b2e6-d2ce-4198-bc8b-f0a1eff656e3,千代川,35.048597,135.548293,京都府,嵯峨野線
3b37807a-72c4-4390-a1cd-0a4f4c76aa60,八木,35.068995,135.531969,京都府,嵯峨野線
5e005df5-134d-4368-9b8f-c7f50e19daa2,吉富,35.092012,135.498585,京都府,嵯峨野線
ba44ac76-39e3-4a96-89bb-b36b5794f2d3,園部,35.102167,135.48347,京都府,嵯峨野線
7fdb8079-919c-4e1b-92c4-7400f442892f,園部,35.102167,135.48347,京都府,JR山陰本線(園部～豊岡)
16987d17-ec4e-4406-9ff9-7289835fa841,船岡,35.133463,135.491848,京都府,JR山陰本線(園部～豊岡)
8b262ff5-2316-4b47-8202-be8bf5301232,日吉,35.162151,135.503432,京都府,JR山陰本線(園部～豊岡)
607da589-b7ab-49aa-a9c9-cd33cf893f4c,鍼灸大学前,35.179141,135.489899,京都府,JR山陰本線(園部～豊岡)
90e20f2e-3f16-4799-8c94-793b44883e01,胡麻,35.195359,135.468467,京都府,JR山陰本線(園部～豊岡)
2886b944-1ea4-4306-8a0d-f6d43a3477ed,下山,35.21226,135.422673,京都府,JR山陰本線(園部～豊岡)
33eeca19-812b-4c1b-8d97-a5d1be9ea143,和知,35.261101,135.399015,京都府,JR山陰本線(園部～豊岡)
33502750-eadd-495e-b89a-68afe0b34995,安栖里,35.266155,135.385266,京都府,JR山陰本線(園部～豊岡)
5db51177-92d3-4900-ba67-0df8ba9df926,立木,35.274256,135.337318,京都府,JR山陰本線(園部～豊岡)
780df9e5-92cc-4825-a733-7ae3e0aebb8e,山家,35.29379,135.318618,京都府,JR山陰本線(園部～豊岡)
ce01e553-3bd4-41a5-9ecb-e82890e5b2ca,綾部,35.302188,135.251896,京都府,JR山陰本線(園部～豊岡)
c49df428-2335-404f-a860-a54f17db342a,高津,35.304982,135.207158,京都府,JR山陰本線(園部～豊岡)
eef67476-d319-41c0-98e8-2d6333332e93,石原,35.300904,135.180241,京都府,JR山陰本線(園部～豊岡)
aedff15c-0d20-49c6-9ab0-5e76c997ea52,福知山,35.296143,135.118564,京都府,JR山陰本線(園部～豊岡)
8d0d8562-987a-4df3-8b32-84210a568c15,上川口,35.329504,135.073284,京都府,JR山陰本線(園部～豊岡)
ab44a235-3fe6-43bf-b9bd-ce34285ed5b1,下夜久野,35.319893,134.998868,京都府,JR山陰本線(園部～豊岡)
621bc1cb-bada-434d-9d8e-d8ee87ca1edb,上夜久野,35.34182,134.931718,京都府,JR山陰本線(園部～豊岡)
aaa5d6f2-f7c7-46d0-bdb2-2cdab963e10b,梁瀬,35.322796,134.880682,兵庫県,JR山陰本線(園部～豊岡)
fff81f6b-6be8-41e6-8dc3-a67bf78a2f65,和田山,35.34141,134.85137,兵庫県,JR山陰本線(園部～豊岡)
17c40f32-23b6-43d2-badc-fe98085e7a11,養父,35.371306,134.811726,兵庫県,JR山陰本線(園部～豊岡)
ebd32665-2d14-4dfc-9beb-c206d0cfe6cd,八鹿,35.414287,134.781403,兵庫県,JR山陰本線(園部～豊岡)
58726ed4-8727-4280-88e0-62a6e7280a78,江原,35.469477,134.77575,兵庫県,JR山陰本線(園部～豊岡)
c36aef40-58e9-437f-9735-39eb464b3dbb,国府,35.496213,134.800016,兵庫県,JR山陰本線(園部～豊岡)
5b595c4c-4fb4-4a7f-832e-0293fbed24d2,豊岡,35.543825,134.813694,兵庫県,JR山陰本線(園部～豊岡)
f08daf25-30b6-47e5-a643-a676dda919e9,豊岡,35.543825,134.813694,兵庫県,JR山陰本線(豊岡～米子)
73661f00-9824-4dc6-8e88-d3de04ab4633,玄武洞,35.588645,134.799305,兵庫県,JR山陰本線(豊岡～米子)
b2317ab8-d478-4f91-a6f4-0a3628b9375d,城崎温泉,35.623764,134.813437,兵庫県,JR山陰本線(豊岡～米子)
485da635-d0ba-40ca-b739-0fee09692dbf,竹野,35.649807,134.756405,兵庫県,JR山陰本線(豊岡～米子)
231f6df7-1b6e-4dfc-ba76-78bedd4b5cee,きりはまビーチ,35.658743,134.74504,兵庫県,JR山陰本線(豊岡～米子)
c495ac6a-1f4e-4af6-8d00-596db4522b8f,佐津,35.65314,134.685856,兵庫県,JR山陰本線(豊岡～米子)
a8643879-7f51-4339-9e0e-3913feafe9bf,柴山,35.646454,134.663886,兵庫県,JR山陰本線(豊岡～米子)
f2a88803-ed61-4904-8456-f62dee007dbd,香住,35.635344,134.62359,兵庫県,JR山陰本線(豊岡～米子)
93eb0626-f1a5-493d-8abf-eb3c9735c1bb,鎧,35.651691,134.575144,兵庫県,JR山陰本線(豊岡～米子)
b4258be7-4b03-48d2-b2e4-9ac69fea8efb,餘部,35.648658,134.556918,兵庫県,JR山陰本線(豊岡～米子)
954ba71c-e607-46f3-8714-376f83c399e9,久谷,35.627549,134.517374,兵庫県,JR山陰本線(豊岡～米子)
a8994a5a-fee3-4866-862a-bcf9888fd7b4,浜坂,35.620618,134.452558,兵庫県,JR山陰本線(豊岡～米子)
99744e43-0d66-4e85-b3a9-3b55d0842e25,諸寄,35.619529,134.434303,兵庫県,JR山陰本線(豊岡～米子)
ad6dfa9d-9459-4be6-87f5-56099c8385cb,居組,35.606982,134.393736,兵庫県,JR山陰本線(豊岡～米子)
09cd2c27-7bc9-4d58-b6ba-2b6f328faaab,東浜,35.599471,134.362225,鳥取県,JR山陰本線(豊岡～米子)
297a879e-5fe7-4081-bf3c-6c8cbf30bf8d,岩美,35.574182,134.335595,鳥取県,JR山陰本線(豊岡～米子)
6a37c931-ef56-4d6c-bc41-1bc9429e58fa,大岩,35.566835,134.308114,鳥取県,JR山陰本線(豊岡～米子)
5ff54527-a775-4c37-ba60-46d991f68e07,福部,35.545512,134.287239,鳥取県,JR山陰本線(豊岡～米子)
acf671d4-57eb-4b24-a6e2-8f9ef48a78bc,鳥取,35.493953,134.225901,鳥取県,JR山陰本線(豊岡～米子)
e5449824-d156-4a50-8acf-a19df13888a3,湖山,35.513455,134.186232,鳥取県,JR山陰本線(豊岡～米子)
d4d3c7a7-029c-4e03-8e7a-c7f67df85da5,鳥取大学前,35.51804,134.174305,鳥取県,JR山陰本線(豊岡～米子)
64bcdd01-cacf-4c55-a1b3-4551245e576e,末恒,35.52395,134.135739,鳥取県,JR山陰本線(豊岡～米子)
1caa1a2d-c054-40de-a30f-3e6724d274ac,宝木,35.514153,134.081789,鳥取県,JR山陰本線(豊岡～米子)
52bfec19-436e-4bb2-b4f8-d48f2210dbae,浜村,35.509522,134.050749,鳥取県,JR山陰本線(豊岡～米子)
5d8fe41e-c1b7-46dc-abc9-a00eb6fe7d17,青谷,35.516228,133.995782,鳥取県,JR山陰本線(豊岡～米子)
b0cdf4ba-4678-4fb8-a67c-f59faf43f7f8,泊,35.509103,133.936515,鳥取県,JR山陰本線(豊岡～米子)
dbc5d0b0-d87e-424d-9096-78e050b007c1,松崎,35.46871,133.902053,鳥取県,JR山陰本線(豊岡～米子)
ce5cac40-5ee3-4e8e-9203-16ac2dec8a79,倉吉,35.45473,133.849661,鳥取県,JR山陰本線(豊岡～米子)
5eb9ce7b-2ff0-49e0-9ce6-cfc6afc20684,下北条,35.481915,133.809109,鳥取県,JR山陰本線(豊岡～米子)
68a3d322-ec82-4bd5-ab23-42186c224078,由良,35.490236,133.754367,鳥取県,JR山陰本線(豊岡～米子)
834043b7-d38a-4169-9feb-51dc6b9da8f6,浦安,35.499695,133.693462,鳥取県,JR山陰本線(豊岡～米子)
c13e6e24-6894-4507-af02-6aae6bcc0976,八橋,35.503256,133.673683,鳥取県,JR山陰本線(豊岡～米子)
f87049ea-0f7e-41d9-b062-a0c0568649c1,赤碕,35.512437,133.634527,鳥取県,JR山陰本線(豊岡～米子)
6016f7ca-fd53-4448-bad2-0b4be97a470b,中山口,35.52088,133.590017,鳥取県,JR山陰本線(豊岡～米子)
c580ecfb-43a1-46ba-a81d-bb29c49b4251,下市,35.518821,133.566302,鳥取県,JR山陰本線(豊岡～米子)
02527a74-8060-447e-9666-2f62ec24538b,御来屋,35.512234,133.502858,鳥取県,JR山陰本線(豊岡～米子)
38cb0aa9-d145-4bde-84b1-c19483150d24,名和,35.507256,133.49192,鳥取県,JR山陰本線(豊岡～米子)
d5f04671-2a95-4609-b28c-f483f6f7f484,大山口,35.485045,133.456718,鳥取県,JR山陰本線(豊岡～米子)
2dadde92-237e-4f43-8985-81bbcbd05322,淀江,35.457017,133.429788,鳥取県,JR山陰本線(豊岡～米子)
2c5e3e8a-5634-434c-9de3-24bd5b4e4bba,伯耆大山,35.430142,133.384216,鳥取県,JR山陰本線(豊岡～米子)
3e28b0e2-799a-4d6b-aff9-68a0dd263351,東山公園,35.430753,133.351902,鳥取県,JR山陰本線(豊岡～米子)
8b3a66dc-981a-4863-b121-28709c030c3f,米子,35.42327,133.33657,鳥取県,JR山陰本線(豊岡～米子)
69517e11-627b-4896-8dad-1d5265be14a1,木津,34.735962,135.824794,京都府,学研都市線
d4579737-c48d-431f-b175-387657a08088,西木津,34.737762,135.803507,京都府,学研都市線
a261ee02-1ded-4b69-a947-f3e7e02d9ed8,祝園,34.76017,135.792107,京都府,学研都市線
1533cf19-3378-4af5-a7bc-ee11cc01ea89,下狛,34.780579,135.788574,京都府,学研都市線
9d425ebd-ede1-49fe-9055-7bd8294c42b2,ＪＲ三山木,34.798334,135.784578,京都府,学研都市線
7552c168-f9e6-442c-8a46-8d7d0ab9945d,同志社前,34.805124,135.778633,京都府,学研都市線
33aaa523-adb3-487d-88fc-fa13ed779e90,京田辺,34.821114,135.768664,京都府,学研都市線
2d6f1c82-953a-4ad2-9f03-d8a8dfa9c3ac,大住,34.830785,135.749874,京都府,学研都市線
4658c905-1c8f-47c2-85ae-06b7971867ec,松井山手,34.833288,135.727617,京都府,学研都市線
36a9e8b4-6ce9-4ad0-8aff-05e67f891764,長尾,34.825938,135.713091,大阪府,学研都市線
5ff85d83-9e67-41dd-9560-55bedc0f31b5,藤阪,34.814466,135.702748,大阪府,学研都市線
a5e92490-25d2-47a6-b500-fc7b12b8ae47,津田,34.801373,135.697946,大阪府,学研都市線
38361cda-404a-452d-a856-fb150e9a6cf5,河内磐船,34.776501,135.684592,大阪府,学研都市線
cd8d63d7-8928-4af2-bf5b-b21325f9fbfc,星田,34.767346,135.663455,大阪府,学研都市線
f5ca5f3b-2d9b-44f8-954b-e589d53cb111,東寝屋川,34.755491,135.653276,大阪府,学研都市線
1c94c4e7-39e1-4df8-8ad9-e9172282b5cb,忍ケ丘,34.745762,135.645232,大阪府,学研都市線
99efcabb-11fc-4f93-95fb-4e30e37095c0,四条畷,34.730128,135.639297,大阪府,学研都市線
cfd13a5e-3c8b-4b26-935e-26f7aa6a6403,野崎,34.718334,135.636942,大阪府,学研都市線
8bdaff2b-6450-4641-8472-39d2f466c1f1,住道,34.706238,135.621496,大阪府,学研都市線
ef87bfd1-ea3f-4672-bacc-13e9425651cb,鴻池新田,34.698847,135.597679,大阪府,学研都市線
bd0326c3-7627-4127-8be1-5ef99f7f28b8,徳庵,34.692423,135.581386,大阪府,学研都市線
f2e9167f-6a6d-4005-ac9a-be30a201dd24,放出,34.688103,135.563296,大阪府,学研都市線
c44597a5-b790-4224-93e1-743766713c3e,鴫野,34.692769,135.544995,大阪府,学研都市線
fb968f6b-0c47-40dc-946b-7120a6c1594c,京橋,34.696047,135.534253,大阪府,学研都市線
848d39bb-c714-4cab-846f-dc4fa3121402,京都,34.985465,135.757748,京都府,奈良線
4de83bf0-9e63-494b-8098-1ec583e8d8b4,東福寺,34.981371,135.769778,京都府,奈良線
7628b82f-ca05-4e0e-84c0-8324e4fe6b03,稲荷,34.966758,135.770707,京都府,奈良線
40950f22-3618-4488-860e-81e5220a2de7,ＪＲ藤森,34.948278,135.775695,京都府,奈良線
447844ac-f43f-410f-9d32-225d63c13354,桃山,34.932647,135.771673,京都府,奈良線
35f29fe6-8eb5-4c5a-8ba0-fa5c4ec78669,六地蔵,34.932843,135.797335,京都府,奈良線
ce7686f0-474e-45e1-a4ea-89795b2ace94,木幡,34.924962,135.798901,京都府,奈良線
97965916-788f-4dc6-bad6-f858de28714e,黄檗,34.912831,135.803665,京都府,奈良線
4fc891d9-3d20-4151-8b5a-605e83816bcd,宇治,34.890437,135.800629,京都府,奈良線
0a549498-7a41-4d9c-8574-d2ad009d105a,ＪＲ小倉,34.889117,135.785962,京都府,奈良線
8eebc606-be2b-45a3-bfb8-3391438f20e3,新田,34.874314,135.780707,京都府,奈良線
c0165059-a4e4-46e4-855f-fc31f0e962bb,城陽,34.855536,135.781071,京都府,奈良線
b06c1b7a-99ab-48cc-89cd-c6d5731ce445,長池,34.842351,135.789801,京都府,奈良線
a929a930-4221-4c56-8834-5cb65e7841d5,山城青谷,34.828127,135.800111,京都府,奈良線
b0d68346-7b58-4ecc-9ea9-03bbc148e840,山城多賀,34.818009,135.806,京都府,奈良線
6d9ba140-fe0b-4330-8201-ad94cd5178a6,玉水,34.800108,135.807022,京都府,奈良線
08effd3d-ad44-4ed4-a29a-d534a1e8a606,棚倉,34.774705,135.816141,京都府,奈良線
c08d1687-e3aa-44ba-ada9-bf4b669376d4,上狛,34.750447,135.821225,京都府,奈良線
d4d4422b-c6c9-4365-8ed1-49f5ebee6fa3,木津,34.735962,135.824794,京都府,奈良線
23417b31-16a1-4ab8-97af-a6178d5f1658,平城山,34.710431,135.810252,奈良県,奈良線
5c432390-588b-471e-8a92-37a5ce76f4b3,奈良,34.680482,135.818935,奈良県,奈良線
d64d1cc9-4d33-4cbf-8257-11e365b53562,福知山,35.296143,135.118564,京都府,JR舞鶴線
20e12f74-86ce-4bec-b314-e1dbd90fa405,石原,35.300904,135.180241,京都府,JR舞鶴線
8cf838af-267a-4e33-95dd-e4f1785c30c4,高津,35.304982,135.207158,京都府,JR舞鶴線
afee31a1-8e69-4d96-b129-c36dbb56727c,綾部,35.302188,135.251896,京都府,JR舞鶴線
7e96394e-d128-43cc-9dbf-a57a4cf9d407,淵垣,35.328302,135.29457,京都府,JR舞鶴線
6dedf75f-7c2e-4c0d-b516-19325259542c,梅迫,35.348774,135.311059,京都府,JR舞鶴線
4edf9ff9-aef0-4468-9c7f-1fd84adcde7a,真倉,35.407146,135.326126,京都府,JR舞鶴線
05557623-6180-4110-89dd-abd315076a0c,西舞鶴,35.441784,135.330545,京都府,JR舞鶴線
533e0d96-4ace-4c70-bd80-7a3a311b0fbc,東舞鶴,35.468601,135.394788,京都府,JR舞鶴線
d3177c48-d71b-47a8-91b4-3927daa53be0,天王寺,34.647243,135.514124,大阪府,大阪環状線
41f377b3-b6c3-46b5-b1fe-648e2fcd0801,新今宮,34.650149,135.501076,大阪府,大阪環状線
86a4c465-3821-4b60-a557-5578685313f5,今宮,34.654156,135.492975,大阪府,大阪環状線
6e3c3623-12f0-4638-8fb4-badf140fbce3,芦原橋,34.658608,135.48924,大阪府,大阪環状線
e9e029e6-2ecd-44e7-894d-51883e7a30af,大正,34.665582,135.479932,大阪府,大阪環状線
795f7035-2d50-4783-83a5-a6398ff38229,弁天町,34.669403,135.462348,大阪府,大阪環状線
2ab1f53a-b600-4a84-b633-f773617a3c85,西九条,34.68269,135.466779,大阪府,大阪環状線
ca663435-1c88-4607-8c76-0d8b77dbcaa2,野田,34.689069,135.474837,大阪府,大阪環状線
3fff4128-1f14-4b96-a48d-cafd5519019a,福島,34.697167,135.486563,大阪府,大阪環状線
9c17cc1c-afa1-45ef-90b6-89f5a356cd40,大阪,34.702398,135.495188,大阪府,大阪環状線
66f16b83-d4e4-44a1-8f93-34a26d7a92b4,天満,34.704923,135.512233,大阪府,大阪環状線
8cfa4dd8-ab8e-4e9f-96a6-bd8362f59074,桜ノ宮,34.704976,135.520944,大阪府,大阪環状線
acb1f37b-0c46-4213-bdfd-d50456e37815,京橋,34.696047,135.534253,大阪府,大阪環状線
47bae4d9-36e6-4cba-83dc-321eb5235bd4,大阪城公園,34.68858,135.534482,大阪府,大阪環状線
c6859b5c-e6fc-48a2-b4b1-a8887b0802bd,森ノ宮,34.680412,135.533996,大阪府,大阪環状線
45f78c32-e02e-40c7-8bb7-745c6821bbc9,玉造,34.673559,135.532901,大阪府,大阪環状線
02675700-b688-4ab6-8d29-80eb590a68d5,鶴橋,34.665264,135.530133,大阪府,大阪環状線
1660ec69-e62a-488a-8740-9796610142a1,桃谷,34.658453,135.527908,大阪府,大阪環状線
574834cc-510f-4edb-a688-05516d6c2f5e,寺田町,34.647957,135.523437,大阪府,大阪環状線
e221e8dc-01ca-4f1f-8c25-3df0f742a9ab,西九条,34.68269,135.466779,大阪府,JRゆめ咲線
beba1659-89d8-4ce2-9343-d76c7e591305,安治川口,34.673416,135.443921,大阪府,JRゆめ咲線
df00c063-9dfd-412f-8c13-40ca910f3e8f,ユニバーサルシティ,34.667842,135.438705,大阪府,JRゆめ咲線
dc0ff3b1-f9d2-4e51-b3eb-cd11cdebda33,桜島,34.662065,135.432136,大阪府,JRゆめ咲線
f8e58f7d-1183-4578-a410-ec65b1bd9017,京橋,34.696047,135.534253,大阪府,JR東西線
3570e43a-593d-498d-979e-17a6e33a7ab0,大阪城北詰,34.694283,135.525538,大阪府,JR東西線
ecd9db0d-8a88-415e-917c-1a89c2013ef8,大阪天満宮,34.697404,135.513442,大阪府,JR東西線
74002db9-ae67-4eb1-806b-e1c4e8bdb881,北新地,34.698323,135.497038,大阪府,JR東西線
5ab9313c-0e3e-4e14-9a95-0f5fa00d8082,新福島,34.695094,135.48593,大阪府,JR東西線
a219cb7b-68a5-44d7-8af1-553cf46cf33d,海老江,34.69544,135.473276,大阪府,JR東西線
a9908d3a-44db-442b-8b10-c1069c4a08c0,御幣島,34.71259,135.45568,大阪府,JR東西線
3c6ac182-3dca-4eaa-84c7-91e9d4c856dd,加島,34.727496,135.454183,大阪府,JR東西線
bba6903d-cde1-47ff-b290-591ac2b94474,尼崎,34.731791,135.431685,兵庫県,JR東西線
848acaa4-c3cc-433b-b216-eb78f4fbfd83,天王寺,34.647243,135.514124,大阪府,阪和線(天王寺～和歌山)
f90e6544-352c-4658-8634-9c9262bcd973,美章園,34.638411,135.523765,大阪府,阪和線(天王寺～和歌山)
46ce8e06-f387-43d0-8650-ac5d2cc21648,南田辺,34.625551,135.52086,大阪府,阪和線(天王寺～和歌山)
d31eaa6f-ff94-471c-9b3f-cb5be892190f,鶴ケ丘,34.617999,135.517088,大阪府,阪和線(天王寺～和歌山)
fad0c37f-17cf-4606-8625-25fd5a66dc7c,長居,34.6109,135.512769,大阪府,阪和線(天王寺～和歌山)
5015cbc5-b219-4364-a056-c4f4b269a2fc,我孫子町,34.601873,135.50667,大阪府,阪和線(天王寺～和歌山)
a13e71bd-449a-4712-80a3-5d2391870788,杉本町,34.593113,135.503034,大阪府,阪和線(天王寺～和歌山)
e7e61d86-39a9-485c-b396-7ba9a3c2e46a,浅香,34.585303,135.502423,大阪府,阪和線(天王寺～和歌山)
9226ace0-ae14-4229-9d0e-885d4c5bbe42,堺市,34.577765,135.498644,大阪府,阪和線(天王寺～和歌山)
f943b969-99d9-4b8d-b9b9-677456c116d3,三国ケ丘,34.566319,135.492743,大阪府,阪和線(天王寺～和歌山)
e37cd82e-47a5-46fa-bfbb-21836805ae4a,百舌鳥,34.558322,135.488934,大阪府,阪和線(天王寺～和歌山)
e486f8f6-c4d0-4caa-aa32-4e21176ae72d,上野芝,34.549484,135.478026,大阪府,阪和線(天王寺～和歌山)
d901c20f-ca83-47a0-aab9-1934463c0623,津久野,34.542287,135.468108,大阪府,阪和線(天王寺～和歌山)
9e7f00f7-f33e-42aa-ab7d-f542ea6013b1,鳳,34.531674,135.458734,大阪府,阪和線(天王寺～和歌山)
08a73a17-33a3-4176-a8d2-68422a960ba6,富木,34.522534,135.451171,大阪府,阪和線(天王寺～和歌山)
090ad85b-981b-4176-959f-262a19d7a3a1,北信太,34.510671,135.441506,大阪府,阪和線(天王寺～和歌山)
2507206c-f61b-488c-8504-e95a05444059,信太山,34.500183,135.432895,大阪府,阪和線(天王寺～和歌山)
ce8e78bf-be45-4311-8263-990b7edf38ca,和泉府中,34.48794,135.423891,大阪府,阪和線(天王寺～和歌山)
51c16099-e11b-4496-a80d-868f7f3fe5df,久米田,34.46574,135.405384,大阪府,阪和線(天王寺～和歌山)
63339f3f-477d-460e-bdd4-c0eace7e5d8c,下松,34.457344,135.39683,大阪府,阪和線(天王寺～和歌山)
cb03b6e8-3443-43e7-b323-a812756a8f04,東岸和田,34.449341,135.385859,大阪府,阪和線(天王寺～和歌山)
cacb8abb-0cd5-4007-82b2-00208d76fee6,東貝塚,34.440051,135.373055,大阪府,阪和線(天王寺～和歌山)
fb9d0cde-f02d-4bd8-8c41-2177484bb371,和泉橋本,34.427379,135.358762,大阪府,阪和線(天王寺～和歌山)
15d46c7f-2c7d-4718-9c03-502813711145,東佐野,34.416744,135.350138,大阪府,阪和線(天王寺～和歌山)
8064a0e5-57f7-4972-bb3f-a39f5189136f,熊取,34.406048,135.341086,大阪府,阪和線(天王寺～和歌山)
a7799a6c-e5f7-46d1-a5b0-569ddf869c62,日根野,34.39075,135.331309,大阪府,阪和線(天王寺～和歌山)
2118882b-def6-4e11-9b2b-6e71e51ca13b,長滝,34.381865,135.319574,大阪府,阪和線(天王寺～和歌山)
8073898a-6aa5-434d-8b90-4ffbc8027c14,新家,34.372405,135.299076,大阪府,阪和線(天王寺～和歌山)
8934392b-4305-4dbb-b00e-a9c1d35322cf,和泉砂川,34.360289,135.281242,大阪府,阪和線(天王寺～和歌山)
9e789bfa-9d5e-456e-a6a4-76606a26fd7a,和泉鳥取,34.342538,135.263238,大阪府,阪和線(天王寺～和歌山)
8332fcc8-6bde-4f93-81c9-ebe4e7305c25,山中渓,34.325534,135.269741,大阪府,阪和線(天王寺～和歌山)
34d5581f-29fb-47ec-8c1e-a72a0aed87ed,紀伊,34.269213,135.246179,和歌山県,阪和線(天王寺～和歌山)
e3cc0530-6d15-44c9-aa60-5408fbe59a92,六十谷,34.26244,135.207116,和歌山県,阪和線(天王寺～和歌山)
8c865a5b-b408-4bd4-a621-0f1cdb1536a6,紀伊中ノ島,34.242894,135.190223,和歌山県,阪和線(天王寺～和歌山)
4097dc76-93e1-4a9d-87d1-b9a5d5fcd4f6,和歌山,34.232436,135.191454,和歌山県,阪和線(天王寺～和歌山)
219f1325-5135-4ce6-b1ac-dac53cf365da,鳳,34.531674,135.458734,大阪府,羽衣線
d011ac1f-ff19-4edf-b77f-5010efd871b0,東羽衣,34.535029,135.442824,大阪府,羽衣線
a68d8447-6cd2-4ff2-9b37-1befbeb3bd75,日根野,34.39075,135.331309,大阪府,JR関西空港線
1519de71-adce-4afb-b030-40951591904e,りんくうタウン,34.410308,135.300117,大阪府,JR関西空港線
a6ec6e21-21a1-4c9b-b755-3aab50fcc530,関西空港,34.436,135.243419,大阪府,JR関西空港線
7011ea8a-000c-467c-b142-965b134d491f,新大阪,34.734136,135.501852,大阪府,JR宝塚線
f1877226-e602-483a-a0bc-744611e89770,大阪,34.702398,135.495188,大阪府,JR宝塚線
212d9922-7b69-485f-8525-4f0ce598bf09,尼崎,34.731791,135.431685,兵庫県,JR宝塚線
d780fd68-c391-45df-8f5e-0c876c76c601,塚口,34.751028,135.424948,兵庫県,JR宝塚線
5930fb46-ba20-4ca9-ab3f-c7a926c02c37,猪名寺,34.764086,135.422598,兵庫県,JR宝塚線
43f62852-7bb8-4e82-a13b-f3cdc41f7f79,伊丹,34.78065,135.421686,兵庫県,JR宝塚線
348d5df7-35b6-4f0c-9de4-7433acfa356c,北伊丹,34.801349,135.419326,兵庫県,JR宝塚線
51865b91-f41b-4d15-8244-452135ce05ca,川西池田,34.824857,135.409901,兵庫県,JR宝塚線
ce61e34b-254b-4970-956d-62bf55ff6bbd,中山寺,34.816627,135.373993,兵庫県,JR宝塚線
10fa4ffa-f20f-41e4-ad34-ff5b9f4629c9,宝塚,34.811562,135.340399,兵庫県,JR宝塚線
804e088f-205f-4e43-8656-c6efda10def3,生瀬,34.819159,135.325058,兵庫県,JR宝塚線
61df3473-6e7e-4e10-bc4f-20c32194e788,西宮名塩,34.827125,135.308871,兵庫県,JR宝塚線
a0b4b98c-87e2-404c-8561-91e216ce0eef,武田尾,34.855316,135.305838,兵庫県,JR宝塚線
0407b463-326c-479d-9e08-2eaba79f9686,道場,34.867303,135.255528,兵庫県,JR宝塚線
b26846fd-da57-4140-8b8b-1d6bb493b34a,三田,34.888787,135.22979,兵庫県,JR宝塚線
5ef292fa-5dcd-44cf-9567-cec0f031bf80,新三田,34.910183,135.20861,兵庫県,JR宝塚線
9447605f-cc61-458c-b95c-adb3427cbb35,広野,34.928424,135.191267,兵庫県,JR宝塚線
caca77f1-62f1-4f70-b270-4ef40f86a9b3,相野,34.947482,135.155998,兵庫県,JR宝塚線
230426a5-2ee1-44cf-82c5-86d670410d97,藍本,34.977041,135.155533,兵庫県,JR宝塚線
40b8b6e5-a578-4690-bf02-2c8453e17b00,草野,34.996887,135.1524,兵庫県,JR宝塚線
0b3a83d8-f678-4212-bde2-4bbb54e1b1f4,古市,35.021932,135.154808,兵庫県,JR宝塚線
e2ca7314-7355-45ad-8fa6-17fc661858d9,南矢代,35.037697,135.174875,兵庫県,JR宝塚線
367bc182-829a-4984-ae17-a021b1fb7014,篠山口,35.056223,135.177452,兵庫県,JR宝塚線
cfa57da4-2a97-4976-a1ba-280379650939,篠山口,35.056223,135.177452,兵庫県,福知山線(篠山口～福知山)
4387606e-910f-4a35-96de-fa29b503ac63,丹波大山,35.072369,135.168533,兵庫県,福知山線(篠山口～福知山)
1b203247-3364-4276-99fe-22848251c958,下滝,35.08791,135.094268,兵庫県,福知山線(篠山口～福知山)
008510ee-d17e-4ba0-b1f0-46e328448407,谷川,35.082724,135.049666,兵庫県,福知山線(篠山口～福知山)
3a29ff22-0298-4f1b-b8b5-6c609d67de66,柏原,35.127206,135.077082,兵庫県,福知山線(篠山口～福知山)
07376b67-c456-4683-9708-16d4ee585210,石生,35.152706,135.063719,兵庫県,福知山線(篠山口～福知山)
2394b158-ca06-4d65-aa96-9873a5f2d121,黒井,35.168549,135.097302,兵庫県,福知山線(篠山口～福知山)
1f884729-c600-47e8-a596-5d0166ecf1cf,市島,35.207868,135.130198,兵庫県,福知山線(篠山口～福知山)
9dc2670e-e6d2-482f-9377-83d04c721976,丹波竹田,35.24373,135.133908,兵庫県,福知山線(篠山口～福知山)
7fe9d6cf-2e65-4fb5-ade3-4666b061d77e,福知山,35.296143,135.118564,京都府,福知山線(篠山口～福知山)
d128451a-db75-43ec-a8ae-905ae5ea20c2,相生,34.818052,134.47341,兵庫県,JR赤穂線
f3808dbb-6b98-448f-8b1d-8549a8bb6022,西相生,34.801303,134.450563,兵庫県,JR赤穂線
18469349-f2a1-4c66-a7bb-bc035b913630,坂越,34.768679,134.417244,兵庫県,JR赤穂線
1bcaa8d4-6795-401e-88c7-19933887707c,播州赤穂,34.756601,134.392976,兵庫県,JR赤穂線
0b42c452-34f6-4566-8945-3fc58bbfafa9,天和,34.749097,134.351418,兵庫県,JR赤穂線
99b53a92-76d6-4aed-969f-27a1a4fc7ad9,備前福河,34.746681,134.331664,兵庫県,JR赤穂線
d8fdb7d0-7e8e-4b46-a2e6-3298c1f1e8f1,寒河,34.746122,134.29778,岡山県,JR赤穂線
e42660d8-f219-462a-8e15-95d3e9f60659,日生,34.735148,134.276485,岡山県,JR赤穂線
1948b71b-a2c9-49b2-a7df-87a4bf89e761,伊里,34.741424,134.224525,岡山県,JR赤穂線
0239324b-7f94-4bd1-9241-3b38816354e6,備前片上,34.748295,134.197006,岡山県,JR赤穂線
8f48c840-1bfb-467d-bbf5-507de97d9523,西片上,34.745193,134.184177,岡山県,JR赤穂線
b87e7874-2323-4dd9-a0ec-771c0383ff1a,伊部,34.738798,134.160554,岡山県,JR赤穂線
c4dd2c79-9be7-4963-9578-608c76820e05,香登,34.727737,134.119542,岡山県,JR赤穂線
0f856de3-5a05-47e1-8d5c-c8790b0867f9,長船,34.699909,134.098828,岡山県,JR赤穂線
61f596ce-0b31-4348-92ed-0d623f63d7cb,邑久,34.668526,134.091027,岡山県,JR赤穂線
8dda73aa-8dcf-4e03-99d7-82f81541a149,大富,34.661429,134.070762,岡山県,JR赤穂線
749a0f89-e9e2-4178-90a3-2d07d10a1738,西大寺,34.661878,134.037037,岡山県,JR赤穂線
849c25df-940c-4ee0-89a5-f6328a42d949,大多羅,34.665661,134.006354,岡山県,JR赤穂線
62487998-bbc3-4827-9704-b855e30eac3a,東岡山,34.685633,133.988103,岡山県,JR赤穂線
b4bdbfab-d05c-4f99-adf3-194d9346615e,高島,34.683074,133.95774,岡山県,JR赤穂線
f45439f3-63df-4b25-b5bc-189df586a6f1,西川原,34.678,133.936555,岡山県,JR赤穂線
7cdffd3a-94b6-40a6-89d7-c0699f0e31a3,岡山,34.666572,133.918552,岡山県,JR赤穂線
de69ba84-a6f2-44d2-87aa-c5a4677c9175,加古川,34.767666,134.839447,兵庫県,JR加古川線
07711fee-9879-46cf-8acf-c23e0e6115e5,日岡,34.778643,134.857153,兵庫県,JR加古川線
28e0b879-c319-4d4e-b684-cdce2cc61a76,神野,34.790922,134.878854,兵庫県,JR加古川線
290a32f5-1688-493b-84e6-0969852f2c12,厄神,34.794623,134.90682,兵庫県,JR加古川線
0ffeb546-3ffb-4d24-90f8-25f69866b326,市場,34.819352,134.932494,兵庫県,JR加古川線
6690ca9d-6f45-4471-b22a-15b5689af562,小野町,34.833601,134.918466,兵庫県,JR加古川線
5cb5d230-d0c6-4965-aa9f-df7d065bd396,粟生,34.856859,134.909509,兵庫県,JR加古川線
2dd71dde-652c-4783-bd9d-4fb1f12e46af,河合西,34.879221,134.919519,兵庫県,JR加古川線
759cc64d-f7f7-4ba7-9c9d-86c47e97e9b7,青野ケ原,34.897297,134.927933,兵庫県,JR加古川線
2f41291b-135d-4b8d-b1a4-9b834875a727,社町,34.920336,134.934507,兵庫県,JR加古川線
a11d0cf5-9d56-43b9-9e89-c6ede4ed7e0d,滝野,34.941034,134.954919,兵庫県,JR加古川線
ebf33aed-6c2c-4665-941d-85f08f31ef5c,滝,34.948812,134.962374,兵庫県,JR加古川線
75d73761-4e0a-43a8-81e7-443b3581af7b,西脇市,34.971702,134.968795,兵庫県,JR加古川線
6452c1f8-da52-43a4-ab67-3f41a623471f,新西脇,34.977907,134.977563,兵庫県,JR加古川線
c68317e0-4492-475f-8f29-a8db57bf3d17,比延,34.988773,134.995733,兵庫県,JR加古川線
a8a3ca9c-069f-40c7-95b6-b2e9cd8e7c64,日本へそ公園,35.002069,134.997633,兵庫県,JR加古川線
9b112eee-a2c9-467f-98d2-6bc8968eadf4,黒田庄,35.022689,134.992522,兵庫県,JR加古川線
6e81b221-a16f-40c3-bb5e-409d284a7fee,本黒田,35.052941,134.99591,兵庫県,JR加古川線
056ba6e1-1a32-4823-8bd6-7788b2bc32ef,船町口,35.06291,135.009342,兵庫県,JR加古川線
87b5e216-5806-4633-bc60-0e82711402a5,久下村,35.075812,135.030557,兵庫県,JR加古川線
71c2fbe3-238d-4c6d-81c2-175f7f8b76e5,谷川,35.082724,135.049666,兵庫県,JR加古川線
771a4658-0e8b-4ccc-8867-cdca2656e7ed,姫路,34.827659,134.690769,兵庫県,JR姫新線(姫路～佐用)
f7f13c5f-59fe-423d-bb1a-99445bb2dc3c,播磨高岡,34.841918,134.658674,兵庫県,JR姫新線(姫路～佐用)
252580cf-ebe4-447c-bf09-f8ab3da65021,余部,34.856483,134.642783,兵庫県,JR姫新線(姫路～佐用)
ff4d4b65-9650-47f9-ab87-3ab9f85ca0fe,太市,34.863998,134.607087,兵庫県,JR姫新線(姫路～佐用)
8229c573-6154-4679-b9a0-218142699dec,本竜野,34.861762,134.555611,兵庫県,JR姫新線(姫路～佐用)
89935ff5-e77f-403e-8cbe-ba780cf9b1bb,東觜崎,34.887629,134.557685,兵庫県,JR姫新線(姫路～佐用)
385aa1a5-7935-448d-aea7-e743551679e4,播磨新宮,34.921442,134.545766,兵庫県,JR姫新線(姫路～佐用)
eb930d06-9d78-4e24-b24b-40c69076f043,千本,34.942508,134.494327,兵庫県,JR姫新線(姫路～佐用)
02bb52bd-7c5d-45d3-9645-12403d6d3792,西栗栖,34.952378,134.470646,兵庫県,JR姫新線(姫路～佐用)
fec73762-76d7-49e7-8dd7-65c74b193091,三日月,34.984846,134.435318,兵庫県,JR姫新線(姫路～佐用)
d3b12c05-e897-4aec-b30b-46ee43307f2d,播磨徳久,34.990473,134.385711,兵庫県,JR姫新線(姫路～佐用)
400ace91-daf5-449d-92a5-2e00dfcba559,佐用,35.003579,134.356538,兵庫県,JR姫新線(姫路～佐用)
450f799a-4f9c-4f02-85ff-e8ac437a1a0d,佐用,35.003579,134.356538,兵庫県,JR姫新線(佐用～新見)
9a08b7f4-ba1b-43fc-99de-96ea0ddae030,上月,34.983425,134.32251,兵庫県,JR姫新線(佐用～新見)
23b68960-2309-41f9-851b-eb846c050f89,美作土居,34.995078,134.25991,岡山県,JR姫新線(佐用～新見)
39cd2baa-bf8b-473e-bacb-f393178d5a04,美作江見,35.013403,134.219754,岡山県,JR姫新線(佐用～新見)
8b9ac708-b3bb-48b3-9ed9-d0f10a5f575a,楢原,35.01974,134.189362,岡山県,JR姫新線(佐用～新見)
fdd5c1ce-b15d-4332-b50e-d877aaf59e49,林野,35.013893,134.151411,岡山県,JR姫新線(佐用～新見)
e293e5bd-03b0-4e94-9c0a-20818d593263,勝間田,35.035882,134.118971,岡山県,JR姫新線(佐用～新見)
74bc08f8-dd94-445b-b7d3-aba4f19b32ae,西勝間田,35.043553,134.089316,岡山県,JR姫新線(佐用～新見)
ee66255a-1710-44c5-8fe3-ed34ad200084,美作大崎,35.045419,134.067298,岡山県,JR姫新線(佐用～新見)
97dbf18e-d349-4282-b9ee-acb3cede1d8d,東津山,35.058676,134.031818,岡山県,JR姫新線(佐用～新見)
4abb5e9f-8b8a-4170-ae5b-ae26b39f95c4,津山,35.054511,134.003477,岡山県,JR姫新線(佐用～新見)
aa4292a6-f725-45a5-bef4-89745e2de27c,院庄,35.059068,133.957617,岡山県,JR姫新線(佐用～新見)
852b8dfe-e97d-482e-ad8c-ee5fc36d999e,美作千代,35.058311,133.906201,岡山県,JR姫新線(佐用～新見)
39ee9d2a-0c53-4d7b-a93f-55b9f5bcd69b,坪井,35.062041,133.877295,岡山県,JR姫新線(佐用～新見)
8265d026-7b36-41ff-8b09-1c5fb31adf6c,美作追分,35.058876,133.820063,岡山県,JR姫新線(佐用～新見)
69b1c228-179c-4249-bac0-31de351e9443,美作落合,35.02318,133.759656,岡山県,JR姫新線(佐用～新見)
aad38ce0-bddf-478c-99ab-f8d13a9aaac9,古見,35.049213,133.760616,岡山県,JR姫新線(佐用～新見)
ad9ea4ae-4b25-4615-8c7b-0b11a76542f0,久世,35.080976,133.745133,岡山県,JR姫新線(佐用～新見)
1d5c7ecd-3847-4d23-b1f7-556fc4fd6bfd,中国勝山,35.080556,133.694735,岡山県,JR姫新線(佐用～新見)
d6443430-dfcb-44c7-a195-05e489d09fbc,月田,35.048195,133.666839,岡山県,JR姫新線(佐用～新見)
72fc7eda-dd2b-4138-ad70-dfe681bba67e,富原,35.054838,133.612494,岡山県,JR姫新線(佐用～新見)
39ce1109-7e9d-433f-8dca-0cee1757b676,刑部,35.076283,133.565981,岡山県,JR姫新線(佐用～新見)
c8e559cf-244e-4551-aad7-3ec08468bfee,丹治部,35.046392,133.553725,岡山県,JR姫新線(佐用～新見)
3c5c5618-bd70-4682-b445-8e235851f39d,岩山,35.02262,133.512674,岡山県,JR姫新線(佐用～新見)
88b4b06f-2a42-4aca-9225-6feaf9260f5d,新見,34.987232,133.45674,岡山県,JR姫新線(佐用～新見)
48e489af-7a78-401a-8003-a88b31cdb2ab,姫路,34.827659,134.690769,兵庫県,JR播但線
d5d0d167-3aba-4e9a-a55a-ac8879323380,京口,34.834672,134.70535,兵庫県,JR播但線
c339b50d-0e4c-4790-b901-9afa97e8cc99,野里,34.856142,134.711251,兵庫県,JR播但線
c907758d-07b6-4bae-ba94-31aa541980fe,砥堀,34.866427,134.724833,兵庫県,JR播但線
06645d5b-0dff-420e-9bde-bbb75766951a,仁豊野,34.885144,134.728315,兵庫県,JR播但線
57a42057-1fc9-4947-a76a-51b689472486,香呂,34.911389,134.735895,兵庫県,JR播但線
898cd6e4-f7b4-4bcb-971b-5ff134864344,溝口,34.927859,134.742347,兵庫県,JR播但線
4c7b054b-9c08-49a9-88b8-ef6c5ab6b8ed,福崎,34.960637,134.750618,兵庫県,JR播但線
9054543a-08f7-4feb-8674-027d6f25295a,甘地,34.98814,134.758525,兵庫県,JR播但線
ee50047a-72b4-4a38-b2c5-1546796656dc,鶴居,35.023742,134.754716,兵庫県,JR播但線
96e682bc-42db-46b6-8fe2-cc738ba9b1b0,新野,35.050278,134.752482,兵庫県,JR播但線
e4ed0434-1141-4052-9865-7a5a454a3489,寺前,35.065462,134.743255,兵庫県,JR播但線
18868c28-47ac-413c-b62e-ff9ae15b7d2d,長谷,35.117029,134.748103,兵庫県,JR播但線
fde9614f-95de-445c-9a1f-ade5f81fdb66,生野,35.163227,134.789259,兵庫県,JR播但線
3a51467e-396a-438d-8564-6fbcec3e43ad,新井,35.236471,134.79508,兵庫県,JR播但線
279463dc-820c-463d-918e-25d95890fde2,青倉,35.26719,134.811789,兵庫県,JR播但線
cdd2059e-6163-4c95-83f1-7d15eb2e23a7,竹田,35.298459,134.835422,兵庫県,JR播但線
31303bd6-66f5-40f4-844e-a0f20846a37e,和田山,35.34141,134.85137,兵庫県,JR播但線
72e7ad37-db1e-4854-8d55-8d90b09f9ee5,王寺,34.597448,135.704005,奈良県,JR和歌山線
eca4c5d6-732b-4c8a-9346-4c450bd8f5d1,畠田,34.578427,135.703874,奈良県,JR和歌山線
bc1c523e-dfc0-4cf4-ba03-3f373725aed4,志都美,34.561515,135.701997,奈良県,JR和歌山線
fd4eee88-a0eb-488f-bfb5-f343c55f455c,香芝,34.543137,135.705767,奈良県,JR和歌山線
acda83cb-1f03-4ea1-8fe0-9307d6cf0a7e,ＪＲ五位堂,34.527667,135.718435,奈良県,JR和歌山線
5c5bedba-29bd-48ad-8df9-ee94d53beecf,高田,34.515916,135.745033,奈良県,JR和歌山線
138433cc-1445-465c-ad82-c041f51866a3,大和新庄,34.488827,135.736001,奈良県,JR和歌山線
8b29405f-9641-4a83-ab5b-edfde44125a9,御所,34.465102,135.733819,奈良県,JR和歌山線
431ed434-2896-48e5-81da-3f5ee93ffeea,玉手,34.458467,135.748479,奈良県,JR和歌山線
0115e2e4-29a0-4188-99b7-3fa75b76c8f0,掖上,34.452393,135.763127,奈良県,JR和歌山線
921f2c8c-7ac5-4f00-8649-784e95ea3208,吉野口,34.420704,135.750343,奈良県,JR和歌山線
ffa0ab4e-3e6a-4c92-9bf9-9e00dae6a771,北宇智,34.381264,135.714722,奈良県,JR和歌山線
a733788d-5ae9-4346-b5a2-61cc92fa45ad,五条,34.355727,135.698679,奈良県,JR和歌山線
3cd9c6a8-9f44-482c-9c3a-1983060add30,大和二見,34.346125,135.684516,奈良県,JR和歌山線
a32c87c4-c1c9-489f-b940-d66da009828e,隅田,34.32811,135.655639,和歌山県,JR和歌山線
13fa17d0-4d40-438f-a41e-ea90bfcda29d,下兵庫,34.322613,135.634741,和歌山県,JR和歌山線
c290013c-f6d6-499e-b081-ec4f514923ce,橋本,34.318158,135.614767,和歌山県,JR和歌山線
9d522244-79c4-4c2a-a9c7-c81f68f62c65,紀伊山田,34.3131,135.584051,和歌山県,JR和歌山線
9493fcb9-1c65-4ad3-92e8-dc6f4811f030,高野口,34.307603,135.556957,和歌山県,JR和歌山線
d6347fdd-bed2-4655-8daf-f4f4376d60d6,中飯降,34.304209,135.532019,和歌山県,JR和歌山線
2cfcefa2-2145-47ef-90c9-0bfe2e91a522,妙寺,34.298607,135.517382,和歌山県,JR和歌山線
8b359c2e-bad9-4e78-86e9-8f638b2c3e00,大谷,34.298548,135.493698,和歌山県,JR和歌山線
18e644fc-999e-4b49-bdea-846fb0697db7,笠田,34.292073,135.479947,和歌山県,JR和歌山線
a8a40ced-a4ae-409e-9a69-277a93b3392b,西笠田,34.280136,135.452551,和歌山県,JR和歌山線
f854ae3b-8cae-4dba-82d5-66e1fb4a2234,名手,34.272883,135.433498,和歌山県,JR和歌山線
5430a8b3-95c8-4fc1-a7f6-8d78382279f1,粉河,34.270717,135.404184,和歌山県,JR和歌山線
2b226470-a902-4c00-a8ea-02d0bb84b70c,紀伊長田,34.268242,135.391536,和歌山県,JR和歌山線
c6223365-5bf8-414b-aeab-c829a18076de,打田,34.265178,135.364224,和歌山県,JR和歌山線
20791791-5d42-4410-a161-9581faf6642c,下井阪,34.262003,135.340256,和歌山県,JR和歌山線
3402e796-5543-422f-a330-6d92132f18c0,岩出,34.254945,135.321272,和歌山県,JR和歌山線
c888e015-a4c3-4d60-8400-3891e301ed8b,船戸,34.248301,135.311171,和歌山県,JR和歌山線
3f94aa5a-a9bd-4a9f-9b6b-efe30cda1394,紀伊小倉,34.246357,135.287346,和歌山県,JR和歌山線
f0340d8e-8dfe-4be6-b70c-8dd082d4efc2,布施屋,34.244481,135.261579,和歌山県,JR和歌山線
75d54dad-56ef-44bf-8ec6-206911156df0,千旦,34.24167,135.245677,和歌山県,JR和歌山線
f6b8d398-2995-48d7-8ab4-1dcacb713ae2,田井ノ瀬,34.242153,135.229492,和歌山県,JR和歌山線
253c174d-49e2-4ad5-8f60-35c768e87544,和歌山,34.232436,135.191454,和歌山県,JR和歌山線
42ee9254-c814-4213-a492-a1d2332c4285,奈良,34.680482,135.818935,奈良県,万葉まほろば線
18d399f9-d30a-4480-94e9-59fdaeaeeb3e,京終,34.670031,135.828446,奈良県,万葉まほろば線
6f2299de-4dd7-4b6c-8b4e-55a1b3bc2aad,帯解,34.643156,135.82621,奈良県,万葉まほろば線
21b37e99-7a33-430e-8012-32d575bc9d93,櫟本,34.621058,135.826329,奈良県,万葉まほろば線
30d61209-9310-4ced-a0d1-a304f7ab8df8,天理,34.60113,135.830283,奈良県,万葉まほろば線
94017575-65c4-4376-afcc-a118e5e2bd52,長柄,34.574252,135.835021,奈良県,万葉まほろば線
32789c65-930c-46ab-b57d-e9412ba29fc0,柳本,34.55926,135.838715,奈良県,万葉まほろば線
b86dfab8-74e7-401c-bd55-21e0ab5fe808,巻向,34.545147,135.840943,奈良県,万葉まほろば線
469c30a6-18f8-40b9-9d93-733daea19ecc,三輪,34.527138,135.848435,奈良県,万葉まほろば線
051983db-2b2e-456f-90c3-f2b51e858c6a,桜井,34.513143,135.846527,奈良県,万葉まほろば線
6f4962e8-c452-457a-b059-3e4f9822f90f,香久山,34.510704,135.825092,奈良県,万葉まほろば線
895d7c6c-7e07-4023-8609-91e8ef430827,畝傍,34.508209,135.794154,奈良県,万葉まほろば線
83814b1b-a44b-482b-ab5f-0b1d681b50d4,金橋,34.509639,135.765401,奈良県,万葉まほろば線
0411491c-d44f-49a2-883b-5c08102b2959,高田,34.515916,135.745033,奈良県,万葉まほろば線
b85f8d89-53aa-4ec1-8df0-ea61251c2c31,新宮,33.725119,135.994099,和歌山県,きのくに線
6a31b5e0-5089-4d77-b750-26e6b78c67be,三輪崎,33.689554,135.984906,和歌山県,きのくに線
15456193-166d-46e2-8fa1-282b4f453310,紀伊佐野,33.679891,135.970447,和歌山県,きのくに線
ed97cd7f-626e-4528-9195-99686b3ab28d,宇久井,33.662751,135.972302,和歌山県,きのくに線
55d1d455-feda-4ce5-bedf-42ea65f90f4a,那智,33.643917,135.936508,和歌山県,きのくに線
2b2aac5d-6526-4ba8-849f-802aee99faa5,紀伊天満,33.636706,135.93457,和歌山県,きのくに線
963bec97-9e78-416d-864d-8b504c9e1ef4,紀伊勝浦,33.628133,135.941811,和歌山県,きのくに線
206dbc5c-c138-4b7e-816f-b7b98ca68ac2,湯川,33.609568,135.92508,和歌山県,きのくに線
f6c5685b-820f-4544-bd39-1dd2619166b8,太地,33.591348,135.927536,和歌山県,きのくに線
596f4c91-7fd7-421d-80af-93a439af43ff,下里,33.582115,135.9221,和歌山県,きのくに線
a537e71b-5488-499a-b335-1189d5c08ef9,紀伊浦神,33.560473,135.893979,和歌山県,きのくに線
79c81617-4d67-4ebe-b956-9309560519be,紀伊田原,33.536504,135.868132,和歌山県,きのくに線
475d6d75-f479-4771-8c54-446b2ec64cd3,古座,33.518449,135.820882,和歌山県,きのくに線
534add91-e27e-4e6c-b977-8194abb5874f,紀伊姫,33.497321,135.796272,和歌山県,きのくに線
a3beebca-d1cd-469c-930f-f2b2188ad4f7,串本,33.47547,135.781546,和歌山県,きのくに線
0be95e64-4c4a-4a31-8fea-1f49b982ce29,紀伊有田,33.490896,135.736277,和歌山県,きのくに線
3af307aa-43e9-488c-887c-04e3c1b770a6,田並,33.488059,135.719107,和歌山県,きのくに線
9169c5b1-d0c2-43e0-a5d8-0d9e5678205b,田子,33.490281,135.677603,和歌山県,きのくに線
75025076-9037-4c7e-9162-f99fcfacfc86,和深,33.501171,135.654969,和歌山県,きのくに線
12b311e2-160c-4696-b07a-9d5d4bf75a36,江住,33.509539,135.603286,和歌山県,きのくに線
cf3f88be-7a14-441b-9648-55bfe3b4d165,見老津,33.515577,135.575611,和歌山県,きのくに線
9f3c5e6c-61f4-45ac-99cc-134fb5f31eb7,周参見,33.546837,135.495784,和歌山県,きのくに線
43f9cd4a-571c-4f33-88f6-fc68ef01a258,紀伊日置,33.58491,135.458122,和歌山県,きのくに線
1f90a98b-9f4e-4096-b307-cfe58fff4173,椿,33.609879,135.403877,和歌山県,きのくに線
d3892455-9a82-4cc9-ab7b-93b08ce91427,紀伊富田,33.652709,135.393261,和歌山県,きのくに線
f9eb6185-e625-4ec1-8e4a-43d06a81fc5f,白浜,33.676259,135.3874,和歌山県,きのくに線
ecbbc6bd-6d13-48bd-b6e0-0b61f85cd67b,朝来,33.696774,135.417581,和歌山県,きのくに線
616d7b4c-ceec-46b9-871a-8bbfa0fd5313,紀伊新庄,33.720993,135.402355,和歌山県,きのくに線
0dfecd30-26d4-4ef3-b0a2-1cff6b0e7819,紀伊田辺,33.733619,135.383581,和歌山県,きのくに線
21fb535f-ea72-4194-b995-788775dc4bf1,芳養,33.747323,135.355334,和歌山県,きのくに線
03247db3-a050-4bc9-b509-bad3e84f7708,南部,33.767597,135.324223,和歌山県,きのくに線
97f556a4-4d18-4485-a8a2-3d48c4ee36ab,岩代,33.780372,135.27948,和歌山県,きのくに線
4dfe1f07-3655-4822-b331-c6dd45469f53,切目,33.796798,135.241072,和歌山県,きのくに線
73539437-55de-4183-8357-3bdd593d9235,印南,33.818592,135.219856,和歌山県,きのくに線
ed4f6f23-7e90-4f39-9159-1cdbca3ed858,稲原,33.852823,135.229774,和歌山県,きのくに線
dcf6ba6a-97ab-4427-859b-40e371ff13d2,和佐,33.896954,135.206709,和歌山県,きのくに線
309bb341-4558-4634-869b-badc1f5fa486,道成寺,33.911118,135.175811,和歌山県,きのくに線
7bc20d93-62f5-4990-a6f8-c696ba5d605c,御坊,33.907842,135.158773,和歌山県,きのくに線
f251ad49-df6d-4994-b9c1-13d12a51f936,紀伊内原,33.92578,135.145177,和歌山県,きのくに線
04c17f8d-da03-4924-8006-a99450b25ad6,紀伊由良,33.969028,135.128303,和歌山県,きのくに線
4e447a5d-10e4-42a2-b1e3-b103d72bff12,広川ビーチ,34.012804,135.163994,和歌山県,きのくに線
4a68fa0f-44eb-40a0-8385-df762c6faec8,湯浅,34.03226,135.179992,和歌山県,きのくに線
72ecc98e-43ba-4e1e-b5db-b3aceb5cfde7,藤並,34.057807,135.197043,和歌山県,きのくに線
be707c4a-9ea2-4c64-94c3-4ae6965710ee,紀伊宮原,34.077928,135.169939,和歌山県,きのくに線
ae92c97b-0c4b-4d6a-9f84-73b8fa890da2,箕島,34.086106,135.124074,和歌山県,きのくに線
0544a848-c275-4234-8eb2-91c10e30ec71,初島,34.100082,135.115525,和歌山県,きのくに線
2455d0a4-cda7-4cd7-9232-b43513fa5613,下津,34.108854,135.145524,和歌山県,きのくに線
0650575d-5fca-4b37-a663-8aa2c0562aa8,加茂郷,34.125794,135.159963,和歌山県,きのくに線
311534f8-407d-4499-b8b8-06fc0d79ea6c,冷水浦,34.141864,135.193361,和歌山県,きのくに線
fde8fb61-67b1-40c2-8afe-4300f928f5f2,海南,34.154536,135.21443,和歌山県,きのくに線
972985c1-ed16-49c6-8657-8587d8fb4142,黒江,34.170584,135.210172,和歌山県,きのくに線
72e09c12-aa39-46a5-ab96-b1791d3b70e8,紀三井寺,34.187714,135.187594,和歌山県,きのくに線
7ddbcecb-0710-4427-b0b8-76ea6c8e4a73,宮前,34.213375,135.188907,和歌山県,きのくに線
0ce0c06e-cc1d-4548-a79a-aabf22b71d75,和歌山,34.232436,135.191454,和歌山県,きのくに線
0bbc7474-0460-4d2d-9da5-c863a1847fe8,和歌山,34.232436,135.191454,和歌山県,紀勢本線(和歌山～和歌山市)
fb3b499d-6c75-4b14-a372-b31ffb20c8e6,紀和,34.241966,135.181451,和歌山県,紀勢本線(和歌山～和歌山市)
45e665f3-c12c-40aa-a50d-9604f15e918a,和歌山市,34.236717,135.166731,和歌山県,紀勢本線(和歌山～和歌山市)
97a1ae89-b6a9-4531-ba68-ba2f72c27225,放出,34.688103,135.563296,大阪府,おおさか東線
75a1f1e3-31fd-4edc-952a-2c9b2e769816,高井田中央,34.678764,135.572362,大阪府,おおさか東線
20cc73f4-4bb2-4969-83ba-1cccf4ed9704,ＪＲ河内永和,34.664717,135.572255,大阪府,おおさか東線
76acf529-6919-4548-95d9-077e9311daac,ＪＲ俊徳道,34.658372,135.572421,大阪府,おおさか東線
5d052735-4cd0-4027-8983-0cddfa6ad599,ＪＲ長瀬,34.649516,135.570168,大阪府,おおさか東線
fc9f248b-7183-4c68-9486-29e814410bce,新加美,34.626861,135.568588,大阪府,おおさか東線
94e75afd-cc82-446d-b1d4-6e919956ae52,久宝寺,34.622558,135.583988,大阪府,おおさか東線
e73e4711-4a45-4fbe-a1b3-05b4c4c92de5,米子,35.42327,133.33657,鳥取県,JR山陰本線(米子～益田)
e13ac8f5-2dce-4e0e-ad40-7f0675866da8,安来,35.427995,133.259279,島根県,JR山陰本線(米子～益田)
bca0c0c0-c445-4b14-b616-7ef8950a23f1,荒島,35.431817,133.207432,島根県,JR山陰本線(米子～益田)
2f62b5a5-f5a2-4516-b5f5-0acda0bd8b48,揖屋,35.428062,133.149334,島根県,JR山陰本線(米子～益田)
89a1d631-27dd-41a3-bfad-a60e3e267ce5,東松江,35.445507,133.128472,島根県,JR山陰本線(米子～益田)
ca860094-9c74-4b93-ae24-ed15b1303bf3,松江,35.463947,133.063871,島根県,JR山陰本線(米子～益田)
9359fb18-123e-4906-b450-fba561448184,乃木,35.44599,133.048665,島根県,JR山陰本線(米子～益田)
7a1cf965-4055-442a-9d71-054d66ff00b8,玉造温泉,35.430891,133.011825,島根県,JR山陰本線(米子～益田)
3197db84-c23a-48e6-b3b1-fdfa255b126e,来待,35.420722,132.951719,島根県,JR山陰本線(米子～益田)
b46ccfa5-f1bb-4bba-a72f-7f123e87f713,宍道,35.406925,132.909224,島根県,JR山陰本線(米子～益田)
b2e8b848-cea7-43e1-b3b5-c01bb0b91ca4,荘原,35.393603,132.868139,島根県,JR山陰本線(米子～益田)
29d0d5e6-28b3-4089-8355-e543d7b2e0ec,直江,35.383754,132.807578,島根県,JR山陰本線(米子～益田)
3d5a9ee4-06f5-46ad-b96d-b5a11b4770fc,出雲市,35.360694,132.756518,島根県,JR山陰本線(米子～益田)
73597458-ecf2-4f45-af89-762e31271c5a,西出雲,35.334871,132.721897,島根県,JR山陰本線(米子～益田)
f433b776-5244-4b0d-92f8-ce097ac81975,出雲神西,35.325116,132.702371,島根県,JR山陰本線(米子～益田)
031fd219-0b9e-4a45-97cd-3906b009087f,江南,35.31522,132.683263,島根県,JR山陰本線(米子～益田)
071d5d7f-b60e-4da8-b175-26d27b44b061,小田,35.28474,132.630215,島根県,JR山陰本線(米子～益田)
c656a0fe-9e82-47fa-b3ad-d01d9c7d40e7,田儀,35.275256,132.590152,島根県,JR山陰本線(米子～益田)
d6829a29-b9a3-48b8-b049-85512919fc3e,波根,35.240137,132.526076,島根県,JR山陰本線(米子～益田)
b58fd0fc-e050-48b7-9a91-3035ef25e1b2,久手,35.22943,132.508178,島根県,JR山陰本線(米子～益田)
e89f86a4-7efb-4410-b30c-32ce4b3c178e,大田市,35.200864,132.499343,島根県,JR山陰本線(米子～益田)
9622770e-0e33-41b5-945a-b76ca0140f96,静間,35.195467,132.468015,島根県,JR山陰本線(米子～益田)
b9067041-c131-4564-8ce0-3f3284651f2d,五十猛,35.192792,132.440938,島根県,JR山陰本線(米子～益田)
c82f2237-e5cc-4a71-a9c4-1f3551eb2910,仁万,35.150972,132.403511,島根県,JR山陰本線(米子～益田)
e02c5560-10fc-471b-9ac1-02f2385caaaf,馬路,35.128011,132.387422,島根県,JR山陰本線(米子～益田)
907a12e2-44aa-4737-ac16-ba174c163263,湯里,35.106568,132.375559,島根県,JR山陰本線(米子～益田)
06bf9f3c-d8e2-4f8f-a476-c38cc58e7f33,温泉津,35.091256,132.350826,島根県,JR山陰本線(米子～益田)
52ba33de-a0dd-4ecc-b917-16a8ce52af35,石見福光,35.076536,132.32885,島根県,JR山陰本線(米子～益田)
fabc9fdd-34bd-49b9-86bc-ed9eaffad60c,黒松,35.056963,132.313388,島根県,JR山陰本線(米子～益田)
e31b72a0-c404-4f6a-9a1f-5b5fcf4b4623,浅利,35.037084,132.274054,島根県,JR山陰本線(米子～益田)
e6e7a88a-7215-43ec-8a28-04d28548210e,江津,35.012801,132.223133,島根県,JR山陰本線(米子～益田)
4870ed34-1d51-4640-b25f-6ccc9aa35885,都野津,34.9896,132.187398,島根県,JR山陰本線(米子～益田)
d92aa3b9-2e09-4411-a49f-a95ba1adc6f6,敬川,34.977826,132.173971,島根県,JR山陰本線(米子～益田)
83c87dff-2722-4536-a0fb-4396727b9c3b,波子,34.964103,132.151287,島根県,JR山陰本線(米子～益田)
1f8e6580-9993-4b61-9296-6f94a737e5b6,久代,34.949568,132.139174,島根県,JR山陰本線(米子～益田)
af46df8a-35e4-4fbb-b0f8-cce27b090ec1,下府,34.927322,132.110541,島根県,JR山陰本線(米子～益田)
90d6fda0-b5de-4af9-b3e4-a2d38e9004ec,浜田,34.902683,132.088588,島根県,JR山陰本線(米子～益田)
6a28af29-80ea-46c4-8ee0-a7a7bf0b3214,西浜田,34.869399,132.050434,島根県,JR山陰本線(米子～益田)
d388e0df-4836-442b-be8f-7fbbf239a09b,周布,34.85812,132.017258,島根県,JR山陰本線(米子～益田)
c77ff1f0-28a1-40da-8ecd-f607b600a98f,折居,34.826336,131.986769,島根県,JR山陰本線(米子～益田)
fb4e4dbd-ec32-4e4f-b470-d6c27be6c8ba,三保三隅,34.795619,131.956055,島根県,JR山陰本線(米子～益田)
691123a0-d972-4319-bd27-a6a9187b2b97,岡見,34.771848,131.912526,島根県,JR山陰本線(米子～益田)
40905290-6bd0-4165-9dd8-9e9d35f7d2b9,鎌手,34.751677,131.878224,島根県,JR山陰本線(米子～益田)
e6dd1be8-c6fb-4858-98a4-22700a81a325,石見津田,34.722685,131.864757,島根県,JR山陰本線(米子～益田)
bcaf9cd5-4573-436d-8a43-a7cdbaf61399,益田,34.678311,131.838932,島根県,JR山陰本線(米子～益田)
165ab344-8762-4d27-8c81-898b27c3f120,益田,34.678311,131.838932,島根県,JR山陰本線(益田～下関)
617294e2-6482-4bf4-9b53-e0cce7963912,戸田小浜,34.673013,131.737783,島根県,JR山陰本線(益田～下関)
78bbac8c-db27-4688-8eee-f1d3a0e43c02,飯浦,34.668791,131.702082,島根県,JR山陰本線(益田～下関)
3a6730d7-eded-4038-bddc-b0a4b5a8542d,江崎,34.638167,131.661977,山口県,JR山陰本線(益田～下関)
c07b6845-4d6a-4d29-aa01-badb47844574,須佐,34.621814,131.6056,山口県,JR山陰本線(益田～下関)
ef1a6567-35fe-4d70-a731-84b97a16ea89,宇田郷,34.57181,131.54871,山口県,JR山陰本線(益田～下関)
440367e2-0331-4756-8301-e0e17fba9231,木与,34.532658,131.50339,山口県,JR山陰本線(益田～下関)
28c52863-91e4-428f-aec8-277906cd4ad9,奈古,34.502938,131.47256,山口県,JR山陰本線(益田～下関)
eb01fdd3-ede1-431f-b332-4bd1277b95fa,長門大井,34.471068,131.449788,山口県,JR山陰本線(益田～下関)
70c82ba5-8633-465c-86f3-0bde261fe9a1,越ケ浜,34.439216,131.422599,山口県,JR山陰本線(益田～下関)
49117d20-8aaa-477f-88dc-5c7814d5c758,東萩,34.417207,131.410334,山口県,JR山陰本線(益田～下関)
041088b8-7176-4dcb-ba9d-2c1057cae9e9,萩,34.393845,131.40121,山口県,JR山陰本線(益田～下関)
b380c67c-229a-4ccd-8969-549d42a099d2,玉江,34.405388,131.379997,山口県,JR山陰本線(益田～下関)
c88f5da2-05aa-4ec0-8e18-9f20fe5df1a1,三見,34.397263,131.330142,山口県,JR山陰本線(益田～下関)
5cec6cb0-2a72-4e90-98e7-c723e5fa312e,飯井,34.379088,131.294847,山口県,JR山陰本線(益田～下関)
a29742a9-ce35-451b-bfed-d84881c606ee,長門三隅,34.366163,131.236483,山口県,JR山陰本線(益田～下関)
32ce25c2-7163-4ca4-809b-7260ddf27850,長門市,34.375417,131.185722,山口県,JR山陰本線(益田～下関)
36e00197-6efd-4047-8afb-d5bc03645190,黄波戸,34.385232,131.139695,山口県,JR山陰本線(益田～下関)
93d324a1-2628-4d5d-9c3d-817864cb3b23,長門古市,34.388461,131.101581,山口県,JR山陰本線(益田～下関)
4a5db3c9-d525-4c2a-965c-068616cc4ab6,人丸,34.374192,131.057361,山口県,JR山陰本線(益田～下関)
10e64384-5311-4e47-9337-d38b9087cb20,伊上,34.370275,131.011351,山口県,JR山陰本線(益田～下関)
3fc12b6e-ee58-45d8-ac4a-a397a2bce1e0,長門粟野,34.357431,130.970175,山口県,JR山陰本線(益田～下関)
a5cda1a7-df5b-4e28-830a-f3a0cf8b8ab2,阿川,34.335721,130.925942,山口県,JR山陰本線(益田～下関)
c1778844-69be-4bfc-92c5-413d891f0c43,特牛,34.305979,130.91887,山口県,JR山陰本線(益田～下関)
8bbf1ad9-05c2-46c7-856f-d77abfe39c9a,滝部,34.283782,130.946497,山口県,JR山陰本線(益田～下関)
ab557113-f5ba-40aa-95eb-1f685645b7b1,長門二見,34.251581,130.914747,山口県,JR山陰本線(益田～下関)
cfa3b2ae-6d51-4062-baeb-fe816e9d53f8,宇賀本郷,34.227303,130.927589,山口県,JR山陰本線(益田～下関)
ee89cf0c-d495-4e5f-aafa-b363e4fe7674,湯玉,34.209249,130.932681,山口県,JR山陰本線(益田～下関)
becd6063-47a6-4edb-8d24-37765d710157,小串,34.170186,130.928326,山口県,JR山陰本線(益田～下関)
8d441524-615e-4961-9009-308497096f65,川棚温泉,34.145914,130.921817,山口県,JR山陰本線(益田～下関)
9f947b0a-436a-4ec2-8afc-ca2662d5acb0,黒井村,34.128066,130.912035,山口県,JR山陰本線(益田～下関)
b527876d-7aab-488f-a23a-9590cfee4045,梅ケ峠,34.101469,130.900253,山口県,JR山陰本線(益田～下関)
92971650-c0c5-4283-9b73-d3b5575d6a51,吉見,34.069987,130.90382,山口県,JR山陰本線(益田～下関)
346bf3dd-cfce-44dc-a52b-8e746e6fc3b6,福江,34.04714,130.915673,山口県,JR山陰本線(益田～下関)
794ec801-4a9b-4a06-afdb-6abb73e4457a,安岡,34.024921,130.916635,山口県,JR山陰本線(益田～下関)
776844ec-fdd3-47f0-911e-76442c088a41,梶栗郷台地,34.012716,130.923766,山口県,JR山陰本線(益田～下関)
808cc3f8-b914-4299-9b8f-d166175dc1f9,綾羅木,34.003932,130.926662,山口県,JR山陰本線(益田～下関)
4ccbb931-9b5c-476f-aecb-10d553b25571,幡生,33.981592,130.92734,山口県,JR山陰本線(益田～下関)
70b2a8dd-cbea-4966-a4bd-14474f2d73c1,下関,33.950306,130.923038,山口県,JR山陰本線(益田～下関)
a62448b4-0a83-4ca4-8351-ec727a22fa72,門司,33.904309,130.933438,福岡県,JR山陰本線(益田～下関)
ce03dbf3-78f9-4ab8-9530-d6dd63c42005,岡山,34.666572,133.918552,岡山県,JR伯備線
89163c06-9b3a-4646-92dd-11d8fbf56e38,北長瀬,34.652995,133.885325,岡山県,JR伯備線
7eec0562-ffcb-4a5a-8b55-7cf26b8c12ad,庭瀬,34.642858,133.854454,岡山県,JR伯備線
88afff62-617a-468d-b66b-91ed7bd25127,中庄,34.626493,133.808225,岡山県,JR伯備線
654e8322-22b9-4f70-9828-e60551a9759a,倉敷,34.601567,133.765473,岡山県,JR伯備線
53cdf0b2-260f-4dd9-b12b-11b792f3adc7,清音,34.643671,133.733461,岡山県,JR伯備線
75672c75-9380-494e-a6cb-6d7c428424b7,総社,34.673534,133.738007,岡山県,JR伯備線
7b43f63e-fd9c-4a4b-8ccb-aabe05383081,豪渓,34.706299,133.722604,岡山県,JR伯備線
04f875e1-09c5-443e-b093-c331849bad02,日羽,34.715716,133.689993,岡山県,JR伯備線
309ed286-ca3e-4e1e-ae58-0621052d6435,美袋,34.719797,133.654388,岡山県,JR伯備線
53968955-9ec8-4d55-aff9-a74721c6c406,備中広瀬,34.758552,133.606464,岡山県,JR伯備線
4d28f6f2-a782-4e8b-a4b8-e1894e75dea8,備中高梁,34.788648,133.616524,岡山県,JR伯備線
b77509cb-0187-4c83-8bb2-341e9910a1aa,木野山,34.825682,133.614374,岡山県,JR伯備線
45535b88-a32e-480a-8c5a-eed83db6c69d,備中川面,34.850129,133.588543,岡山県,JR伯備線
60a14edd-b2a2-4d6e-9619-65ae26dfa26c,方谷,34.876748,133.556457,岡山県,JR伯備線
8a75dd43-1a78-4f54-8831-27eec8299cc1,井倉,34.931724,133.516301,岡山県,JR伯備線
9db71aac-f9d9-45b3-9c7b-2bc569f9711a,石蟹,34.954752,133.479506,岡山県,JR伯備線
771ba715-c17d-418c-8840-00253882b819,新見,34.987232,133.45674,岡山県,JR伯備線
6485cadd-ca61-4c1f-a7b6-663f27a0a837,備中神代,34.994571,133.40079,岡山県,JR伯備線
6d033a00-e366-4be3-b230-8f6a4e355654,足立,35.038908,133.383636,岡山県,JR伯備線
23b95bf8-6d62-415b-8eef-781a7c1d9037,新郷,35.082087,133.367786,岡山県,JR伯備線
4f3effd9-f7c6-405b-ac9a-d87d84b86c8b,上石見,35.112622,133.351273,鳥取県,JR伯備線
4bd2205f-b263-4acf-95f4-ae96cfca61ba,生山,35.171066,133.322054,鳥取県,JR伯備線
dc3de2cb-2fba-4386-b71d-4d6f9991ca0b,上菅,35.193886,133.341813,鳥取県,JR伯備線
b8529ec8-a4a0-4ad5-831b-fef8665ba0a6,黒坂,35.206893,133.383674,鳥取県,JR伯備線
76796113-8bda-4ce9-918e-a350018d31e4,根雨,35.241483,133.442036,鳥取県,JR伯備線
39dcf149-7465-4544-9fbc-6e8b1adfc499,武庫,35.267419,133.476857,鳥取県,JR伯備線
61467e1f-a23d-4529-acaa-3bb0d9ee3912,江尾,35.283043,133.484837,鳥取県,JR伯備線
de9d13d6-0620-4429-8daa-4db6056d862f,伯耆溝口,35.348207,133.435357,鳥取県,JR伯備線
e3727c68-0ff9-49cf-accb-faddb6026f66,岸本,35.387333,133.409475,鳥取県,JR伯備線
eb6eb34a-3418-4c51-8422-00cc0b6eacd1,伯耆大山,35.430142,133.384216,鳥取県,JR伯備線
7442bfb5-7f06-4e0e-ba7e-f65d37f6df5d,東山公園,35.430753,133.351902,鳥取県,JR伯備線
477188b5-03b2-4f87-a5a6-9cfc9aa16324,米子,35.42327,133.33657,鳥取県,JR伯備線
1e08c46c-697c-436f-821d-d9a47e0263fa,鳥取,35.493953,134.225901,鳥取県,JR因美線
7b164d18-33ad-4e07-8a43-75de9badc95f,津ノ井,35.461129,134.248594,鳥取県,JR因美線
0fcbab03-a642-4182-bd54-4fc4bbc34f38,東郡家,35.429036,134.259877,鳥取県,JR因美線
5c01fdea-fba7-4fc5-9066-500a0ce565cd,郡家,35.412824,134.250807,鳥取県,JR因美線
fa89a08c-fc95-41da-9c23-64fc1856ca42,河原,35.397522,134.223098,鳥取県,JR因美線
0abc3ae8-8124-4445-8a33-09ca81046be1,国英,35.373016,134.217702,鳥取県,JR因美線
32454c8d-4393-4c14-9a8e-163c3ec8eb2e,鷹狩,35.354205,134.206304,鳥取県,JR因美線
8dd8b53f-9e87-4021-b445-b5d66540af14,用瀬,35.343492,134.205085,鳥取県,JR因美線
16b90f07-1590-456c-9ea0-5f69ef835266,因幡社,35.312507,134.196673,鳥取県,JR因美線
e3c5e009-8df6-4846-98d2-e8e8aecc5a03,智頭,35.264992,134.22559,鳥取県,JR因美線
743d37dc-b762-4fde-9ac3-e552aef8f3f7,土師,35.232901,134.225627,鳥取県,JR因美線
45eef42a-2b65-41c9-8b0e-2905f090d7f6,那岐,35.213769,134.209968,鳥取県,JR因美線
146b49f8-8a45-45ac-9d84-b8752121727e,美作河井,35.205467,134.107048,岡山県,JR因美線
6137b51c-ecd0-4989-9c74-4e4a57165c28,知和,35.192956,134.077537,岡山県,JR因美線
2a1e129c-b060-495a-afe6-f955cc7c925d,美作加茂,35.169622,134.062239,岡山県,JR因美線
8d9cb28b-cacd-4991-b8de-a0c29ced62bd,三浦,35.141531,134.078069,岡山県,JR因美線
0eaa2b84-16df-436c-9749-57f530c0938d,美作滝尾,35.123611,134.071324,岡山県,JR因美線
7ecea46a-95eb-42cf-9920-aedd8db8938f,高野,35.080505,134.065834,岡山県,JR因美線
fe3c9feb-2b48-42e3-be45-d036f5d83340,東津山,35.058676,134.031818,岡山県,JR因美線
f255bea1-a40f-484a-b7c0-c35ffe973504,津山,35.054511,134.003477,岡山県,JR因美線
8fe31b6f-6391-4e8d-8664-ca8e660758e4,米子,35.42327,133.33657,鳥取県,JR境線
6cd6f0e1-0f22-4961-92f3-13fadae7b5d8,博労町,35.43168,133.339619,鳥取県,JR境線
20981c5f-233b-48f0-846f-ab198128626d,富士見町,35.434602,133.336627,鳥取県,JR境線
06fc1c20-7bb8-4d90-a590-0ba6a9efde43,後藤,35.440026,133.331264,鳥取県,JR境線
e196e674-ba6d-4576-8341-0924fcb6908b,三本松口,35.446159,133.323072,鳥取県,JR境線
ad933b68-37f6-4511-b595-8276f0a41fe5,河崎口,35.45676,133.305407,鳥取県,JR境線
c57be61b-2790-431f-83fc-c3df6fa383d9,弓ケ浜,35.466757,133.288527,鳥取県,JR境線
bafb1e77-18e7-47cc-9992-3f96886fb5f1,和田浜,35.480541,133.265496,鳥取県,JR境線
607f6367-11af-4907-89ab-ec0591505f3a,大篠津町,35.4889,133.255891,鳥取県,JR境線
1ae6050b-f43d-482a-84b3-a339d14d25c6,米子空港,35.502321,133.247372,鳥取県,JR境線
e2fa1b9f-04a6-46fd-87e9-9dfeeead2a58,中浜,35.506165,133.24518,鳥取県,JR境線
c51171e8-8dfd-4d2c-ac78-6830bf68e0e0,高松町,35.515408,133.23985,鳥取県,JR境線
9818e7fa-739a-4924-8e4d-56b36f9a7883,余子,35.521216,133.236464,鳥取県,JR境線
36daff21-576b-46c7-a869-b9d48a384ea6,上道,35.531148,133.230748,鳥取県,JR境線
1226528e-2dd0-4178-be38-eca5468ecab1,馬場崎町,35.538461,133.2265,鳥取県,JR境線
4b939519-da9e-4ed7-8486-3ba707cb86c7,境港,35.545002,133.222762,鳥取県,JR境線
596e7f99-abf6-48ce-882a-0f09ca3a7775,宍道,35.406925,132.909224,島根県,JR木次線
367ab837-f1a9-4c37-ba7c-f7256fe55806,南宍道,35.380075,132.918182,島根県,JR木次線
98c33371-e6cc-46a8-a6e5-72692cfa53d6,加茂中,35.344096,132.910548,島根県,JR木次線
cb50e65e-5c6a-44dd-98e0-5582d7954077,幡屋,35.334879,132.939339,島根県,JR木次線
ce8f3243-3303-427c-a64b-869766836821,出雲大東,35.325597,132.958176,島根県,JR木次線
57d7bc2f-eb28-4bb7-bbbd-411d5ddb1a3d,南大東,35.307981,132.928405,島根県,JR木次線
d191272d-9ac8-49fc-916a-b45aeba54816,木次,35.294669,132.901905,島根県,JR木次線
60765c43-8cb6-413b-842b-6cfc52dc08ef,日登,35.276464,132.931261,島根県,JR木次線
c91bdfd6-c2ab-47b1-8f0a-43b6479ff912,下久野,35.264811,132.991949,島根県,JR木次線
0ac62fe4-b2fc-4d79-97e1-2dae7f4d7a0f,出雲八代,35.22722,133.001448,島根県,JR木次線
d73e14db-4db7-4bab-8bd9-5b3d5c34d9d9,出雲三成,35.196669,133.009786,島根県,JR木次線
b7092c53-23af-46ec-b2dc-f8af05296189,亀嵩,35.206204,133.05279,島根県,JR木次線
7ec3d32d-8b55-46e6-ad08-9ec8b6acbaaf,出雲横田,35.177411,133.092394,島根県,JR木次線
a727235f-7a97-4fe0-a1b6-2785dea4eb02,八川,35.149334,133.089454,島根県,JR木次線
c00999ae-0925-4775-99d8-02557e5871f7,出雲坂根,35.10234,133.12067,島根県,JR木次線
eec699a3-ac37-4244-91f8-18e6c3741a65,三井野原,35.091399,133.116341,島根県,JR木次線
5694f7c9-441a-4c25-98db-43534bb1a0aa,油木,35.044567,133.119273,広島県,JR木次線
6a1b87b7-c3ae-49bc-9235-3462bf2769f1,備後落合,35.001167,133.148296,広島県,JR木次線
1666769f-a076-48e7-951b-3b5c50b0f33d,江津,35.012801,132.223133,島根県,JR三江線
493a2c52-5aca-4a0e-9832-15de3cef474a,江津本町,35.007212,132.230266,島根県,JR三江線
88236832-62f7-493f-9c1a-0a90732d2b93,千金,35.001635,132.249822,島根県,JR三江線
ab8a39b2-8a7a-42e0-b9b9-8f741d68832b,川平,34.996969,132.284411,島根県,JR三江線
48d01b08-5498-43b0-b888-afd8c1275f47,川戸,34.959735,132.333583,島根県,JR三江線
bfeaf2c9-6d47-4300-90eb-908980f8f82d,田津,34.951875,132.384492,島根県,JR三江線
6274386e-2c5e-4474-8d23-97637bd719e8,石見川越,34.950276,132.4154,島根県,JR三江線
816ad9cc-1d6c-4ba8-9469-801351e2af20,鹿賀,34.962967,132.445753,島根県,JR三江線
176c9a16-56da-4104-8d34-7b4dc552e8ea,因原,34.966514,132.473262,島根県,JR三江線
57d722fc-5eee-46a1-81bf-76a6db67c9ce,石見川本,34.99129,132.492624,島根県,JR三江線
2e0720bb-b5c4-4147-b4fb-ad1543e9ccee,木路原,34.997514,132.508325,島根県,JR三江線
bee3bfe6-1fc1-4262-a884-0bea6d5858c4,竹,35.012676,132.529753,島根県,JR三江線
8e426065-a6db-404e-86f3-54c26892096f,乙原,35.026135,132.547479,島根県,JR三江線
4e482275-82aa-424a-9533-a6310e8e6c52,石見簗瀬,35.042339,132.565521,島根県,JR三江線
3f944206-d836-4be3-8e14-da5507bc6219,明塚,35.048799,132.583933,島根県,JR三江線
295dd79a-43fd-4d5a-b308-a87eafa7d100,粕淵,35.072447,132.592926,島根県,JR三江線
e0ca18d7-dd08-4d1e-a9b6-66cb2d9c8043,浜原,35.060043,132.599564,島根県,JR三江線
2674fbd2-21ed-4ab4-93e5-06cb9cfc5ddd,沢谷,35.057894,132.634682,島根県,JR三江線
5ad32d6f-6916-4e3a-9ae7-f5112e2a869f,潮,35.016034,132.632425,島根県,JR三江線
aff4ff50-885b-4c49-b8d3-5aeb98d435ae,石見松原,34.992792,132.615042,島根県,JR三江線
720f3e09-4ffd-4000-867d-b7176e81df17,石見都賀,34.956356,132.642711,島根県,JR三江線
ace6cca7-ae24-4fc9-9fae-1d0d676d402e,宇都井,34.906557,132.629657,島根県,JR三江線
a68577f9-0804-41f6-b9d0-cd131f30f666,伊賀和志,34.895039,132.66094,広島県,JR三江線
417376b6-172c-46a0-924e-e5247bf84c02,口羽,34.884442,132.671234,島根県,JR三江線
90e4e6d5-93e5-4b69-a6ac-1fca01406e40,江平,34.875252,132.702219,島根県,JR三江線
81c21334-f77f-4152-8d6a-de2b85c8595e,作木口,34.86017,132.707061,島根県,JR三江線
f17f3695-5392-46f3-a85d-a622f6d7c7a7,香淀,34.827113,132.71385,広島県,JR三江線
616396cf-4839-4058-bb87-7dc4826a95c2,式敷,34.815809,132.712598,広島県,JR三江線
0a5bbd88-ef58-470c-8635-4732aced06fe,信木,34.812983,132.730502,広島県,JR三江線
8563579d-7501-46eb-8e31-8a43f0f95f72,所木,34.809925,132.75121,広島県,JR三江線
ec7c31ba-008b-4132-8c99-5b811e49ef40,船佐,34.808086,132.766153,広島県,JR三江線
875d5220-8612-417e-bc13-331ad8463ce3,長谷,34.803142,132.788146,広島県,JR三江線
d76dac32-67ba-4237-87f4-0f31305475c6,粟屋,34.810197,132.812892,広島県,JR三江線
6618db81-7aec-42f5-8d6e-29322818a363,尾関山,34.812737,132.8417,広島県,JR三江線
5ae07407-bc7b-45fd-a165-9dad2f493fca,三次,34.802646,132.855976,広島県,JR三江線
5c8a94e0-9482-4c96-a937-d587b07c91ed,新山口,34.093255,131.39657,山口県,JR山口線
9a3d0596-f962-4897-91c3-9b82e50283f3,周防下郷,34.101132,131.401723,山口県,JR山口線
05945636-bd39-48b2-9f20-15fd24d9f00a,上郷,34.116333,131.40179,山口県,JR山口線
21c4fdaf-8731-4691-9ad7-adb6043f96f8,仁保津,34.128821,131.415455,山口県,JR山口線
96c40307-25a6-46ba-a0aa-312637cd4535,大歳,34.147278,131.433091,山口県,JR山口線
d30acb6a-9229-49d9-a228-995083216fb4,矢原,34.150681,131.446229,山口県,JR山口線
cbad3fb6-3db1-4fec-9ae1-ef3aac5ee4a5,湯田温泉,34.159797,131.460093,山口県,JR山口線
2de7d8c7-7f4d-4b21-b38b-940b6e4217ec,山口,34.172737,131.480985,山口県,JR山口線
6a612cae-cc23-442b-b4fb-f02f19eaa7ee,上山口,34.18239,131.484742,山口県,JR山口線
1549cbc5-4f7b-493a-8d35-b6274799310d,宮野,34.191429,131.498735,山口県,JR山口線
16ba8bca-6433-4c0a-8b00-73e42839b39e,仁保,34.216291,131.536264,山口県,JR山口線
cdbf0259-6bc2-4995-8a66-f4ef7433546d,篠目,34.279135,131.562166,山口県,JR山口線
29901c01-4bd1-4ffe-8a74-c55852b45f23,長門峡,34.304532,131.578725,山口県,JR山口線
1f5b0c18-f07a-4bf6-984a-2028839db124,渡川,34.322922,131.604033,山口県,JR山口線
4f12bcc5-86c3-445d-8ec5-6b942bf94607,三谷,34.341568,131.624217,山口県,JR山口線
626f66b0-0ad5-4216-8eae-e1aeb216ab6a,名草,34.353789,131.651203,山口県,JR山口線
7ffa5a96-332b-42ac-afe0-1aa23912fa55,地福,34.362738,131.674229,山口県,JR山口線
c8b00715-77a3-412d-9c00-74b6fd88be73,鍋倉,34.378276,131.694161,山口県,JR山口線
96c5d880-20fa-468e-a1a3-f60a0a163b28,徳佐,34.399618,131.720042,山口県,JR山口線
45242999-364d-4555-811f-904269d822c6,船平山,34.421369,131.734107,山口県,JR山口線
58142fe1-37ed-4ba9-85d9-b9b44cac880a,津和野,34.472529,131.773727,島根県,JR山口線
886547e9-d046-477e-ab42-1189397b8bdd,青野山,34.480962,131.803191,島根県,JR山口線
2b4cb12d-09b4-44d1-8157-26b288fc17ad,日原,34.532494,131.831892,島根県,JR山口線
1a5d90f5-057a-4f21-8a19-9f2f8aedddac,青原,34.560351,131.800633,島根県,JR山口線
547df14b-2280-4f75-ae1b-a03179fc308f,東青原,34.585026,131.79746,島根県,JR山口線
14bf4304-c59f-4d4b-bd9f-36892a91e677,石見横田,34.617965,131.804506,島根県,JR山口線
169169a9-c567-4cbd-8c09-5a8fb93170c7,本俣賀,34.652647,131.826922,島根県,JR山口線
b47b5c8f-3769-4b28-85e7-3fba660e2a8f,益田,34.678311,131.838932,島根県,JR山口線
f3ec2c1c-1a9d-43c4-a7b0-f720c6c7e8f1,岡山,34.666572,133.918552,岡山県,JR宇野線
c5f77fc9-deb0-4876-bee0-607d1d991fa8,大元,34.647571,133.910795,岡山県,JR宇野線
173ac913-b447-450d-998b-05bdccf5cb21,備前西市,34.631448,133.899852,岡山県,JR宇野線
c91cdf90-3ac1-4ded-9ca7-b98667c7e6d7,妹尾,34.608269,133.871246,岡山県,JR宇野線
fd1d4c12-a853-4a25-b2e5-606c6071220c,備中箕島,34.605697,133.850889,岡山県,JR宇野線
f5d26095-486a-415d-9706-05fe1430e483,早島,34.602158,133.833306,岡山県,JR宇野線
6f95093c-df53-4a5b-8a72-c8306beb50c5,久々原,34.592158,133.82796,岡山県,JR宇野線
5a30830f-f23d-4786-95bd-bb53cb01a385,茶屋町,34.57694,133.825906,岡山県,JR宇野線
90ea84da-c302-4027-b58f-c31c6ce31f03,彦崎,34.552035,133.835045,岡山県,JR宇野線
08886fed-2a52-42d3-99f9-600b10d5ea36,備前片岡,34.54381,133.861837,岡山県,JR宇野線
e311ffc6-d5f9-4622-be86-8c1b423552b7,迫川,34.536484,133.879394,岡山県,JR宇野線
ffba497c-09e3-4f76-9ad0-ac42d2be0a68,常山,34.531374,133.893096,岡山県,JR宇野線
091c6104-193a-48f4-9588-00529ef2a8d9,八浜,34.532039,133.919504,岡山県,JR宇野線
6dd3bab3-5892-4b20-be07-dd81c4d5514c,備前田井,34.516027,133.943117,岡山県,JR宇野線
85e270ed-75c7-4a14-a482-58af56622a77,宇野,34.495035,133.953706,岡山県,JR宇野線
adf3b9bd-90c9-4710-b70e-09fa416a7c5a,茶屋町,34.57694,133.825906,岡山県,瀬戸大橋線
1bfe1af6-d44a-42a7-9fd3-8c3362fa4b77,植松,34.551158,133.827979,岡山県,瀬戸大橋線
b84f909f-ef05-451d-b8fe-c84d845bf080,木見,34.52773,133.823785,岡山県,瀬戸大橋線
77c5a5aa-4ea8-4dc6-9b62-3b2aeefbf143,上の町,34.490944,133.815233,岡山県,瀬戸大橋線
76847f22-d150-438e-9ed9-ba1ce0baa16f,児島,34.462817,133.807729,岡山県,瀬戸大橋線
077afc59-85e9-435c-ac87-164812a28363,宇多津,34.306271,133.813686,香川県,瀬戸大橋線
fe03dfc0-7017-418c-95f7-65a066eea017,岡山,34.666572,133.918552,岡山県,JR吉備線
05933872-1e2f-4d4d-b882-6153dd5cd649,備前三門,34.66786,133.900501,岡山県,JR吉備線
0e8c7901-c919-46af-ae71-c0e43de122eb,大安寺,34.662894,133.887711,岡山県,JR吉備線
574b59fe-51a5-4ae3-99e0-b430be59aa41,備前一宮,34.678838,133.864083,岡山県,JR吉備線
c67edb38-8418-44d1-b0d6-c85701aa203c,吉備津,34.674491,133.846201,岡山県,JR吉備線
bd8d7bf2-b98d-4150-8fc2-43bee10fc405,備中高松,34.68649,133.822382,岡山県,JR吉備線
cc733da8-386b-4a27-81fa-7fa119513b46,足守,34.698075,133.802765,岡山県,JR吉備線
ccb41af2-e17b-4d0d-ba84-572bd689f8e8,服部,34.691153,133.775395,岡山県,JR吉備線
0a56d897-44ea-4862-bd52-8b4d07ca93a4,東総社,34.677774,133.751411,岡山県,JR吉備線
91e6130d-a797-4e94-a03d-32ee1c442a6b,総社,34.673534,133.738007,岡山県,JR吉備線
53368aac-2d82-4c40-9721-28a8461b9a52,新見,34.987232,133.45674,岡山県,JR芸備線
b5b58b69-b8ce-4f87-917d-dbf2fb1765f6,布原,34.988086,133.422293,岡山県,JR芸備線
87e6b70f-022b-4c52-89d6-7308db3f1ff3,備中神代,34.994571,133.40079,岡山県,JR芸備線
e8bbf9ed-b7c0-47a6-8104-4be94ff4aed2,坂根,34.972957,133.37079,岡山県,JR芸備線
2698c1a7-4d9d-4e70-b472-3fbffd546234,市岡,34.966232,133.346948,岡山県,JR芸備線
356cc2f5-4abf-46ed-b432-2d52b6caf747,矢神,34.943413,133.332797,岡山県,JR芸備線
a9504c8d-d740-4147-a8d3-82877a7c53e7,野馳,34.915046,133.316833,岡山県,JR芸備線
a74acbf4-5a22-4071-808c-398fd7328aa5,東城,34.901802,133.273687,広島県,JR芸備線
018703d8-4d59-4a5f-ab8a-6221318d6d8e,備後八幡,34.938192,133.232086,広島県,JR芸備線
81ba5ecd-358d-4c0f-8e2c-b851785e3469,内名,34.964959,133.231937,広島県,JR芸備線
1f1432b9-8d30-4767-9ac8-4c2b8e95453d,小奴可,34.994552,133.211211,広島県,JR芸備線
5a97f1b9-4358-448a-a863-9317e7221763,道後山,35.010894,133.178269,広島県,JR芸備線
c0430aa9-5ae0-4f8f-a3e4-d3ac1aa10c74,備後落合,35.001167,133.148296,広島県,JR芸備線
49457411-d293-4605-8d55-67081bb20d78,比婆山,34.966298,133.123236,広島県,JR芸備線
f2c87472-aeb1-48d7-9305-dd19f7b5a2c2,備後西城,34.940345,133.119729,広島県,JR芸備線
5e37c482-6c8a-43e2-9458-f3608a2a0f34,平子,34.912879,133.100154,広島県,JR芸備線
9d4181d5-4ffe-4437-b989-9143ca102852,高,34.87778,133.070603,広島県,JR芸備線
cbb835ee-b24f-4c81-beef-8b394ad9d602,備後庄原,34.862317,133.016105,広島県,JR芸備線
d3fb377f-0fed-49e4-adbb-37acaf52dc83,備後三日市,34.85507,132.998269,広島県,JR芸備線
39b58844-7c4e-406e-ba50-7cfbc2f16856,七塚,34.844391,132.98584,広島県,JR芸備線
8d2dafaa-045f-408b-8c6e-ee1273374227,山ノ内,34.829608,132.957671,広島県,JR芸備線
45f31c63-5e9d-4feb-9c8a-9d594f882178,下和知,34.797668,132.925336,広島県,JR芸備線
d1d77769-ab73-43a5-a4dc-5969832d1b13,塩町,34.774265,132.913863,広島県,JR芸備線
4cf458b0-a7f0-462c-b0c2-bd67ed35bda2,神杉,34.780725,132.902747,広島県,JR芸備線
39d18125-a576-4b6b-bc47-eb8953d663a8,八次,34.802244,132.878805,広島県,JR芸備線
5992796e-d824-49ad-abb7-b094bc560113,三次,34.802646,132.855976,広島県,JR芸備線
4bcf812a-195d-485c-a206-41829d7e9fd7,西三次,34.798524,132.840961,広島県,JR芸備線
4af0e06f-1eef-4f37-9735-d81c329b6ea5,志和地,34.740475,132.80392,広島県,JR芸備線
5b44f585-c8c9-4c60-bfff-ac07c7dcc243,上川立,34.725373,132.784873,広島県,JR芸備線
936782f8-96f3-47b3-93c5-339458012df2,甲立,34.692611,132.759991,広島県,JR芸備線
5bae8682-1ee4-4481-9b11-9b1623c20e58,吉田口,34.664106,132.745832,広島県,JR芸備線
0c3213bc-a631-4e13-b3a5-a894c7498021,向原,34.615215,132.719883,広島県,JR芸備線
e6f86304-0f8d-4efa-9138-2a01ff20bf67,井原市,34.585013,132.675569,広島県,JR芸備線
d939f194-fd77-4166-b79f-1622880f77bb,志和口,34.554333,132.658205,広島県,JR芸備線
aa3e2bd8-85e6-4261-8134-329244c3e0b4,上三田,34.538646,132.64389,広島県,JR芸備線
4c31eaf9-7721-4659-b57a-0a4e3842ad04,中三田,34.513604,132.609329,広島県,JR芸備線
56069322-91bf-4628-979a-29171e3db04c,白木山,34.500563,132.587867,広島県,JR芸備線
6d217b21-7b8b-4ed9-b49c-5f1ae2872a14,狩留家,34.486614,132.579007,広島県,JR芸備線
827690a0-2386-4d1b-9dfd-ed0ade604c51,上深川,34.47591,132.562619,広島県,JR芸備線
9b466493-f5eb-4661-a681-467d7b2b59ea,中深川,34.481076,132.533971,広島県,JR芸備線
d6f4585b-e44a-47cd-9632-c0367c35a1af,下深川,34.488683,132.524702,広島県,JR芸備線
110e4fa9-c3d5-420c-a11e-fe73a12783f6,玖村,34.482039,132.507898,広島県,JR芸備線
5bcd439c-6d99-4bfc-8f3b-8d80d04d7d84,安芸矢口,34.463579,132.495094,広島県,JR芸備線
b3c96861-91c6-4cc3-bc85-a3ad3dcdfa5a,戸坂,34.438193,132.491246,広島県,JR芸備線
ecfb520d-186f-4e41-b20d-1d247d631090,矢賀,34.399319,132.497769,広島県,JR芸備線
7a72bdc7-ae59-4039-91c8-c440bbdc0630,広島,34.397446,132.475593,広島県,JR芸備線
511b31f6-25ea-48d5-83a3-e7f88410e928,津山,35.054511,134.003477,岡山県,JR津山線
ff1cbef9-0aec-4f18-9640-28b8d255f275,津山口,35.054569,133.982879,岡山県,JR津山線
24a7ddf9-fc55-43a0-929b-ac2ec6015f8d,佐良山,35.032024,133.960748,岡山県,JR津山線
d5c8e84e-83b5-4b99-a6fb-b51b5203715b,亀甲,34.998542,133.959188,岡山県,JR津山線
4b43cb9b-3678-415b-aed3-a289aa798e00,小原,34.968234,133.962033,岡山県,JR津山線
9463aa7c-fb63-4336-8578-f30252451220,誕生寺,34.951768,133.959375,岡山県,JR津山線
d5133529-a029-475c-8fd2-361cf8e9db21,弓削,34.925457,133.957849,岡山県,JR津山線
4b8db8ba-fbcd-4a4d-a1d3-98219120485d,神目,34.896201,133.935142,岡山県,JR津山線
50a5d938-14e0-4688-9acd-c96397eed858,福渡,34.870256,133.904037,岡山県,JR津山線
901765a5-3590-4044-b160-a8747e94c48a,建部,34.842285,133.899187,岡山県,JR津山線
a219ea81-3c9f-429a-b083-93e95714088b,金川,34.792029,133.933724,岡山県,JR津山線
e6060c95-07d5-4b30-be75-c8639e2abd18,野々口,34.771104,133.932603,岡山県,JR津山線
d875feec-a151-4553-84e4-283bc621ab69,牧山,34.741221,133.960424,岡山県,JR津山線
4784d768-3e25-4d86-8258-4e4e3e551c59,玉柏,34.716965,133.964472,岡山県,JR津山線
4d432a27-8015-423e-92c3-be60f39344ce,備前原,34.704965,133.944929,岡山県,JR津山線
4445136d-037d-44aa-9a8e-0276083fe412,法界院,34.684851,133.927547,岡山県,JR津山線
aac1eac4-ce4a-4e93-ac43-eb7da5443601,岡山,34.666572,133.918552,岡山県,JR津山線
1d967a8f-731d-44e4-b4e1-59265a2441bb,糸崎,34.392429,133.104317,広島県,JR呉線
14846da8-98f7-49bd-a533-0f0f2f0d0833,三原,34.400486,133.083049,広島県,JR呉線
fd215503-b394-4624-8514-279d0175a9ea,須波,34.370061,133.083724,広島県,JR呉線
4349617f-e087-489a-8c4f-82919724b96c,安芸幸崎,34.338165,133.040096,広島県,JR呉線
b5067f20-58a3-4972-910a-e595db5b098c,忠海,34.33689,132.991289,広島県,JR呉線
78e92168-f8bb-49bd-8ecb-762f686f1704,安芸長浜,34.337804,132.962681,広島県,JR呉線
3013fd7d-34e9-495b-b670-ed1972cd2441,大乗,34.340656,132.945311,広島県,JR呉線
99f3e157-8c4b-4cb5-a3b5-6a8d395e341c,竹原,34.33945,132.909705,広島県,JR呉線
a08f3002-209e-4f9a-92e8-29ea90892258,吉名,34.320616,132.86576,広島県,JR呉線
06c016c7-9834-4d14-89fb-8a3fdee07e6f,安芸津,34.318227,132.817838,広島県,JR呉線
42338c08-5336-40cd-a705-befec94ae695,風早,34.303234,132.795789,広島県,JR呉線
576ec7a4-f567-43bc-8238-d6c2af566e05,安浦,34.284013,132.744067,広島県,JR呉線
a6ab8fbb-9953-4ddc-8d4c-e6bb306d92fe,安登,34.254396,132.722741,広島県,JR呉線
ef89b1f9-d1f1-4d50-be3d-345d90fed8e9,安芸川尻,34.232854,132.691672,広島県,JR呉線
d95841c0-1d0e-45d9-b3d1-fdeb28b685e1,仁方,34.221784,132.655406,広島県,JR呉線
ca2eb068-5ea4-49c4-a3c0-cbb7ad4da40a,広,34.228613,132.628417,広島県,JR呉線
78f625da-8dae-45c5-ad18-c58b0b5e33bd,新広,34.23206,132.614557,広島県,JR呉線
d424761e-7873-426c-a05b-db75c3eb1e03,安芸阿賀,34.235843,132.599788,広島県,JR呉線
21dfa192-5ea3-41f6-aa62-8fde6be254ba,呉,34.244652,132.557578,広島県,JR呉線
92fc351f-1c94-4ae0-b408-89c65597a437,川原石,34.248817,132.541143,広島県,JR呉線
db3bc2ae-6d2c-4c5f-9403-58bec442d091,吉浦,34.257947,132.527189,広島県,JR呉線
e87fdcbc-ec76-4408-9c09-98f41f87c0bb,かるが浜,34.263885,132.517523,広島県,JR呉線
7bb0c586-9b90-413c-9b6e-ab1fdcf5f973,天応,34.282238,132.519617,広島県,JR呉線
a6cefde2-2bbe-4ead-923b-7b505062cb0b,呉ポートピア,34.29192,132.512951,広島県,JR呉線
bfeb90cd-e926-481e-ae01-4fdf4fac00ae,小屋浦,34.302363,132.506446,広島県,JR呉線
6af80f5a-2190-46cd-b503-5242b953a64c,水尻,34.319433,132.498763,広島県,JR呉線
f69bfa03-3c39-4076-b061-bf5711061b9b,坂,34.338635,132.510736,広島県,JR呉線
6f4a6056-b22c-4d56-9f29-4a158cf3574d,矢野,34.352081,132.531931,広島県,JR呉線
2f2f4b2c-463f-4001-9469-b84f2a82e6e5,海田市,34.372089,132.530542,広島県,JR呉線
b6251a2b-e861-46f3-b268-6ab748e1d561,向洋,34.376636,132.506191,広島県,JR呉線
7081921b-9d5b-42dd-966f-dbbdc5dd21d9,天神川,34.389959,132.498311,広島県,JR呉線
581e8cc4-0013-4326-b0fd-c2f8410340fd,広島,34.397446,132.475593,広島県,JR呉線
8321e2d3-4a13-40a8-938b-30e1031d378b,広島,34.397446,132.475593,広島県,JR可部線
d1eb493c-91fd-4f43-b42a-cb240ed023f3,横川,34.410173,132.45045,広島県,JR可部線
ce2a948a-bdf1-4032-9d49-74211d583510,三滝,34.417278,132.447397,広島県,JR可部線
b636b4b1-d322-43ff-bcf7-4dde19c5df46,安芸長束,34.428382,132.456063,広島県,JR可部線
8f2c2634-d62f-40fa-96c8-81dd1094fb38,下祇園,34.439354,132.462328,広島県,JR可部線
3bd0173b-8529-4c71-a557-872ad26d9a6d,古市橋,34.450516,132.468089,広島県,JR可部線
9fb71fb9-d2f4-4213-8db1-1fce4c68435d,大町,34.461136,132.470655,広島県,JR可部線
d2c0f682-0a79-4858-a1a6-d842ead6d6eb,緑井,34.467459,132.475851,広島県,JR可部線
8f3b2c35-cd73-4626-b617-3a76ee5bd518,七軒茶屋,34.472609,132.481156,広島県,JR可部線
3c4f6a9d-a2ac-4705-b385-7b6405dda1ed,梅林,34.480877,132.494166,広島県,JR可部線
42f6a481-3474-477d-ab90-7eb7f8810a87,上八木,34.489805,132.506037,広島県,JR可部線
9f6979ef-5301-42a2-aa9a-9f754831f694,中島,34.500351,132.513075,広島県,JR可部線
9566b8d5-ba88-40e0-a365-d576807fc849,可部,34.512066,132.51073,広島県,JR可部線
da95e884-2470-47a0-bf6c-205048de4b32,福山,34.489291,133.361429,広島県,JR福塩線
be06e113-3be0-4dfb-8b69-de16bf32a845,備後本庄,34.493312,133.345083,広島県,JR福塩線
d2fd85bf-1d94-432c-aa9c-88e3c9b0e20a,横尾,34.52139,133.363484,広島県,JR福塩線
26d69c67-84c1-4de2-ad39-6ea3627ebfce,神辺,34.537131,133.378747,広島県,JR福塩線
da4094d2-e377-4f8e-8b52-5578ffc3511e,湯田村,34.551918,133.371294,広島県,JR福塩線
ed026ee3-d806-43b8-97d9-a9bd9464d6f4,道上,34.553503,133.361398,広島県,JR福塩線
a425d130-cf94-4e38-84fd-8815f7f477d0,万能倉,34.551092,133.338516,広島県,JR福塩線
fdfc8071-7ee0-48a7-aea8-bf92fb9a86e5,駅家,34.549079,133.3259,広島県,JR福塩線
1aca21b7-add5-4ef8-a6b6-1503cd787c7f,近田,34.54627,133.31096,広島県,JR福塩線
29c33882-7f4c-4bfb-b643-5bb1112f0478,戸手,34.546478,133.300613,広島県,JR福塩線
d1b221b2-751f-4fd6-9226-1228effc81b3,上戸手,34.5515,133.282137,広島県,JR福塩線
050fa367-9fd2-4f9c-b2fe-b7915fde0567,新市,34.554429,133.269483,広島県,JR福塩線
a471b08c-f6ba-4624-959b-31f9353f5c99,高木,34.562987,133.253231,広島県,JR福塩線
e6dcc9c4-2bbe-4b53-811a-a2b6ec629f0c,鵜飼,34.567905,133.244462,広島県,JR福塩線
58edcb19-4982-4667-89a5-70fab171a071,府中,34.571646,133.236021,広島県,JR福塩線
6f0a9f55-6b02-47fb-8ae7-a8d3660725ca,下川辺,34.554311,133.205282,広島県,JR福塩線
94673141-3a67-4524-ab24-1e21cc78b5ff,中畑,34.582311,133.193301,広島県,JR福塩線
8836b483-9791-4a01-9c0d-8158f1885453,河佐,34.589929,133.16669,広島県,JR福塩線
93571c26-8242-4611-a15a-b6354f0f7692,備後三川,34.630201,133.110118,広島県,JR福塩線
621a2577-a999-4e33-872f-9dd73d98d6c4,備後矢野,34.664316,133.125736,広島県,JR福塩線
61faf54b-8491-4455-bac1-a0c1f924804d,上下,34.694932,133.117625,広島県,JR福塩線
dbaf32c6-5a6a-45a8-b1c0-f96b55f4af7e,甲奴,34.703642,133.081331,広島県,JR福塩線
927bb9ff-5d54-408e-9214-1e4c089bf3ff,梶田,34.711037,133.058919,広島県,JR福塩線
dac331c9-5467-4357-a1e6-4b555aafe5c9,備後安田,34.741075,133.033978,広島県,JR福塩線
96964233-cb77-4a42-aa9f-1b90cf69bac3,吉舎,34.727641,132.990771,広島県,JR福塩線
68bf2723-0fec-4b52-8610-f1b6db7ef77e,三良坂,34.766186,132.957578,広島県,JR福塩線
2bc7b963-ae5f-4b6b-9a27-3814361d6886,塩町,34.774265,132.913863,広島県,JR福塩線
1f5bbebb-f049-43ae-aa3d-2cba7b45f474,神杉,34.780725,132.902747,広島県,JR福塩線
0347834d-49c0-48b6-989f-c028f4cdcc57,八次,34.802244,132.878805,広島県,JR福塩線
fcd354c5-6af7-4d89-b11c-f33ce4cab15a,三次,34.802646,132.855976,広島県,JR福塩線
adf76bdf-1e62-4928-9ba0-e26201ff1877,新山口,34.093255,131.39657,山口県,JR宇部線
3af6f139-07a1-40f6-ba98-13e7ab84d5fa,上嘉川,34.073407,131.378726,山口県,JR宇部線
8853a5d1-f301-4c41-adac-24012d23f3fa,深溝,34.04699,131.371313,山口県,JR宇部線
1cb83996-e6da-4361-ae34-672a629db937,周防佐山,34.034919,131.363667,山口県,JR宇部線
76b0567d-0436-41e6-9048-bb33e0114310,岩倉,34.02337,131.360009,山口県,JR宇部線
8bb192ac-90b3-4eb3-b436-b7f6a684fd2b,阿知須,34.010535,131.356665,山口県,JR宇部線
a38a22f1-dfb7-448b-b8d2-3dba31dae68d,岐波,33.989654,131.347864,山口県,JR宇部線
83e158be-04a0-4791-ab7b-4e03e6f50bd4,丸尾,33.970255,131.336718,山口県,JR宇部線
928a22d7-7205-4e3a-ae10-2658d77a96a8,床波,33.952851,131.305457,山口県,JR宇部線
a151ab68-f9ed-48ac-884f-30bd295362fe,常盤,33.940907,131.292636,山口県,JR宇部線
1d8812a4-9a41-4e73-8c51-1c0cf996169e,草江,33.936602,131.274304,山口県,JR宇部線
22e3e221-6ac0-4be9-afd2-d548a68efe05,宇部岬,33.934672,131.262102,山口県,JR宇部線
1590065b-0c4d-46d5-8f9d-140b76012036,東新川,33.94839,131.25691,山口県,JR宇部線
f8cb7d78-fbaf-44c8-a857-5b6fcb15ff14,琴芝,33.952698,131.252244,山口県,JR宇部線
75c9b145-cdad-4e05-b49d-ea0f727f54c0,宇部新川,33.958369,131.242441,山口県,JR宇部線
8260100e-3a21-4edc-9361-5c83d89c4793,居能,33.96706,131.228161,山口県,JR宇部線
bbb8aa3c-867a-41a2-bde0-3b948ea30222,岩鼻,33.978608,131.225406,山口県,JR宇部線
8f759f1a-4c12-4be6-a3e0-4807d4c03b68,宇部,34.003017,131.221691,山口県,JR宇部線
3b6b11b8-d234-4b3f-b99e-e6ad462dbcd8,厚狭,34.053361,131.159965,山口県,JR美祢線
afa8c09a-47b0-4d21-b998-57eb54790f53,湯ノ峠,34.085649,131.172601,山口県,JR美祢線
8ff04857-de32-4297-a8a3-67db58848ba0,厚保,34.113929,131.154691,山口県,JR美祢線
68fc55da-f19e-4296-9aff-6886f4643875,四郎ケ原,34.137596,131.161162,山口県,JR美祢線
399a778b-51dc-44e7-9029-3f7a04b32d83,南大嶺,34.161483,131.185299,山口県,JR美祢線
7e92e5cf-35f9-4740-8e12-984355a9a262,美祢,34.169077,131.203981,山口県,JR美祢線
df58356f-a8f4-4cc7-a4d4-cb5b4568bfda,重安,34.194339,131.2087,山口県,JR美祢線
36159db7-3377-4b6f-8478-f1b102c9a332,於福,34.236421,131.20794,山口県,JR美祢線
1ec173e5-e683-40c3-94db-6094d4256f94,渋木,34.311679,131.196663,山口県,JR美祢線
e74c8c75-1b43-4f7a-bb0b-e56e5cd795d1,長門湯本,34.334435,131.172422,山口県,JR美祢線
12ee5fdc-08f3-4fab-9e44-3e079aec9e89,板持,34.353341,131.176666,山口県,JR美祢線
ca7eefae-2c4e-4c30-9fec-942cbabf30c4,長門市,34.375417,131.185722,山口県,JR美祢線
5173a52c-b64f-4a3e-a6bd-86ef463266cf,仙崎,34.387841,131.198904,山口県,JR美祢線
8c6780ab-23ea-4f02-9ca5-61cca6aa716f,宇部新川,33.958369,131.242441,山口県,JR小野田線
729464f1-8758-44d8-808b-aacf66788153,居能,33.96706,131.228161,山口県,JR小野田線
d7952c4f-5d39-402e-be84-2e0d38d277d4,妻崎,33.970359,131.20278,山口県,JR小野田線
76433f95-cc96-496c-af28-b25ef5becad4,長門長沢,33.966562,131.196786,山口県,JR小野田線
3517e9ef-e62c-464b-960f-a49a49b50090,雀田,33.960743,131.186951,山口県,JR小野田線
dc6e1078-2dd8-4655-a684-c947ccef6c86,小野田港,33.972,131.175146,山口県,JR小野田線
a20d6814-74e8-45f7-92a3-f9c9371e5e62,南小野田,33.97743,131.174949,山口県,JR小野田線
051c93d9-33e3-4d4c-9c7b-1fef6794829e,南中川,33.986973,131.17887,山口県,JR小野田線
8098e3e1-d9a6-409f-a047-880e67fd9a1d,目出,33.996595,131.183334,山口県,JR小野田線
071189ca-7349-4b94-a140-ae73eb795828,小野田,34.007877,131.185605,山口県,JR小野田線
c761a8f8-d210-4c3d-841b-a00355571d5a,浜河内,33.950529,131.179518,山口県,JR小野田線
ff82c4be-fd45-487a-b360-a549cc7ca515,長門本山,33.942755,131.173213,山口県,JR小野田線
fde893e2-ea3c-4ae9-aa6c-9bdd9b6405f7,岩国,34.171828,132.225631,山口県,JR岩徳線
6faef5e2-fc2c-451c-ad99-b82d00a07175,西岩国,34.16302,132.195786,山口県,JR岩徳線
ce7dd7d7-47ce-4d42-a4c7-b1f582d82ff5,川西,34.156612,132.177321,山口県,JR岩徳線
eaba5723-d725-44d0-992d-5435076dc3af,柱野,34.143874,132.154599,山口県,JR岩徳線
80c42471-dfa9-4f3b-b27d-6d49031a746c,欽明路,34.1044,132.101813,山口県,JR岩徳線
e5b404e8-4121-467f-b52f-d5c753bd69da,玖珂,34.097195,132.081951,山口県,JR岩徳線
b98934fc-950a-4ef4-96d8-3decb9a60626,周防高森,34.090701,132.045564,山口県,JR岩徳線
b88e88a7-f67e-4592-8ebc-a13a20fb3408,米川,34.074521,132.014745,山口県,JR岩徳線
023ed7a1-4d50-4d6c-9ff6-ebab3b56218f,高水,34.055395,131.973069,山口県,JR岩徳線
680cf071-f337-41db-a8f5-012b35a3e815,勝間,34.042008,131.953979,山口県,JR岩徳線
61f42ed8-e617-45c2-bd2f-de7caa10cac7,大河内,34.03098,131.934175,山口県,JR岩徳線
e459a501-f91e-4900-912c-c8198413a6ad,周防久保,34.029211,131.919248,山口県,JR岩徳線
913fa166-dbcb-4410-afe9-02a8a68dec1e,生野屋,34.035445,131.887359,山口県,JR岩徳線
1ed4529e-ef8e-4ea1-9cc5-cbbe10406c96,周防花岡,34.035922,131.867328,山口県,JR岩徳線
76d214fd-a038-405e-961c-67d74a7bbea0,櫛ケ浜,34.031002,131.829079,山口県,JR岩徳線
f107f2e3-d838-4a8d-81a9-dd61b193e4bb,徳山,34.051555,131.8029,山口県,JR岩徳線
2e29f68e-7cab-49cd-a94b-fe2fd8e23b3a,多度津,34.271238,133.757235,香川県,JR土讃線
bb980716-b8a1-4006-8c45-b02cd2b88559,金蔵寺,34.248152,133.777486,香川県,JR土讃線
010dfffa-c443-45f6-ac34-2b3a4ffea919,善通寺,34.230021,133.789235,香川県,JR土讃線
72dd349e-0796-4f7c-be73-3aec34bf2197,琴平,34.192106,133.8213,香川県,JR土讃線
23cabd9c-4ebd-4f40-89e6-d84aaff7f738,塩入,34.156089,133.849938,香川県,JR土讃線
8f17dc7d-8dca-4b58-af1d-cc5da71c88ae,黒川,34.133145,133.82011,香川県,JR土讃線
d5bd0514-c716-4a09-b66c-d65cc7e8e539,讃岐財田,34.117463,133.814781,香川県,JR土讃線
2f76f834-ecb2-4aff-ac92-fcc96ce2c433,坪尻,34.053932,133.823816,徳島県,JR土讃線
b6d3d144-951e-4f7c-93e6-4f6ed0a2d75a,箸蔵,34.040318,133.848495,徳島県,JR土讃線
0fb8c59f-e720-4999-a599-8df1cfafe52b,佃,34.032439,133.857677,徳島県,JR土讃線
981f7ecd-eb68-4077-97a9-70e49c9932ed,阿波池田,34.026891,133.804669,徳島県,JR土讃線
dc34f5d5-b818-41f6-8c66-c3d77bc65d67,三縄,34.006854,133.7874,徳島県,JR土讃線
78857e49-5918-4bdb-9b3b-ef3b2d57bdb5,祖谷口,33.972692,133.780423,徳島県,JR土讃線
55c723c1-ec59-469c-8753-cd9496d097ba,阿波川口,33.963649,133.754634,徳島県,JR土讃線
beceac8f-6645-4126-9247-dbf2c5a6becc,小歩危,33.923352,133.758767,徳島県,JR土讃線
7576cc04-13d7-4e73-9e99-2bb7135e8557,大歩危,33.8765,133.767348,徳島県,JR土讃線
038d4133-99d1-4248-9f44-ef6d1c51d16f,土佐岩原,33.822582,133.788154,高知県,JR土讃線
c8766765-7ed9-46e6-bb3a-32444caa4a3a,豊永,33.796788,133.759638,高知県,JR土讃線
3bb554b1-2762-41fa-9891-330a56ab743f,大田口,33.785539,133.726552,高知県,JR土讃線
cd7f7c5a-50ab-4285-bf72-0c992efee3a8,土佐穴内,33.779192,133.696126,高知県,JR土讃線
29face33-f693-4d53-94f8-0d380e1112fb,大杉,33.761091,133.66445,高知県,JR土讃線
e2b36a5d-675b-4808-b373-aaca6f118c3d,土佐北川,33.714792,133.686312,高知県,JR土讃線
7fea159a-b336-4c7e-b661-daddf909fb22,角茂谷,33.695689,133.692528,高知県,JR土讃線
58e63f99-c251-426e-9244-cfb96b1d26f5,繁藤,33.680389,133.690186,高知県,JR土讃線
b88196f8-865c-4413-8d80-c7ff5f3f496d,新改,33.649596,133.695763,高知県,JR土讃線
d9df5c76-a64f-4eba-a569-6534797b709d,土佐山田,33.607085,133.684664,高知県,JR土讃線
8641c64f-dbf8-4ec9-85a3-3f1ac7601e44,山田西町,33.60453,133.677287,高知県,JR土讃線
71131aa4-53c7-4f36-bfce-ace747b462a0,土佐長岡,33.591728,133.662219,高知県,JR土讃線
d2bb3aee-1823-466d-9728-f00e7665d877,後免,33.579245,133.645479,高知県,JR土讃線
ddbc5066-4994-43a9-96cf-acf639a578a7,土佐大津,33.576661,133.612062,高知県,JR土讃線
785ca50d-524d-4081-996f-1cf61bfa551a,布師田,33.575595,133.590379,高知県,JR土讃線
4fce94eb-74b8-4647-8367-7d9249363b6d,土佐一宮,33.578974,133.577274,高知県,JR土讃線
1b5f35a5-4b24-4c51-be79-99d3977c3a20,薊野,33.578243,133.560056,高知県,JR土讃線
ce7565ee-09d5-4dce-a3cd-1f45869e9f9d,高知,33.566758,133.543522,高知県,JR土讃線
f27e5dac-8d5a-41dc-9552-29669dc1f363,入明,33.567322,133.530298,高知県,JR土讃線
20fcd61c-de3b-457d-8845-751a86dd3851,円行寺口,33.565816,133.520791,高知県,JR土讃線
e787e55d-f11f-4261-9a9f-50d1144372d9,旭,33.558808,133.50852,高知県,JR土讃線
e0465874-4e35-4fa6-8ae6-d1a4aed20bf5,高知商業前,33.558419,133.497443,高知県,JR土讃線
5baa6edc-a2d1-4a15-98a4-fc42c5c5ea49,朝倉,33.551545,133.485487,高知県,JR土讃線
b0b063e5-21c3-43c2-bd94-7ca8322c7881,枝川,33.55073,133.44849,高知県,JR土讃線
7a31efe2-755b-4669-aa9a-b7a7b4bd583a,伊野,33.547507,133.430128,高知県,JR土讃線
57498182-0379-4e31-b38b-5fc4f2af54ed,波川,33.543699,133.414191,高知県,JR土讃線
2a7c705b-74c0-4b6e-aef8-57b72b846dac,小村神社前,33.539968,133.393105,高知県,JR土讃線
a6a80768-cf03-4deb-8460-ffcffe6564cf,日下,33.533436,133.371456,高知県,JR土讃線
996f3d60-89ce-4c93-b592-d74000482d3a,岡花,33.529922,133.35123,高知県,JR土讃線
f31b637f-e0c3-42ac-9191-a201d0ab75f1,土佐加茂,33.523558,133.321219,高知県,JR土讃線
8cae4064-a9c2-46c7-91ae-ec5e829448be,西佐川,33.512604,133.286652,高知県,JR土讃線
26ab0a68-a3d5-41e2-aaba-48a929da24ab,佐川,33.500189,133.292741,高知県,JR土讃線
a97151f8-5587-4113-9908-a1ab09f2ed09,襟野々,33.488527,133.300426,高知県,JR土讃線
ba39505b-7c57-4c77-9703-a6b50848f4aa,斗賀野,33.475453,133.286397,高知県,JR土讃線
64a5b792-7226-41fd-a036-a751abd1d6a7,吾桑,33.43027,133.295588,高知県,JR土讃線
5ad41c1e-d67e-4737-8ab9-442c7059b2ac,多ノ郷,33.410655,133.294641,高知県,JR土讃線
a513b3d5-ce3c-4ac1-9112-022a6931eff0,大間,33.406872,133.287666,高知県,JR土讃線
4263a36e-06c9-4cd5-b836-d1f67fddfc8b,須崎,33.392649,133.293214,高知県,JR土讃線
63a8bc80-be3c-4b71-a016-6b8b1fed242e,土佐新荘,33.386369,133.278065,高知県,JR土讃線
c7de1bdf-0286-4d0e-b147-6db202c78302,安和,33.36692,133.258901,高知県,JR土讃線
f6dcb57f-1d9c-4c5a-a9cc-02526b8033c4,土佐久礼,33.328972,133.226483,高知県,JR土讃線
165dda9b-a2d3-4134-8c61-44e1621de70a,影野,33.275854,133.173519,高知県,JR土讃線
465f7cf0-b5db-44fe-b299-2d5995bf9cf8,六反地,33.261992,133.169339,高知県,JR土讃線
4be2e1c7-53c7-4dc9-8beb-652ae62b52cb,仁井田,33.245097,133.161204,高知県,JR土讃線
ade368a8-4e85-4883-8425-a3b9f0f22a05,窪川,33.212656,133.137285,高知県,JR土讃線
81da23cd-a4e5-4ab4-b57b-b8f3ed90e784,高松,34.350754,134.046821,香川県,JR高徳線
d03a51e8-0d5b-4f2e-99d3-ca29c8d1c2ed,昭和町,34.343882,134.032141,香川県,JR高徳線
39837937-33f7-45f5-ae4e-eb9222f273de,栗林公園北口,34.334188,134.041561,香川県,JR高徳線
6dd899ec-94b6-4e93-b627-86feba01fb80,栗林,34.332181,134.053571,香川県,JR高徳線
d372a70b-21ec-4b3b-9e5f-5b9dea18648b,木太町,34.331928,134.079889,香川県,JR高徳線
c20e5367-1015-4c99-b265-3b626155867a,屋島,34.336655,134.109102,香川県,JR高徳線
e0f45bcb-cfe7-47a9-93d3-0366c475d82a,古高松南,34.34118,134.121381,香川県,JR高徳線
8511674b-a903-47dd-995a-9b278887ee55,八栗口,34.340419,134.134682,香川県,JR高徳線
3506e24b-f483-4d9f-969c-639bd912f6dd,讃岐牟礼,34.336439,134.147592,香川県,JR高徳線
eb4cf0ed-a5b5-42c6-a98c-3173dec0f88a,志度,34.321508,134.173144,香川県,JR高徳線
ae7dcd74-30d9-4fac-b0d5-0506005f63e2,オレンジタウン,34.301879,134.180827,香川県,JR高徳線
aaa64ed9-2a7b-4166-8ca1-df24dbad6fc9,造田,34.282967,134.185888,香川県,JR高徳線
dcae980d-07a5-43c8-b7ed-492becc18f00,神前,34.282895,134.208935,香川県,JR高徳線
5a36ba5f-c22c-4b01-af31-c67c9e444239,讃岐津田,34.288253,134.248335,香川県,JR高徳線
fd2e7d3a-bd9c-4b4c-b4e6-856e99cf2d74,鶴羽,34.280005,134.274003,香川県,JR高徳線
cc03c574-5264-4207-995e-350125954b21,丹生,34.254517,134.301468,香川県,JR高徳線
0a82de34-13be-41e9-a0e4-4954bfcb80c5,三本松,34.251529,134.334453,香川県,JR高徳線
dabed74f-b483-43d7-87f6-6227069af859,讃岐白鳥,34.243642,134.366203,香川県,JR高徳線
8fc0b73a-d48d-42f3-8976-5cdf2db7ce75,引田,34.224472,134.402072,香川県,JR高徳線
1faf5bf6-38e0-4787-b16e-0d6354c3bbfd,讃岐相生,34.211977,134.424537,香川県,JR高徳線
9d8a6b26-fe40-4a20-a139-72eb2c9182fc,阿波大宮,34.178751,134.448641,徳島県,JR高徳線
59fbbac2-2fc5-4b88-8d40-016403a2143c,板野,34.141971,134.465512,徳島県,JR高徳線
6e6f337a-28aa-49bd-8893-67710eead0e1,阿波川端,34.148827,134.483769,徳島県,JR高徳線
c838e5c4-1308-4209-864e-59ccbc0e4561,板東,34.155369,134.506805,徳島県,JR高徳線
86fa2bda-2719-4a05-9631-1025d2f51986,池谷,34.152783,134.529097,徳島県,JR高徳線
e4d62f0b-ed47-4f72-8fde-c0bb9b3016a3,勝瑞,34.128063,134.528225,徳島県,JR高徳線
25f724cc-399e-4a22-a1d6-c348c1e7141c,吉成,34.118603,134.530795,徳島県,JR高徳線
d13723ae-e085-49c1-a5b7-1c5ce3696187,佐古,34.080644,134.538539,徳島県,JR高徳線
4e02449c-141a-4674-86ec-5a435de65d3b,徳島,34.074572,134.551391,徳島県,JR高徳線
3b2d960a-dfae-474a-a719-f01d6693e244,徳島,34.074572,134.551391,徳島県,よしの川ブルーライン
f41876c4-fb53-4fe0-909a-fec2327e539d,佐古,34.080644,134.538539,徳島県,よしの川ブルーライン
c3f43d43-e493-465b-96d0-3548f0cc4816,蔵本,34.07934,134.518044,徳島県,よしの川ブルーライン
4f63bc4c-4b14-4f62-84d4-7aa7bd5aa06b,鮎喰,34.07734,134.50602,徳島県,よしの川ブルーライン
92a4f5c5-18e2-4412-891b-7d47324705c9,府中,34.074312,134.482886,徳島県,よしの川ブルーライン
41708a7f-18cc-489f-b61d-6b9f10938266,石井,34.070321,134.444334,徳島県,よしの川ブルーライン
2de02952-7198-4cdc-95e9-b04c912ac6d8,下浦,34.067669,134.421011,徳島県,よしの川ブルーライン
40984cd7-c95b-4538-81ab-73546d7053cc,牛島,34.076751,134.397131,徳島県,よしの川ブルーライン
ee642cec-feca-4d90-b105-90427191addc,麻植塚,34.07514,134.376394,徳島県,よしの川ブルーライン
f384973b-ee83-4ade-88ad-d9309b91a957,鴨島,34.073757,134.356037,徳島県,よしの川ブルーライン
6c50eefd-68d1-4297-96fb-1f6b6d7c8a7b,西麻植,34.072442,134.336225,徳島県,よしの川ブルーライン
3223651a-4122-4dd0-b203-285a2dd10b01,阿波川島,34.061854,134.320782,徳島県,よしの川ブルーライン
9b62d57f-954a-42be-8698-85e80a0a7e2a,学,34.057766,134.286411,徳島県,よしの川ブルーライン
2b750137-c54f-43aa-a109-953e1ee17fd6,山瀬,34.060206,134.256553,徳島県,よしの川ブルーライン
ed8a2366-f71b-404d-80fe-5d79c06c32b4,阿波山川,34.055162,134.234271,徳島県,よしの川ブルーライン
8974fb90-c09f-46d7-8702-4d1d3cb9c15c,川田,34.061311,134.204521,徳島県,よしの川ブルーライン
efef0e6d-3751-4b43-97ff-f3e7d41bf3d3,穴吹,34.056161,134.163053,徳島県,よしの川ブルーライン
69fc86cb-0f82-4233-9d4a-2b71c7bec455,小島,34.050309,134.10704,徳島県,よしの川ブルーライン
dfb6aad1-6f74-4d65-9d66-4bde62f1543a,貞光,34.039337,134.059177,徳島県,よしの川ブルーライン
f5329388-068e-40f1-9f83-c7546c550da2,阿波半田,34.041059,134.03617,徳島県,よしの川ブルーライン
a67d01dd-792d-4728-9573-82623a8e5e84,江口,34.037131,133.973801,徳島県,よしの川ブルーライン
4420128c-1620-46be-a9e0-36c884e57e47,三加茂,34.0357,133.949211,徳島県,よしの川ブルーライン
860a6d1d-55ce-4948-8a8c-cc86027019c1,阿波加茂,34.036708,133.927033,徳島県,よしの川ブルーライン
a9db39a0-fca2-45da-847d-bdcb4fab22ec,辻,34.02912,133.873856,徳島県,よしの川ブルーライン
a00c7377-726f-4db4-8a84-930c330c6801,佃,34.032439,133.857677,徳島県,よしの川ブルーライン
1da8175f-e0fa-4eaf-add7-bf432a9a55c9,阿波池田,34.026891,133.804669,徳島県,よしの川ブルーライン
392ee326-9da9-4823-920e-5e9383ad6ff2,徳島,34.074572,134.551391,徳島県,JR牟岐線
9a6fd1ca-57ef-4b99-a2e8-3a671e6d1b17,阿波富田,34.064051,134.555658,徳島県,JR牟岐線
581c72fa-4ee6-46a4-94e5-c5bade20c00b,二軒屋,34.054952,134.546847,徳島県,JR牟岐線
032ce13e-9a1f-43eb-8f23-8d9a056e4e44,文化の森,34.044298,134.543312,徳島県,JR牟岐線
88db241b-ffd5-43ae-8c07-c68e1e155843,地蔵橋,34.026444,134.54727,徳島県,JR牟岐線
d7b39dad-3772-4618-ac32-b2287da92800,中田,34.010319,134.569543,徳島県,JR牟岐線
ad78f435-38cc-464f-a7b8-18a6f86e94d9,南小松島,34.005634,134.586994,徳島県,JR牟岐線
89c55865-93de-4829-ab09-1e08f094d60e,阿波赤石,33.981729,134.60583,徳島県,JR牟岐線
26f3abc2-d5e9-4716-8a42-2cc1c00e4211,立江,33.970336,134.608785,徳島県,JR牟岐線
64915ff0-6a9e-41a0-8e9f-caa3fdb881eb,羽ノ浦,33.957293,134.626183,徳島県,JR牟岐線
bd5cbafd-638b-4679-be1e-5f361c1dbe72,西原,33.9483,134.644906,徳島県,JR牟岐線
b7c55c15-eb6e-48ae-8bcc-a8afe9f2760d,阿波中島,33.941223,134.664834,徳島県,JR牟岐線
cd59e69f-691b-4065-8e41-c3aa972e1eea,阿南,33.919129,134.66229,徳島県,JR牟岐線
81fe9d8f-0d1a-46f9-b86e-be975ec696e7,見能林,33.902984,134.667015,徳島県,JR牟岐線
c1862c29-cb47-48de-b541-592bf7636852,阿波橘,33.888472,134.651281,徳島県,JR牟岐線
55bb62c6-0e48-4ea8-8d3f-685b9989f89e,桑野,33.87466,134.613287,徳島県,JR牟岐線
eb2d7f35-5c1c-4b79-bd70-d63d10fff606,新野,33.846813,134.600283,徳島県,JR牟岐線
3b773856-d822-4508-815c-8a4e8dfdade8,阿波福井,33.824074,134.605272,徳島県,JR牟岐線
d558e43c-8b96-46c2-b1b0-5e09189da2bf,由岐,33.776032,134.591857,徳島県,JR牟岐線
25725991-aedf-43fa-8db2-66a38201fe91,田井ノ浜,33.772863,134.584127,徳島県,JR牟岐線
20d50f61-44e9-4f43-9da8-b4479898ebcf,木岐,33.766616,134.569473,徳島県,JR牟岐線
79302988-eea1-4d43-9db4-1a0b1be32051,北河内,33.743286,134.53528,徳島県,JR牟岐線
c07052f3-fdf8-430e-b60a-cdb32b75dabc,日和佐,33.728954,134.530603,徳島県,JR牟岐線
a05a3705-d5d1-443e-a2b0-fd48336259ff,山河内,33.715139,134.485273,徳島県,JR牟岐線
ee0f9ed7-f6d8-4445-891d-6f4301b77e84,辺川,33.694711,134.434874,徳島県,JR牟岐線
96f8eccf-0e01-485e-af8e-8eddfed6d119,牟岐,33.672192,134.418192,徳島県,JR牟岐線
1539a419-9123-4c1b-bc05-ae407f0b7885,鯖瀬,33.646398,134.385308,徳島県,JR牟岐線
4b274589-67f3-480e-8cbf-6f47f4ec03b3,浅川,33.626665,134.358677,徳島県,JR牟岐線
e058c1eb-1a59-459a-95a9-86d16e8a53dc,阿波海南,33.606379,134.350805,徳島県,JR牟岐線
c0ba8987-7bb2-4470-8100-86675807c338,海部,33.593453,134.351999,徳島県,JR牟岐線
f69919eb-10ed-41d4-bbbb-83b7386133e3,鳴門,34.179131,134.608355,徳島県,JR鳴門線
4355263f-853b-4c20-b649-0fd052ddb73c,撫養,34.173162,134.600851,徳島県,JR鳴門線
8535ac4d-56c6-4048-a6fa-97d5e1af1a52,金比羅前,34.169651,134.585014,徳島県,JR鳴門線
bb858459-36a3-457a-ae04-c5d2cede3d4d,教会前,34.167579,134.577148,徳島県,JR鳴門線
299d0cf0-4e0e-419c-aef3-63907a2b2a09,立道,34.162024,134.557539,徳島県,JR鳴門線
bfb1d6c5-65e9-4e20-af30-231049185ac5,阿波大谷,34.158024,134.540221,徳島県,JR鳴門線
70025d7f-d697-4e47-8942-4365bbbcd9c6,池谷,34.152783,134.529097,徳島県,JR鳴門線
3d1fdeee-bb71-4c6b-83ab-9f778ddcb8e9,高松,34.350754,134.046821,香川県,JR予讃線
193d6a44-dd91-456b-a83f-802b456986d3,香西,34.34096,134.009609,香川県,JR予讃線
f2cab2ec-4fd7-4e38-95ab-a8ea188d052c,鬼無,34.325455,133.99385,香川県,JR予讃線
f7218dc2-50ae-4540-8fbf-84e133d6290b,端岡,34.305021,133.968071,香川県,JR予讃線
4213c160-167c-4f7e-b87a-8aeaaf2a3a42,国分,34.300541,133.941754,香川県,JR予讃線
7e57c2fe-5fb3-4b9f-b8ba-1ad58aeafb24,讃岐府中,34.291404,133.923917,香川県,JR予讃線
8c9064e0-77f4-4947-abab-7209df148b00,鴨川,34.306863,133.905324,香川県,JR予讃線
175ca036-7fc6-45dc-841c-c78939f8d9dd,八十場,34.313014,133.884815,香川県,JR予讃線
a185e8e9-5c93-48f6-a0da-e8e418bd2834,坂出,34.313189,133.856819,香川県,JR予讃線
448edb53-f54a-42b1-a011-a94e51b8dd5d,宇多津,34.306271,133.813686,香川県,JR予讃線
9a18e3c8-691d-4f00-a6ab-cd23692278f3,丸亀,34.292414,133.793887,香川県,JR予讃線
09f85037-dfbb-4512-a7a6-120cafabb578,讃岐塩屋,34.285093,133.777486,香川県,JR予讃線
322e9095-f92b-4fdb-bcf6-5df541d2fbe7,多度津,34.271238,133.757235,香川県,JR予讃線
9d325ab6-1fad-4ef6-95ba-69b0a90a9c7f,海岸寺,34.253732,133.729671,香川県,JR予讃線
236f42da-8862-443d-a8d2-da2fbbcc527b,津島ノ宮,34.23828,133.704313,香川県,JR予讃線
c6cf61fb-d1ec-4046-a3aa-9343ea6a5ed6,詫間,34.221326,133.692812,香川県,JR予讃線
c7533c56-e56c-4c7c-8ad3-6417729090c6,みの,34.205633,133.710655,香川県,JR予讃線
89c052fb-f1e1-4dd2-aebf-f8359cefe5f6,高瀬,34.184083,133.711397,香川県,JR予讃線
20375a4a-0d8f-4c26-83c8-23a662f2de4c,比地大,34.166805,133.690325,香川県,JR予讃線
62bba5d7-df90-4707-bcbd-bcd2c407e207,本山,34.146589,133.68649,香川県,JR予讃線
1a48bf53-af52-4b2a-8057-f2660c2ef102,観音寺,34.124508,133.655687,香川県,JR予讃線
c1d4b9c3-ed4e-4e11-9b45-180d8e32fe96,豊浜,34.080544,133.644639,香川県,JR予讃線
4f91ed69-147f-429c-93fc-022ce71d2d3e,箕浦,34.04799,133.619439,香川県,JR予讃線
2bcb11fa-79e9-42f7-b9b0-d07f9b51ccfd,川之江,34.014903,133.57617,愛媛県,JR予讃線
ad433a1d-b710-4222-a9af-5405eae76602,伊予三島,33.979541,133.542401,愛媛県,JR予讃線
22424e24-18bf-46b0-80d1-6c065cfd94ae,伊予寒川,33.967978,133.500123,愛媛県,JR予讃線
5d8b3cfa-80f4-421d-a8d2-2151c758ed16,赤星,33.96673,133.456352,愛媛県,JR予讃線
c8fc2c58-adf3-4b07-989d-be580767dcc3,伊予土居,33.959024,133.428294,愛媛県,JR予讃線
5a7883f9-f5bb-42b9-b0e3-181c5a05eb51,関川,33.955791,133.392692,愛媛県,JR予讃線
d8653956-775d-44d9-a0a1-6838d6c6821c,多喜浜,33.970533,133.325094,愛媛県,JR予讃線
69b1fd92-c2ec-4cdd-bfbb-ce935e39f54d,新居浜,33.948124,133.294761,愛媛県,JR予讃線
a3cf735e-bfbd-49e6-8ad3-d9e9c6aec66a,中萩,33.926232,133.253294,愛媛県,JR予讃線
adae1982-75f3-4c53-a2fa-14bff0ff2d9f,伊予西条,33.912584,133.188275,愛媛県,JR予讃線
d0c53250-c6f9-40f1-9c11-7bf10c4c7dae,石鎚山,33.895882,133.157744,愛媛県,JR予讃線
95cb51e8-4fba-4e2c-882c-31f3e3e1b58e,伊予氷見,33.896734,133.130929,愛媛県,JR予讃線
dd627945-e0af-44bb-b836-dc08df91549c,伊予小松,33.897567,133.116717,愛媛県,JR予讃線
93a20e46-660b-4ef6-b898-c86bae61012f,玉之江,33.912829,133.098941,愛媛県,JR予讃線
1fdbc9bf-debb-48e5-9d6d-07027d440109,壬生川,33.929699,133.085568,愛媛県,JR予讃線
543b3e13-aea5-4c27-8b85-b941c7450807,伊予三芳,33.954382,133.064298,愛媛県,JR予讃線
bf413e11-dd8c-4311-b880-d8166fef24ae,伊予桜井,34.011923,133.035522,愛媛県,JR予讃線
679448d6-6868-4eed-a4b1-203859dec0a9,伊予富田,34.036302,133.009194,愛媛県,JR予讃線
36861a08-8a86-429a-90aa-173b1e99c530,今治,34.063765,132.99408,愛媛県,JR予讃線
c10a3c5d-2429-4ea8-97de-4bcb76992dc3,波止浜,34.098001,132.968922,愛媛県,JR予讃線
6083f5ab-4ede-4084-aed7-62419ca113a3,波方,34.095217,132.942771,愛媛県,JR予讃線
b7a321fe-7877-4092-b068-cae4c4aaa161,大西,34.066128,132.929345,愛媛県,JR予讃線
3e01820e-cacc-4f0f-99e7-06ff5bdde565,伊予亀岡,34.053811,132.874049,愛媛県,JR予讃線
33d4ee3f-0e9d-415e-8f5e-8678d966b5a6,菊間,34.033404,132.841111,愛媛県,JR予讃線
5477f24c-2a12-4da5-9a67-436f919d08db,浅海,34.010017,132.80306,愛媛県,JR予讃線
c3f71015-8db6-4b8b-a4e0-9fa0974e2e34,大浦,34.000005,132.775597,愛媛県,JR予讃線
6adfffdf-b708-4208-a177-3bd7e254ac56,伊予北条,33.972903,132.775339,愛媛県,JR予讃線
d51ecfd5-acbc-44e0-a3c3-9f0efe92f33d,柳原,33.953519,132.773465,愛媛県,JR予讃線
6895efe0-15e6-470c-b295-29f964a687df,粟井,33.942965,132.770576,愛媛県,JR予讃線
4b66b838-32cf-4a77-b642-054871c11645,光洋台,33.926886,132.760967,愛媛県,JR予讃線
3233ded4-6903-4fd9-88e3-383921e0bdf2,堀江,33.905458,132.753496,愛媛県,JR予讃線
3b3e433a-af26-44ca-a4fd-68d2146fe68b,伊予和気,33.889529,132.740672,愛媛県,JR予讃線
460d0747-4465-4b83-8927-cb599de37a92,三津浜,33.86142,132.728798,愛媛県,JR予讃線
9c22a8e1-0047-4e47-9870-cc8826f661f0,松山,33.839954,132.751149,愛媛県,JR予讃線
54a9696f-2bfd-4451-9040-192ff942bb09,松山,33.839954,132.751149,愛媛県,JR予讃・内子線
6bc9d324-4cf1-4cc4-bcc6-7bbb7b62ce41,市坪,33.809113,132.749283,愛媛県,JR予讃・内子線
41e97346-690a-4af5-b438-351722b72cb0,北伊予,33.787441,132.748774,愛媛県,JR予讃・内子線
8947e8c1-451c-4fb1-8963-93cfc7f985e5,伊予横田,33.772909,132.727121,愛媛県,JR予讃・内子線
17d68d5e-af3b-4474-bc77-59c6edd1edce,鳥ノ木,33.763751,132.711309,愛媛県,JR予讃・内子線
517f5cb0-81ad-4de6-be2c-1deb37101066,伊予市,33.755532,132.702532,愛媛県,JR予讃・内子線
f319a792-9827-43bd-85cb-25d2f69b0b9a,向井原,33.735871,132.695736,愛媛県,JR予讃・内子線
c2744c28-4f39-49ee-9759-28c3b238a367,伊予大平,33.715973,132.708479,愛媛県,JR予讃・内子線
8f224bfd-d35c-4008-aa70-38af5e7e846e,伊予中山,33.649881,132.711629,愛媛県,JR予讃・内子線
019e578a-b70b-46d6-9a34-d118a469bab1,伊予立川,33.600458,132.677,愛媛県,JR予讃・内子線
37427eba-a13a-48df-969b-c53d695eca5d,内子,33.549305,132.646207,愛媛県,JR予讃・内子線
a1f9c118-b12a-461c-b4fd-235cf27d361d,五十崎,33.537809,132.635859,愛媛県,JR予讃・内子線
c86a9786-b12d-4687-b275-4e3211ea6ffe,喜多山,33.533426,132.611428,愛媛県,JR予讃・内子線
1519ea22-1826-4c5c-ad11-8f1ec3603c9e,新谷,33.534153,132.599037,愛媛県,JR予讃・内子線
601ab5b2-ecd5-4fd8-bf6e-bd659be57ae2,高野川,33.701624,132.65877,愛媛県,JR予讃・内子線
0d866d43-ed2b-43a3-af79-44cc37245845,伊予上灘,33.683626,132.632931,愛媛県,JR予讃・内子線
6ae95238-559d-454c-9612-8d70aa66f1e6,下灘,33.655109,132.589219,愛媛県,JR予讃・内子線
fb6767df-83f9-496d-ac56-88c7818b9dba,串,33.647034,132.562996,愛媛県,JR予讃・内子線
8e2ee5a3-4200-4a56-9967-c59d4462d28f,喜多灘,33.637145,132.531165,愛媛県,JR予讃・内子線
65ea7db1-760e-4935-9546-be6f1b672e95,伊予長浜,33.615297,132.486861,愛媛県,JR予讃・内子線
eacdd58a-5236-4907-b69b-134ae8f91c70,伊予出石,33.596338,132.498833,愛媛県,JR予讃・内子線
48300e48-997b-4036-a1cf-eb1331d48b77,伊予白滝,33.578588,132.526778,愛媛県,JR予讃・内子線
fc1dcf16-7ef7-443f-bd89-d38b6c1a97bb,八多喜,33.562643,132.540741,愛媛県,JR予讃・内子線
044bdc14-cc30-4469-af09-6a18865f5579,春賀,33.555636,132.555329,愛媛県,JR予讃・内子線
dd152a85-a073-4f97-83cb-0cb11a96b8c1,五郎,33.541399,132.570473,愛媛県,JR予讃・内子線
c9164700-78d5-4423-885f-70a956abbb45,伊予大洲,33.518601,132.54485,愛媛県,JR予讃・内子線
fb33408b-a760-475c-9946-49931fa8ffda,西大洲,33.508204,132.527041,愛媛県,JR予讃・内子線
4295f0bb-ed38-45b0-9f58-46970ed06572,伊予平野,33.495672,132.518025,愛媛県,JR予讃・内子線
487183cf-605d-4c8f-aa38-ecd6a5bcc927,千丈,33.465432,132.457369,愛媛県,JR予讃・内子線
01753c53-5e85-450d-93a5-f12f36d743f3,八幡浜,33.458024,132.436213,愛媛県,JR予讃・内子線
78a9b005-42e1-434f-9798-25d10b253cc0,双岩,33.424314,132.45794,愛媛県,JR予讃・内子線
93f36343-c973-40f0-8d6f-9ff5b3d83bb1,伊予石城,33.391582,132.473112,愛媛県,JR予讃・内子線
b1b371dc-af2e-46e1-9d00-01a88ce938e5,上宇和,33.379979,132.501337,愛媛県,JR予讃・内子線
26bbbc54-ed57-4ca4-890e-6985ca65cbe9,卯之町,33.363192,132.50994,愛媛県,JR予讃・内子線
fd577b01-21d1-4f17-88b1-c2ef20f3c512,下宇和,33.349786,132.531172,愛媛県,JR予讃・内子線
c507904b-f5ef-4434-922e-bd6462eb460d,立間,33.297371,132.539275,愛媛県,JR予讃・内子線
e48a4939-325b-4fce-bb75-d2fe80fb11c5,伊予吉田,33.273287,132.544098,愛媛県,JR予讃・内子線
61646bc8-f77d-45f0-b59b-ac4dd26ba3e3,高光,33.25607,132.573559,愛媛県,JR予讃・内子線
c7f65970-8042-45d3-8edd-188774072877,北宇和島,33.239442,132.569643,愛媛県,JR予讃・内子線
4d5107f0-d6c0-441d-adab-2710873f2ed3,宇和島,33.225774,132.56746,愛媛県,JR予讃・内子線
9be8f25b-f20f-43bc-b44f-881ca0ef23c9,窪川,33.212656,133.137285,高知県,しまんとグリーンライン
a45c5ef3-e65a-445c-8236-16e287353f24,若井,33.18807,133.105937,高知県,しまんとグリーンライン
634d8730-685d-4fe6-a22d-5a1851cdc91f,家地川,33.1614,133.074784,高知県,しまんとグリーンライン
10b8a258-40f7-489a-a51f-77525a86fe7d,打井川,33.175455,133.031082,高知県,しまんとグリーンライン
77760c1d-b456-455f-a011-89a87e5b9e23,土佐大正,33.194815,132.975612,高知県,しまんとグリーンライン
e8760571-e901-4624-9f13-0a230fa143fa,土佐昭和,33.220047,132.897413,高知県,しまんとグリーンライン
9e47e347-c594-4e31-a0ea-52528bda8133,十川,33.234869,132.855827,高知県,しまんとグリーンライン
dd762183-c078-4b4f-9746-831a740b7faf,半家,33.201666,132.791428,高知県,しまんとグリーンライン
a9883025-b379-423d-a1d7-eadffaad8659,江川崎,33.178104,132.783074,高知県,しまんとグリーンライン
1a8a4422-0351-4406-ba82-c54bd2bf9eb9,西ケ方,33.187309,132.767342,高知県,しまんとグリーンライン
1953d3cf-52c5-4238-bc9e-c4ec05a243c9,真土,33.223996,132.745283,愛媛県,しまんとグリーンライン
89310382-39be-49f6-93fa-f0294ef6c369,吉野生,33.224612,132.72918,愛媛県,しまんとグリーンライン
41b52bea-de76-4d91-9b63-8412881876e3,松丸,33.228325,132.708843,愛媛県,しまんとグリーンライン
60fea913-0bf0-4f7c-badd-5f584f6ed8f4,出目,33.251805,132.691978,愛媛県,しまんとグリーンライン
8967fbb1-8bb9-4ca3-a011-ced93f85afe0,近永,33.255693,132.676335,愛媛県,しまんとグリーンライン
0390802b-ee9e-464c-b833-63b852be3d95,深田,33.267655,132.660403,愛媛県,しまんとグリーンライン
5797a18f-f19f-4847-b865-a56f464ce6b8,大内,33.286941,132.642393,愛媛県,しまんとグリーンライン
274b9772-549b-44f8-b24f-5a0f0abbefa3,二名,33.291576,132.629122,愛媛県,しまんとグリーンライン
d1fda16e-e95f-4bcf-af93-5a3c834e95bf,伊予宮野下,33.289023,132.605849,愛媛県,しまんとグリーンライン
bdf1ef6c-da45-4b34-bb14-a3f614de952a,務田,33.282862,132.600238,愛媛県,しまんとグリーンライン
52d50b70-a5f4-46aa-8fbc-8375021aeb10,北宇和島,33.239442,132.569643,愛媛県,しまんとグリーンライン
55de6929-d276-4993-a6d4-f2f1d992e2b1,宇和島,33.225774,132.56746,愛媛県,しまんとグリーンライン
8615f283-6020-43ac-b004-f0cdb04242c9,博多,33.590002,130.420622,福岡県,JR博多南線
06b1de4a-0bf3-4f69-9ca4-8d828ebfbcf3,博多南,33.517955,130.436997,福岡県,JR博多南線
f388962e-48ea-4b4c-a3fa-908943dd5436,下関,33.950306,130.923038,山口県,JR鹿児島本線(下関・門司港～博多)
08277e13-1ac8-4340-bd80-9945980fd3a7,門司港,33.945138,130.961549,福岡県,JR鹿児島本線(下関・門司港～博多)
85148dc6-eb30-4d6f-a8c6-6f5022bf13ad,小森江,33.916352,130.938674,福岡県,JR鹿児島本線(下関・門司港～博多)
162262e5-a31c-4e08-b296-d1bfc06953a5,門司,33.904309,130.933438,福岡県,JR鹿児島本線(下関・門司港～博多)
d5b38437-d554-46d6-8e8e-282119cebd62,小倉,33.886756,130.882678,福岡県,JR鹿児島本線(下関・門司港～博多)
2e59d77c-7981-4138-b596-b7b50b85b45f,西小倉,33.888673,130.873897,福岡県,JR鹿児島本線(下関・門司港～博多)
5e993c47-df8c-42b2-a303-2d80f0911d1f,九州工大前,33.900396,130.840068,福岡県,JR鹿児島本線(下関・門司港～博多)
74f67ad8-8bd2-4bb4-84da-7ecbbbb66007,戸畑,33.897018,130.820692,福岡県,JR鹿児島本線(下関・門司港～博多)
4b41517d-9881-4a51-ab49-926edbf50694,枝光,33.879367,130.813318,福岡県,JR鹿児島本線(下関・門司港～博多)
c686ab05-b7f6-4562-a364-91a42b64f790,スペースワールド,33.871246,130.806197,福岡県,JR鹿児島本線(下関・門司港～博多)
c29998e1-c577-41d0-aff1-5ad71411ce53,八幡,33.868913,130.795209,福岡県,JR鹿児島本線(下関・門司港～博多)
c641b732-eaf3-4b64-a551-9f53d36fb940,黒崎,33.866807,130.766206,福岡県,JR鹿児島本線(下関・門司港～博多)
19a5933d-1dc7-4e11-a17e-ef8d359b5816,陣原,33.868242,130.742656,福岡県,JR鹿児島本線(下関・門司港～博多)
0633f66d-ee59-46a2-9ab0-284026fefcb5,折尾,33.863629,130.713109,福岡県,JR鹿児島本線(下関・門司港～博多)
17b1714a-0fdc-41fa-856f-a73e8ea54803,水巻,33.852287,130.694624,福岡県,JR鹿児島本線(下関・門司港～博多)
b75e228d-f1e7-40fc-87e0-47fcd8bb53e2,遠賀川,33.846684,130.673485,福岡県,JR鹿児島本線(下関・門司港～博多)
31060127-4e04-4792-a12d-d091853e82f6,海老津,33.840248,130.62307,福岡県,JR鹿児島本線(下関・門司港～博多)
b44f58cd-b82f-4714-931e-0bea82593f92,教育大前,33.808215,130.590256,福岡県,JR鹿児島本線(下関・門司港～博多)
45bcc94f-fcda-4f1f-a899-15dc3a116610,赤間,33.808237,130.569477,福岡県,JR鹿児島本線(下関・門司港～博多)
ce2f99a5-b7a9-4486-a03d-fff5577be916,東郷,33.794488,130.528822,福岡県,JR鹿児島本線(下関・門司港～博多)
5aff9d41-3093-42ea-ac3c-9d732e6f4b67,東福間,33.774118,130.511111,福岡県,JR鹿児島本線(下関・門司港～博多)
ea9e6b88-deb9-45c0-844e-3576bacd151c,福間,33.763316,130.486088,福岡県,JR鹿児島本線(下関・門司港～博多)
2869e7c9-cffd-4904-916f-05c9a7f772f7,千鳥,33.749129,130.47632,福岡県,JR鹿児島本線(下関・門司港～博多)
2eae4e85-75ef-4ef1-b629-2a2a78fcb3e1,古賀,33.732586,130.466898,福岡県,JR鹿児島本線(下関・門司港～博多)
c645fe3e-c8a6-4e44-afbe-2cf7ac8bac2c,ししぶ,33.722223,130.459042,福岡県,JR鹿児島本線(下関・門司港～博多)
35ccedf2-d3a1-4e27-ac3c-6c6444dfaf8f,新宮中央,33.711659,130.449163,福岡県,JR鹿児島本線(下関・門司港～博多)
61829f15-71e4-4d91-9afa-dddb0e8e21b1,福工大前,33.698813,130.440536,福岡県,JR鹿児島本線(下関・門司港～博多)
0aaf3c50-1720-4714-a5f4-ebc07162e312,九産大前,33.673743,130.441184,福岡県,JR鹿児島本線(下関・門司港～博多)
1ec40285-0754-4ef4-8541-60a7a06090ca,香椎,33.659228,130.444063,福岡県,JR鹿児島本線(下関・門司港～博多)
55b5476c-7e73-4259-8c95-7b1787146694,千早,33.649116,130.440486,福岡県,JR鹿児島本線(下関・門司港～博多)
dd29ef77-15c5-4388-bcf0-8c39ade34124,箱崎,33.618063,130.426549,福岡県,JR鹿児島本線(下関・門司港～博多)
361d2094-2602-4b0e-a006-905a873d10c5,吉塚,33.607142,130.423674,福岡県,JR鹿児島本線(下関・門司港～博多)
785b6044-7b57-456d-8e57-2c02c81b3caa,博多,33.590002,130.420622,福岡県,JR鹿児島本線(下関・門司港～博多)
4a61895d-3d5d-4db2-b956-c5427e6ba33a,博多,33.590002,130.420622,福岡県,JR鹿児島本線(博多～八代)
e8b2f2fa-8c42-4c65-bb15-09b908adbfd0,竹下,33.568688,130.431625,福岡県,JR鹿児島本線(博多～八代)
d7932481-026f-43f1-bd87-a4abf7abd7b2,笹原,33.553612,130.448396,福岡県,JR鹿児島本線(博多～八代)
b5406a6a-89c8-470a-8009-2c01646f0df7,南福岡,33.542092,130.460447,福岡県,JR鹿児島本線(博多～八代)
e26184b1-20c0-4be5-86ba-7701a06f60c5,春日,33.534701,130.469308,福岡県,JR鹿児島本線(博多～八代)
5bdd65c7-935d-4f94-94d4-e85b3f6fcde8,大野城,33.524944,130.480063,福岡県,JR鹿児島本線(博多～八代)
0aee62dc-16ae-4a01-a7a9-24fa3a29e79c,水城,33.51779,130.49022,福岡県,JR鹿児島本線(博多～八代)
76610032-e2e1-4547-b143-c37e9225eb60,都府楼南,33.503153,130.506625,福岡県,JR鹿児島本線(博多～八代)
86489d08-0f35-48ca-9b38-5694519f47c9,二日市,33.494515,130.518843,福岡県,JR鹿児島本線(博多～八代)
fa4257bf-82db-4279-b2b2-f7c6840bd1a5,天拝山,33.481847,130.53024,福岡県,JR鹿児島本線(博多～八代)
1e4d5b98-1967-4662-9133-9d84dec1ed39,原田,33.451769,130.539376,福岡県,JR鹿児島本線(博多～八代)
3b13704b-4f3e-4d83-86e6-6f19e6333bad,けやき台,33.434537,130.533392,佐賀県,JR鹿児島本線(博多～八代)
37af8adc-6cc8-4561-8a93-ed1e678be93e,基山,33.420945,130.532365,佐賀県,JR鹿児島本線(博多～八代)
a45d8953-0445-4785-9a1b-731f0329b2f1,弥生が丘,33.401944,130.528514,佐賀県,JR鹿児島本線(博多～八代)
e05389f7-b35e-40a6-9389-400f5c691170,田代,33.384007,130.524496,佐賀県,JR鹿児島本線(博多～八代)
8b50bef6-b70a-48d7-af89-b66e2206abca,鳥栖,33.373864,130.519374,佐賀県,JR鹿児島本線(博多～八代)
9632cbc8-06b9-4c8f-9496-1babc33cd427,肥前旭,33.350237,130.495981,佐賀県,JR鹿児島本線(博多～八代)
30722afb-5fb3-4d2a-9040-468560cc9288,久留米,33.319778,130.501408,福岡県,JR鹿児島本線(博多～八代)
98d81c1b-31dc-4bbf-8691-ec92ce9b63e5,荒木,33.277149,130.50268,福岡県,JR鹿児島本線(博多～八代)
6e5fad80-b71a-44c9-a457-746005a32c25,西牟田,33.246243,130.500981,福岡県,JR鹿児島本線(博多～八代)
09292a37-95bd-4e19-a6be-9db7da4bed81,羽犬塚,33.209822,130.49761,福岡県,JR鹿児島本線(博多～八代)
6d5ccb01-bcc3-4756-9f00-9eaaa29a7d7c,筑後船小屋,33.1780233298666,130.491603612899,福岡県,JR鹿児島本線(博多～八代)
7dcc35df-333c-4044-98fc-21216070239c,瀬高,33.157,130.485181,福岡県,JR鹿児島本線(博多～八代)
7778e709-351b-4c77-a4b7-cefeb6b8b68c,南瀬高,33.133699,130.471188,福岡県,JR鹿児島本線(博多～八代)
58647cb5-1296-4b0b-b5d8-58a3de3a8b34,渡瀬,33.099622,130.460094,福岡県,JR鹿児島本線(博多～八代)
2956f745-ec70-4460-878e-0854f7aae349,吉野,33.075599,130.466459,福岡県,JR鹿児島本線(博多～八代)
9c8a3e65-38fe-4a44-ab27-571b79cd522d,銀水,33.054932,130.460944,福岡県,JR鹿児島本線(博多～八代)
fb5e4350-40d9-4fcc-a093-35e013701ea6,大牟田,33.029754,130.443784,福岡県,JR鹿児島本線(博多～八代)
ed20004e-57f2-4943-b098-a2a84730a92a,荒尾,32.994682,130.434717,熊本県,JR鹿児島本線(博多～八代)
a261233f-a60f-49ea-a406-2cb947c947cb,南荒尾,32.966029,130.433012,熊本県,JR鹿児島本線(博多～八代)
cd7c6cff-bf72-4667-bfa0-3c99316d9947,長洲,32.935205,130.455652,熊本県,JR鹿児島本線(博多～八代)
52d2955b-62f8-4c5b-9c07-f6569910418d,大野下,32.921737,130.502038,熊本県,JR鹿児島本線(博多～八代)
06292f28-afbf-4860-9ffc-d43eece1df69,玉名,32.926021,130.548494,熊本県,JR鹿児島本線(博多～八代)
7c682467-9d60-4b32-aac9-abdad55dff81,肥後伊倉,32.913233,130.586803,熊本県,JR鹿児島本線(博多～八代)
a61e39b6-1e94-45c0-b5bf-26ceb1c8842e,木葉,32.916528,130.626441,熊本県,JR鹿児島本線(博多～八代)
7056d63f-c904-467b-84c8-1a9a13735fdb,田原坂,32.899416,130.653197,熊本県,JR鹿児島本線(博多～八代)
2d94041c-d703-4f2a-a345-4757f60c1ab4,植木,32.880226,130.680834,熊本県,JR鹿児島本線(博多～八代)
5a3dd453-a447-4481-8d90-668499fcd138,西里,32.854607,130.700139,熊本県,JR鹿児島本線(博多～八代)
a637d5f3-5146-4958-9e8e-3b400f0f59b8,崇城大学前,32.83102,130.694895,熊本県,JR鹿児島本線(博多～八代)
aba73615-c9ce-49f9-b4b2-1bc963283010,上熊本,32.817305,130.698831,熊本県,JR鹿児島本線(博多～八代)
4e87a513-5206-4306-ac1c-c5e2477f2721,熊本,32.789207,130.688499,熊本県,JR鹿児島本線(博多～八代)
ea44835e-db79-4d2a-b261-85d186409c98,川尻,32.743772,130.679907,熊本県,JR鹿児島本線(博多～八代)
fffb4f39-c668-48ab-bdb9-b576fe6e43ed,富合,32.713658,130.672808,熊本県,JR鹿児島本線(博多～八代)
bcc2122f-e87e-44e1-8959-f52b0e790ed7,宇土,32.694237,130.669148,熊本県,JR鹿児島本線(博多～八代)
505db186-c15c-4ad9-a0c6-a2b7b3977ad1,松橋,32.652324,130.670588,熊本県,JR鹿児島本線(博多～八代)
f939c0b6-23f0-49cf-97a3-2c80d3c3b5c3,小川,32.600979,130.694339,熊本県,JR鹿児島本線(博多～八代)
00eb3f04-1793-48ff-a866-6746b359ddaf,有佐,32.562711,130.670049,熊本県,JR鹿児島本線(博多～八代)
495ebb0c-2217-4679-9530-9239a979a6bd,千丁,32.532387,130.64556,熊本県,JR鹿児島本線(博多～八代)
0b47043d-6972-4890-8955-77b41805f22c,新八代,32.517888,130.634919,熊本県,JR鹿児島本線(博多～八代)
97b3f9c6-a39d-4e64-84ee-f5d8171a6b36,八代,32.503805,130.621609,熊本県,JR鹿児島本線(博多～八代)
70e34cf0-2272-4043-9ec8-bcc09ccd02c5,川内,31.813726,130.31213,鹿児島県,JR鹿児島本線(川内～鹿児島)
f7464f45-e389-4117-a9f3-7342f49e6dbe,隈之城,31.79255,130.307092,鹿児島県,JR鹿児島本線(川内～鹿児島)
b56d4771-c534-4def-ac46-b28b4b4086e4,木場茶屋,31.766138,130.308046,鹿児島県,JR鹿児島本線(川内～鹿児島)
bb5bb305-3450-48ab-aaad-f345b1686a07,串木野,31.721605,130.274531,鹿児島県,JR鹿児島本線(川内～鹿児島)
2619300d-bb27-46ba-b39e-0201c6e2afec,神村学園前,31.703731,130.284129,鹿児島県,JR鹿児島本線(川内～鹿児島)
edb482df-e260-471f-bacf-6f76f0a2bf3e,市来,31.68999,130.302727,鹿児島県,JR鹿児島本線(川内～鹿児島)
deec268d-5866-430a-b49c-63c2ce624c86,湯之元,31.673961,130.336753,鹿児島県,JR鹿児島本線(川内～鹿児島)
72558f46-725f-48b9-91f8-10eb03fca5e1,東市来,31.655164,130.347609,鹿児島県,JR鹿児島本線(川内～鹿児島)
9f238389-d611-4cdf-89b5-575ac6d1b3d3,伊集院,31.630148,130.395703,鹿児島県,JR鹿児島本線(川内～鹿児島)
28328bb5-3276-4fb9-9068-c73e43d1da56,薩摩松元,31.605318,130.439002,鹿児島県,JR鹿児島本線(川内～鹿児島)
2b61eb3a-bf52-4096-ba0d-817ece4c1de0,上伊集院,31.593837,130.459468,鹿児島県,JR鹿児島本線(川内～鹿児島)
584e7c96-7fd9-4f85-8422-056ca27e374d,広木,31.576712,130.504328,鹿児島県,JR鹿児島本線(川内～鹿児島)
28cee66c-1a7a-4621-8f3a-2f71338910d1,鹿児島中央,31.583727,130.541789,鹿児島県,JR鹿児島本線(川内～鹿児島)
98475914-2ced-4728-a900-086125f9934f,鹿児島,31.602098,130.564112,鹿児島県,JR鹿児島本線(川内～鹿児島)
2e7a2522-c563-4153-af43-e4e82729def3,鳥栖,33.373864,130.519374,佐賀県,JR長崎本線(鳥栖～長崎)
0ad6c0d4-124a-407c-bb3b-56b5bb0ca0db,新鳥栖,33.370278,130.491111,佐賀県,JR長崎本線(鳥栖～長崎)
cd8a15b8-d94d-441c-8162-2a54c0046ee2,肥前麓,33.36578,130.477499,佐賀県,JR長崎本線(鳥栖～長崎)
a839baf6-95cc-49bc-b515-d6c482d443e0,中原,33.346241,130.440046,佐賀県,JR長崎本線(鳥栖～長崎)
ae3d131e-a1cc-4793-bcf9-ce529952f2c3,吉野ケ里公園,33.324917,130.399553,佐賀県,JR長崎本線(鳥栖～長崎)
869a94b4-6050-4187-a5b5-8b910736ae20,神埼,33.315851,130.374446,佐賀県,JR長崎本線(鳥栖～長崎)
8716f06e-7106-4abe-90a8-311d9fa6d650,伊賀屋,33.290195,130.336753,佐賀県,JR長崎本線(鳥栖～長崎)
74b2192b-692e-444d-b561-bb0742cf15b9,佐賀,33.264212,130.297608,佐賀県,JR長崎本線(鳥栖～長崎)
e0d6a064-3ac6-42a3-a9d4-dd431aff0c32,鍋島,33.259062,130.265702,佐賀県,JR長崎本線(鳥栖～長崎)
95f88130-ce3a-4ce6-8d26-f3c2af72ed63,バルーンさが,33.257795,130.248942,佐賀県,JR長崎本線(鳥栖～長崎)
a7341088-c67b-419d-8424-85eb728b4ad9,久保田,33.255717,130.229594,佐賀県,JR長崎本線(鳥栖～長崎)
46beb914-7b2b-4938-ac66-1238a1b97fb0,牛津,33.247859,130.201016,佐賀県,JR長崎本線(鳥栖～長崎)
61879315-4128-473d-9e20-602485785cd3,肥前山口,33.21919,130.160858,佐賀県,JR長崎本線(鳥栖～長崎)
327faf60-361f-4a86-b68b-7647e5494775,肥前白石,33.186679,130.135952,佐賀県,JR長崎本線(鳥栖～長崎)
75277bf0-8ff8-4456-8543-5c144dbaded2,肥前竜王,33.146663,130.12042,佐賀県,JR長崎本線(鳥栖～長崎)
66724dcd-45dd-451a-ac8a-b3dc1852da49,肥前鹿島,33.114445,130.097805,佐賀県,JR長崎本線(鳥栖～長崎)
e4b3eeac-91c2-4167-9c48-d4e8aa352d73,肥前浜,33.095103,130.117079,佐賀県,JR長崎本線(鳥栖～長崎)
fc753ed7-f77a-4e1e-a1ce-fbfbd94258ef,肥前七浦,33.070931,130.145245,佐賀県,JR長崎本線(鳥栖～長崎)
9dba2ca4-4f60-4f00-9147-4df7d3ebe553,肥前飯田,33.055701,130.158754,佐賀県,JR長崎本線(鳥栖～長崎)
91f30b0a-c3e6-4974-a000-ae6e88cc0dd9,多良,33.02524,130.176049,佐賀県,JR長崎本線(鳥栖～長崎)
922a2335-a0bf-4903-9d34-5e64c00bca50,肥前大浦,32.975043,130.207159,佐賀県,JR長崎本線(鳥栖～長崎)
bd31bd4c-dabb-4035-99d0-08de791a39ae,小長井,32.924075,130.186386,長崎県,JR長崎本線(鳥栖～長崎)
6068d081-3d81-4c49-afec-242da151c3d0,長里,32.91526,130.165484,長崎県,JR長崎本線(鳥栖～長崎)
dfbedd07-c7ae-459d-be9c-1b54d1a400cb,湯江,32.904811,130.140614,長崎県,JR長崎本線(鳥栖～長崎)
2a98afb2-b4d8-4085-b251-532b962c1663,小江,32.891351,130.112282,長崎県,JR長崎本線(鳥栖～長崎)
d408872f-60c1-4607-9838-51ba662df48e,肥前長田,32.861773,130.079971,長崎県,JR長崎本線(鳥栖～長崎)
9961dfaa-66e6-407d-91cb-082cc25477f0,東諫早,32.852823,130.061675,長崎県,JR長崎本線(鳥栖～長崎)
2a2fd8a5-b7ae-4df3-9588-7b84d7a6d48a,諫早,32.851018,130.041596,長崎県,JR長崎本線(鳥栖～長崎)
06869fd0-3585-4d82-9c0e-e84d0931651d,西諫早,32.839632,130.021269,長崎県,JR長崎本線(鳥栖～長崎)
a36b9915-ee17-4ee4-8c34-2595f5583e68,喜々津,32.832743,129.98627,長崎県,JR長崎本線(鳥栖～長崎)
73a708c0-b1a0-433a-9cd2-05bbbfbe9e57,市布,32.818986,129.965831,長崎県,JR長崎本線(鳥栖～長崎)
1d44c6f4-c707-4741-9840-3b4719a0a4e1,肥前古賀,32.798463,129.951571,長崎県,JR長崎本線(鳥栖～長崎)
a46ddc90-f05a-4113-a700-174cb3e0087c,現川,32.79118,129.926453,長崎県,JR長崎本線(鳥栖～長崎)
3ff1f1cf-cee4-4da8-8588-57489ca9a5e5,東園,32.847091,129.962591,長崎県,JR長崎本線(鳥栖～長崎)
ae51b440-2210-4296-9171-967f39e08222,大草,32.860232,129.938972,長崎県,JR長崎本線(鳥栖～長崎)
3dfebe3c-6ed9-49ab-ac4e-9b9f56f7e7e0,本川内,32.831792,129.899916,長崎県,JR長崎本線(鳥栖～長崎)
8ff1ecd7-4327-48b8-9b68-b46b3f446f2a,長与,32.818981,129.879434,長崎県,JR長崎本線(鳥栖～長崎)
1ee66d19-7cdd-42d3-9d41-acb674c23178,高田,32.819475,129.869457,長崎県,JR長崎本線(鳥栖～長崎)
b4160fe8-fcbb-4162-bf97-f0fedcec1fd1,道ノ尾,32.804329,129.852997,長崎県,JR長崎本線(鳥栖～長崎)
b8c77c46-e54c-49aa-8eab-45c217c9cb0d,西浦上,32.790245,129.859206,長崎県,JR長崎本線(鳥栖～長崎)
9fc4b1ea-e01f-416f-8d30-bdc33c314114,浦上,32.765767,129.863304,長崎県,JR長崎本線(鳥栖～長崎)
992b156f-3495-41ca-be6e-9f9f4059413c,長崎,32.753085,129.870515,長崎県,JR長崎本線(鳥栖～長崎)
6fee4448-f045-450a-9572-37b5b12e76e4,門司港,33.945138,130.961549,福岡県,JR日豊本線(門司港～佐伯)
a7f733c5-7bfd-4743-a8c2-983437364270,小森江,33.916352,130.938674,福岡県,JR日豊本線(門司港～佐伯)
afd82996-492b-4f98-ab3b-3e9c42885099,門司,33.904309,130.933438,福岡県,JR日豊本線(門司港～佐伯)
ce77d8c3-719b-467b-91c4-c10189383752,小倉,33.886756,130.882678,福岡県,JR日豊本線(門司港～佐伯)
1da33ed0-4e56-4ced-a6b1-092099a43b8f,西小倉,33.888673,130.873897,福岡県,JR日豊本線(門司港～佐伯)
8fad8d34-3901-43ae-a5c6-68223b5ba21a,南小倉,33.869972,130.864895,福岡県,JR日豊本線(門司港～佐伯)
680f902a-cdd8-4a4d-882d-94a89c7c7811,城野,33.858202,130.886242,福岡県,JR日豊本線(門司港～佐伯)
ecb5dc57-b1fc-4d86-81d2-c8561aa91310,安部山公園,33.844078,130.904498,福岡県,JR日豊本線(門司港～佐伯)
aafe6ea7-9b63-489f-b162-6caea8b92638,下曽根,33.832522,130.934829,福岡県,JR日豊本線(門司港～佐伯)
380ed3eb-0453-4a40-8e0a-a7d6e31aabba,朽網,33.807384,130.955025,福岡県,JR日豊本線(門司港～佐伯)
b5805812-a1b6-4253-b988-980feb4bea04,苅田,33.784462,130.979016,福岡県,JR日豊本線(門司港～佐伯)
7faebcbf-6ca6-43c8-b687-af0833222408,小波瀬西工大前,33.752992,130.97197,福岡県,JR日豊本線(門司港～佐伯)
3d1afebf-c210-4f30-9ce4-f704e3695470,行橋,33.72835,130.970313,福岡県,JR日豊本線(門司港～佐伯)
1a2d7279-2f40-4a6e-b564-e8da827ff4c3,南行橋,33.716332,130.981118,福岡県,JR日豊本線(門司港～佐伯)
0302cb2c-7211-452a-bed2-7a9aa0bd60a6,新田原,33.695152,131.008316,福岡県,JR日豊本線(門司港～佐伯)
5b5eab9f-36fe-417e-b7d7-6e49e05cc1cb,築城,33.673119,131.038069,福岡県,JR日豊本線(門司港～佐伯)
95719dda-7c42-48e6-ac3c-61f4dcab85a2,椎田,33.653377,131.057965,福岡県,JR日豊本線(門司港～佐伯)
2dd2ba7f-f491-44ed-a9d3-a90c8efbd0a7,豊前松江,33.622487,131.095421,福岡県,JR日豊本線(門司港～佐伯)
8b7508f3-17e3-4a2d-89bb-58465874fa26,宇島,33.62131,131.126354,福岡県,JR日豊本線(門司港～佐伯)
3af54693-90b7-41b7-91e5-5239ec93bead,三毛門,33.614597,131.15653,福岡県,JR日豊本線(門司港～佐伯)
2c945632-237e-4604-b424-8e40cf0bc4c8,吉富,33.604465,131.174012,福岡県,JR日豊本線(門司港～佐伯)
9fd69e16-c6c7-4793-9203-a4c0e63e9ff7,中津,33.599202,131.190769,大分県,JR日豊本線(門司港～佐伯)
5e633315-4c06-4f03-a183-201208870512,東中津,33.58788,131.238664,大分県,JR日豊本線(門司港～佐伯)
8d4771ff-2c33-472d-b693-0474d3744f5a,今津,33.571929,131.267462,大分県,JR日豊本線(門司港～佐伯)
2f5044ad-3f19-43fd-919a-e888c1adee3b,天津,33.564678,131.292962,大分県,JR日豊本線(門司港～佐伯)
d5bc6c04-0611-4984-8056-50c4629caf45,豊前善光寺,33.566479,131.322776,大分県,JR日豊本線(門司港～佐伯)
6c87ab2b-4cf4-498a-9a65-81260e59afd2,柳ケ浦,33.564982,131.362665,大分県,JR日豊本線(門司港～佐伯)
12372332-b2ae-400a-9226-5b7db0cdc6ef,豊前長洲,33.56465,131.383264,大分県,JR日豊本線(門司港～佐伯)
445dce4b-3946-4fc8-8c6c-7cf121c8f94b,宇佐,33.531373,131.41231,大分県,JR日豊本線(門司港～佐伯)
d09f1512-7e7b-4d23-980a-820ad2d9a75d,西屋敷,33.504332,131.429433,大分県,JR日豊本線(門司港～佐伯)
730418ce-a365-4411-8bcf-dcf8b4751038,立石,33.481829,131.476993,大分県,JR日豊本線(門司港～佐伯)
27913c0f-3ae2-43b6-b347-e24edb8eff67,中山香,33.448636,131.505721,大分県,JR日豊本線(門司港～佐伯)
6ec392a5-3121-49e0-8e74-21587be8a1f7,杵築,33.411081,131.575295,大分県,JR日豊本線(門司港～佐伯)
4c10c68d-f783-4109-bf52-b1df6eadeb4a,大神,33.383576,131.57524,大分県,JR日豊本線(門司港～佐伯)
3d050090-ce18-4099-a3b5-bbd205768885,日出,33.368921,131.543036,大分県,JR日豊本線(門司港～佐伯)
ba4affe5-c3e2-4176-aa75-3c3c99a3b997,暘谷,33.370112,131.530581,大分県,JR日豊本線(門司港～佐伯)
682e4647-c9f5-4f96-bea2-a15bfe251e6e,豊後豊岡,33.361923,131.50137,大分県,JR日豊本線(門司港～佐伯)
72ccded8-96dc-4b1c-a4f8-a7f6f751347b,亀川,33.330688,131.493019,大分県,JR日豊本線(門司港～佐伯)
1afb6fa6-e404-4db6-bdc6-abd27b2452d3,別府大学,33.31327,131.499255,大分県,JR日豊本線(門司港～佐伯)
18aa360a-4f56-4471-8685-253991c4e4ea,別府,33.279665,131.500319,大分県,JR日豊本線(門司港～佐伯)
77f6d146-9581-4ca9-884b-05b4727ec4e9,東別府,33.267753,131.510537,大分県,JR日豊本線(門司港～佐伯)
cd017d33-884a-4c9c-a020-29708ac6581a,西大分,33.245184,131.582758,大分県,JR日豊本線(門司港～佐伯)
02e9e8bf-d87d-4d44-872c-761e70fe7dd0,大分,33.232794,131.606595,大分県,JR日豊本線(門司港～佐伯)
7d061b3d-63d1-4040-8e59-5a9956598270,牧,33.237006,131.637828,大分県,JR日豊本線(門司港～佐伯)
2fedc222-2ded-465f-bb25-43619c802f0c,高城,33.242837,131.655746,大分県,JR日豊本線(門司港～佐伯)
3aea30f7-726f-4509-8ad2-16b1ee61cf6e,鶴崎,33.242852,131.686899,大分県,JR日豊本線(門司港～佐伯)
98ca5671-c757-4f01-bbb0-e4a1a9b20f9e,大在,33.243938,131.720487,大分県,JR日豊本線(門司港～佐伯)
d365a548-b131-4f5f-a2a9-58d17de8bde6,坂ノ市,33.236715,131.751593,大分県,JR日豊本線(門司港～佐伯)
c46c3f83-5959-44b0-a786-e0e102ce4803,幸崎,33.233844,131.795095,大分県,JR日豊本線(門司港～佐伯)
e8e386ce-998d-43a3-ab9b-d1df0199cebd,佐志生,33.174957,131.817688,大分県,JR日豊本線(門司港～佐伯)
6cb5f67c-ab62-4ae5-a839-71c923ab4898,下ノ江,33.158653,131.811159,大分県,JR日豊本線(門司港～佐伯)
af57f2b6-9afa-4232-8f5a-f7b2b4d32669,熊崎,33.135768,131.787632,大分県,JR日豊本線(門司港～佐伯)
e481f7b8-f3f5-4e12-a81b-0af27566a594,上臼杵,33.112499,131.793015,大分県,JR日豊本線(門司港～佐伯)
d08a01b4-4105-48bc-b091-66c24c0eb73e,臼杵,33.118496,131.807574,大分県,JR日豊本線(門司港～佐伯)
6c9fc0c6-7d8e-4d9a-9c02-4e491ea42d4c,津久見,33.072853,131.863696,大分県,JR日豊本線(門司港～佐伯)
7d8947a3-1a4f-428d-9fc5-83a81743d7d9,日代,33.066024,131.918735,大分県,JR日豊本線(門司港～佐伯)
a1cad245-f1e5-4733-aff6-bbec46c65966,浅海井,33.043539,131.919236,大分県,JR日豊本線(門司港～佐伯)
d674057a-5249-4ee0-85bd-2d4854ed39dc,狩生,33.015334,131.904908,大分県,JR日豊本線(門司港～佐伯)
302f523f-e3c1-455c-9f5b-71efe78be874,海崎,32.996041,131.88796,大分県,JR日豊本線(門司港～佐伯)
3ec552ef-eaec-4def-84f8-60c9b2dfbf33,佐伯,32.972521,131.901857,大分県,JR日豊本線(門司港～佐伯)
cc5f4771-b37f-46a2-aada-c70e2b1e0fac,佐伯,32.972521,131.901857,大分県,JR日豊本線(佐伯～鹿児島中央)
3dd96807-aa1d-4f2e-8c8b-3ff843c99321,上岡,32.956302,131.8616,大分県,JR日豊本線(佐伯～鹿児島中央)
bf59ec0b-30ec-46e8-87dd-91f08515dc0b,直見,32.928396,131.807899,大分県,JR日豊本線(佐伯～鹿児島中央)
7e95a504-0955-4c78-a754-f23c201fdf9f,直川,32.898667,131.779529,大分県,JR日豊本線(佐伯～鹿児島中央)
237722ab-c819-4f30-8a87-7b157c2594f2,重岡,32.840339,131.715499,大分県,JR日豊本線(佐伯～鹿児島中央)
93e5815b-87e3-4886-bbd9-4f82b64bb02f,宗太郎,32.78628,131.706735,大分県,JR日豊本線(佐伯～鹿児島中央)
22166181-d571-4028-b5ab-51d739948bc4,市棚,32.728336,131.710255,宮崎県,JR日豊本線(佐伯～鹿児島中央)
dc6fb43d-a388-4cb3-8311-8078efeacb75,北川,32.690558,131.697691,宮崎県,JR日豊本線(佐伯～鹿児島中央)
4a014c8b-0c55-4006-af0f-8043360065a7,日向長井,32.664325,131.700156,宮崎県,JR日豊本線(佐伯～鹿児島中央)
0889797d-1883-4af3-9f6f-7859ea89e69a,北延岡,32.630276,131.689869,宮崎県,JR日豊本線(佐伯～鹿児島中央)
c72c586e-ceb2-4e33-8075-3d20c4bec95e,延岡,32.589944,131.672442,宮崎県,JR日豊本線(佐伯～鹿児島中央)
f7d0abdb-523a-4ae7-b578-800cb4240126,南延岡,32.559272,131.676829,宮崎県,JR日豊本線(佐伯～鹿児島中央)
c8aa10fa-5d94-4f06-9e43-6e73ea83c80c,旭ケ丘,32.52812,131.681386,宮崎県,JR日豊本線(佐伯～鹿児島中央)
3cc1202a-a6cf-4a4e-be48-f8efe7a9c54d,土々呂,32.507832,131.675009,宮崎県,JR日豊本線(佐伯～鹿児島中央)
e19ce180-35d7-4b42-b5fd-463a6038814d,門川,32.477381,131.653972,宮崎県,JR日豊本線(佐伯～鹿児島中央)
39e667f8-79ec-4ac0-be11-ce01a83f7b19,日向市,32.4258,131.62784,宮崎県,JR日豊本線(佐伯～鹿児島中央)
c13ee630-44e1-45fb-877d-a89a32a4b3ca,財光寺,32.405654,131.627602,宮崎県,JR日豊本線(佐伯～鹿児島中央)
e1c06af9-7eda-4e1e-8c42-e7d074ccaed3,南日向,32.369867,131.627784,宮崎県,JR日豊本線(佐伯～鹿児島中央)
0b60dce4-9f21-40ff-93ec-f93abc12a6c8,美々津,32.325892,131.602279,宮崎県,JR日豊本線(佐伯～鹿児島中央)
208c1782-2570-4d1a-8c1a-47413f923737,東都農,32.290109,131.582054,宮崎県,JR日豊本線(佐伯～鹿児島中央)
4553fdb1-0513-44bc-b4a3-a1da26acfa0e,都農,32.251085,131.568429,宮崎県,JR日豊本線(佐伯～鹿児島中央)
755b0bcf-0fab-49ca-8bf3-1224bba32b91,川南,32.192224,131.553321,宮崎県,JR日豊本線(佐伯～鹿児島中央)
1a7848a1-f126-43ff-8a83-51e28654d70f,高鍋,32.122866,131.533927,宮崎県,JR日豊本線(佐伯～鹿児島中央)
835991c1-d736-43ad-8b19-6297cb760c13,日向新富,32.072479,131.501627,宮崎県,JR日豊本線(佐伯～鹿児島中央)
b0b8dfe2-368d-408c-9674-1bde9247423c,佐土原,32.022412,131.477504,宮崎県,JR日豊本線(佐伯～鹿児島中央)
ecdd30b4-9faf-42c4-b565-8ef4ff25f97e,日向住吉,31.991244,131.457986,宮崎県,JR日豊本線(佐伯～鹿児島中央)
5fd0ace2-db82-4aaa-b040-19ecaabb4246,蓮ケ池,31.960113,131.442802,宮崎県,JR日豊本線(佐伯～鹿児島中央)
a9d9e717-bbe4-4e02-b351-4a29a6f6cfe5,宮崎神宮,31.938067,131.430223,宮崎県,JR日豊本線(佐伯～鹿児島中央)
4c5b6e16-d4c0-4895-8147-ff589e2f564c,宮崎,31.915742,131.431975,宮崎県,JR日豊本線(佐伯～鹿児島中央)
52591267-962d-44ec-a49f-a7de7f5ca462,南宮崎,31.895097,131.422329,宮崎県,JR日豊本線(佐伯～鹿児島中央)
7f6745dc-c985-427a-b78c-43e32787344f,加納,31.876084,131.406246,宮崎県,JR日豊本線(佐伯～鹿児島中央)
e0dbb011-2f98-42a8-82b4-d58f89729fc1,清武,31.859418,131.38931,宮崎県,JR日豊本線(佐伯～鹿児島中央)
00c06414-42e3-4201-a6fa-af73f8d0bc8d,日向沓掛,31.842241,131.344763,宮崎県,JR日豊本線(佐伯～鹿児島中央)
0e376740-dc76-450a-bb18-95f613690b7f,田野,31.838438,131.304255,宮崎県,JR日豊本線(佐伯～鹿児島中央)
8fef5962-27d2-4ad1-92b1-c5693cdaf93b,青井岳,31.827922,131.218153,宮崎県,JR日豊本線(佐伯～鹿児島中央)
52f0a288-3005-492b-b960-7ed04dc92541,山之口,31.782582,131.152735,宮崎県,JR日豊本線(佐伯～鹿児島中央)
00d96c19-d9b2-472d-9671-afba08cd5d15,餅原,31.757094,131.132508,宮崎県,JR日豊本線(佐伯～鹿児島中央)
1c0eecc2-7f44-4827-b76e-5d93565476ba,三股,31.733794,131.119384,宮崎県,JR日豊本線(佐伯～鹿児島中央)
f8144195-6cf4-4cea-93e3-6caf359040b0,都城,31.73657,131.073992,宮崎県,JR日豊本線(佐伯～鹿児島中央)
96656828-1db8-4b60-9267-9347203b1872,西都城,31.723381,131.057027,宮崎県,JR日豊本線(佐伯～鹿児島中央)
207aac6a-1d1b-40a1-a97c-6fa8f2fd8dcb,五十市,31.718448,131.033833,宮崎県,JR日豊本線(佐伯～鹿児島中央)
d751eb66-5f7b-4144-9da8-00e1fd50e1d2,財部,31.728796,130.991374,鹿児島県,JR日豊本線(佐伯～鹿児島中央)
dd569a53-48a5-41d5-ba27-e3c9fa5a9646,北俣,31.745007,130.960034,鹿児島県,JR日豊本線(佐伯～鹿児島中央)
fce2c2ec-71d5-41ae-aac9-0b03d3ec156e,大隅大川原,31.772767,130.924355,鹿児島県,JR日豊本線(佐伯～鹿児島中央)
b7d8b8b3-f094-4a75-b719-61ae29127bd7,北永野田,31.782118,130.87444,鹿児島県,JR日豊本線(佐伯～鹿児島中央)
6ca8650e-9869-4f23-8c4c-14b0c6f0d088,霧島神宮,31.818181,130.836939,鹿児島県,JR日豊本線(佐伯～鹿児島中央)
2169be5f-89df-47f3-9f4c-bd4081f6c04f,国分,31.743657,130.763447,鹿児島県,JR日豊本線(佐伯～鹿児島中央)
45ca1858-5167-4b9f-ad7c-b9b484a9ecf6,隼人,31.743893,130.740316,鹿児島県,JR日豊本線(佐伯～鹿児島中央)
fc0facc2-0005-4acd-a145-479cc02de5ef,加治木,31.739271,130.670752,鹿児島県,JR日豊本線(佐伯～鹿児島中央)
9a0a6694-9c0b-4f10-861a-1bbc2880fbc5,錦江,31.73691,130.6533,鹿児島県,JR日豊本線(佐伯～鹿児島中央)
dacc3095-46e7-47b6-8763-522ae0d92daa,帖佐,31.72697,130.632716,鹿児島県,JR日豊本線(佐伯～鹿児島中央)
122c5802-4702-4fda-a68a-c0e3d4f66c38,姶良,31.715246,130.623259,鹿児島県,JR日豊本線(佐伯～鹿児島中央)
255d3dc6-35ed-4f91-b07e-00f951a1d56a,重富,31.702717,130.61408,鹿児島県,JR日豊本線(佐伯～鹿児島中央)
cfd04a8f-629d-49fa-a5ff-de35b9153d11,竜ケ水,31.64743,130.604239,鹿児島県,JR日豊本線(佐伯～鹿児島中央)
ebb4e6b3-751f-4f85-a650-bd0b46424a27,鹿児島,31.602098,130.564112,鹿児島県,JR日豊本線(佐伯～鹿児島中央)
ca284cab-7cd4-4da9-baa4-f5c43c1a883b,鹿児島中央,31.583727,130.541789,鹿児島県,JR日豊本線(佐伯～鹿児島中央)
1fe9bf97-35f3-4ae1-82da-40a93cfd8589,桂川,33.584705,130.662752,福岡県,福北ゆたか線
7376b986-cab5-4bdb-a3ba-7e5db7659fb5,筑前大分,33.590006,130.630196,福岡県,福北ゆたか線
b9b08562-3502-45b1-9f4b-bd2e5b8f4da1,九郎原,33.592492,130.612439,福岡県,福北ゆたか線
b8473e6d-0a89-47ba-8cf6-d6b6fb72d931,城戸南蔵院前,33.61826,130.572076,福岡県,福北ゆたか線
ace2a1bc-9758-4365-bafd-79f0425689ed,筑前山手,33.622251,130.55693,福岡県,福北ゆたか線
99de17cd-9d1d-4a0d-8b5b-50733fddfe94,篠栗,33.624045,130.524515,福岡県,福北ゆたか線
69f8d160-465c-4fbe-a608-734334fdf5fe,門松,33.620531,130.496529,福岡県,福北ゆたか線
a37c8010-dd41-4ae0-9fe8-ab20e151c2f9,長者原,33.613567,130.477848,福岡県,福北ゆたか線
79918103-53a7-492f-a2e3-a7c48fa8c6c1,原町,33.611748,130.470949,福岡県,福北ゆたか線
881d4d65-d9c9-4d57-9583-4872b8d62471,柚須,33.613206,130.445031,福岡県,福北ゆたか線
a40bd122-2c9b-4197-ad4c-eb8bac6db541,吉塚,33.607142,130.423674,福岡県,福北ゆたか線
b19ca1b8-a9d7-4a51-95ec-591e667b21cb,博多,33.590002,130.420622,福岡県,福北ゆたか線
2a459085-e069-4309-8e0a-00b104dc9f18,姪浜,33.583764,130.32521,福岡県,JR筑肥線(姪浜～西唐津)
83cb2bf3-c0d1-4643-85b4-9f133fe5bef4,下山門,33.58193,130.308217,福岡県,JR筑肥線(姪浜～西唐津)
318d86ed-f873-404a-81b5-c30b1625b953,今宿,33.579449,130.273531,福岡県,JR筑肥線(姪浜～西唐津)
f37ea376-dbd1-464e-95e6-1b2fa88a51df,九大学研都市,33.578178,130.259832,福岡県,JR筑肥線(姪浜～西唐津)
4c00e003-d628-4b2a-9d06-05c03a9d5f9d,周船寺,33.570762,130.245766,福岡県,JR筑肥線(姪浜～西唐津)
1148cc68-1f18-4087-8ba8-9c0033366505,波多江,33.563876,130.226374,福岡県,JR筑肥線(姪浜～西唐津)
db573bfc-43a2-4ed2-a090-73183ce55d51,筑前前原,33.557018,130.199332,福岡県,JR筑肥線(姪浜～西唐津)
0b024d42-f5e5-4fa3-b041-1b42c8c66a61,美咲が丘,33.549624,130.185039,福岡県,JR筑肥線(姪浜～西唐津)
b9356b4d-ceee-4d15-8d3f-eec0bf5e75d9,加布里,33.54381,130.176738,福岡県,JR筑肥線(姪浜～西唐津)
cf9f52f1-1e69-4a29-81da-fb84879450c3,一貴山,33.534294,130.168236,福岡県,JR筑肥線(姪浜～西唐津)
b1ad38f1-a3f9-403e-9d83-f0bc3c9e28c0,筑前深江,33.515099,130.139303,福岡県,JR筑肥線(姪浜～西唐津)
67775f39-84eb-4a7c-a2a0-828a5be0bd60,大入,33.50891,130.105576,福岡県,JR筑肥線(姪浜～西唐津)
6dd87ddb-87fb-469a-89e1-5eb501a20130,福吉,33.50166,130.079832,福岡県,JR筑肥線(姪浜～西唐津)
5fe7fa50-2b6c-4a75-a389-e01bf1825372,鹿家,33.484391,130.047904,福岡県,JR筑肥線(姪浜～西唐津)
b907e84b-24ef-4fe1-8d4b-6725e601635d,浜崎,33.446871,130.037369,佐賀県,JR筑肥線(姪浜～西唐津)
9f0f67cc-7777-4f86-8845-caca6b8a549c,虹ノ松原,33.441035,130.016271,佐賀県,JR筑肥線(姪浜～西唐津)
c6818a19-3326-4dc9-b80e-63da76c3f40f,東唐津,33.439409,129.996876,佐賀県,JR筑肥線(姪浜～西唐津)
8eaac828-ec8c-47d7-8ab0-237024adf55c,和多田,33.437048,129.980616,佐賀県,JR筑肥線(姪浜～西唐津)
8314e781-8529-4dcc-bf51-b40254826add,唐津,33.446038,129.96835,佐賀県,JR筑肥線(姪浜～西唐津)
de70eac1-a7ab-48db-8dc9-2eba82c56599,西唐津,33.46142,129.957748,佐賀県,JR筑肥線(姪浜～西唐津)
1c6b7c05-2c3e-41a3-a6a0-ce6232f7b0f3,若松,33.901179,130.806307,福岡県,若松線
77fbd3ea-16c4-4dc4-9784-d616ac74e593,藤ノ木,33.893426,130.781838,福岡県,若松線
68266808-845c-4a75-b329-ff65410f20bc,奥洞海,33.889165,130.76492,福岡県,若松線
ce9a0186-1c8d-4c58-8493-09292e57f211,二島,33.889687,130.748413,福岡県,若松線
ae622048-b4ba-41ed-9881-99ae30920395,本城,33.875135,130.722899,福岡県,若松線
1001514c-04ae-4fd4-8115-bdf479baf9bf,折尾,33.863629,130.713109,福岡県,若松線
d3d27199-4dde-4412-a0c9-5952ebac3334,折尾,33.863629,130.713109,福岡県,福北ゆたか線(折尾～桂川)
c46c7f5b-f997-49b2-8632-7e3f531376a8,東水巻,33.840852,130.70826,福岡県,福北ゆたか線(折尾～桂川)
1df34fdb-3e7d-4e89-9350-91e6f6472e58,中間,33.828132,130.709302,福岡県,福北ゆたか線(折尾～桂川)
b1d723c8-6e6a-462c-bf96-713c587e74c1,筑前垣生,33.818385,130.702269,福岡県,福北ゆたか線(折尾～桂川)
fbef35fa-bb6d-42ec-8da8-2dbb56f249ba,鞍手,33.797699,130.699412,福岡県,福北ゆたか線(折尾～桂川)
42ba0a25-77e2-4272-9a5f-09bde4a0bb56,筑前植木,33.777174,130.70795,福岡県,福北ゆたか線(折尾～桂川)
a90f7ab9-bca7-49ce-ab97-6b8ad0d14e3e,新入,33.763498,130.714152,福岡県,福北ゆたか線(折尾～桂川)
3777b74f-ca35-4442-a023-8050d9685ffd,直方,33.748639,130.724339,福岡県,福北ゆたか線(折尾～桂川)
c1bb267d-8939-4d44-b0cd-b369e6e96659,勝野,33.728338,130.715893,福岡県,福北ゆたか線(折尾～桂川)
88785599-5791-4bcd-ab01-8a1420965fb4,小竹,33.697227,130.710338,福岡県,福北ゆたか線(折尾～桂川)
1ed1b7b7-216e-4837-8854-f2ad6aa746e8,鯰田,33.669341,130.703163,福岡県,福北ゆたか線(折尾～桂川)
989cd5a3-0334-4e7b-85b6-d998fa62bf94,浦田,33.655801,130.699277,福岡県,福北ゆたか線(折尾～桂川)
2796e475-59d8-44e0-9f75-2a644a49c418,新飯塚,33.644261,130.694278,福岡県,福北ゆたか線(折尾～桂川)
4f8b9576-01d4-4ff5-b1be-7a9b421da74c,飯塚,33.628487,130.689545,福岡県,福北ゆたか線(折尾～桂川)
9eb522b9-e9e2-4dc5-9c40-9ff6eff98569,天道,33.605342,130.67787,福岡県,福北ゆたか線(折尾～桂川)
d73b754e-ff92-48c9-9f7a-ed46c1815e0c,桂川,33.584705,130.662752,福岡県,福北ゆたか線(折尾～桂川)
68474c08-c9d6-46b3-9d5b-71ba3594b0ce,桂川,33.584705,130.662752,福岡県,原田線
68419e00-b7b4-4ffd-9173-977d9d9b54e4,上穂波,33.566909,130.645151,福岡県,原田線
c630f6cd-cca8-4293-9002-09872fbb5f18,筑前内野,33.539967,130.63793,福岡県,原田線
6b23495d-eefb-455c-9516-6212d75d9efb,筑前山家,33.477472,130.574185,福岡県,原田線
1dce272d-4578-49fb-9ba1-6c301d9495aa,原田,33.451769,130.539376,福岡県,原田線
a0b67c9b-3d13-4c97-b1f3-e2b277054510,久留米,33.319778,130.501408,福岡県,ゆふ高原線
305a6f0b-7bc2-4abd-b1ab-8c8ba09e21ff,久留米高校前,33.298431,130.517109,福岡県,ゆふ高原線
4057b46f-614a-4055-a36c-773ca505d8f7,南久留米,33.302857,130.532204,福岡県,ゆふ高原線
590137e2-b1a3-40c9-895c-4cdc854fadc7,久留米大学前,33.310843,130.548876,福岡県,ゆふ高原線
1fc15174-2f7b-4fc0-9222-2f55c34dc981,御井,33.312813,130.562361,福岡県,ゆふ高原線
17209bd0-85bc-4d59-ab4e-990a4c815e6a,善導寺,33.320141,130.608851,福岡県,ゆふ高原線
2e4afd8e-4e60-46d0-b479-257fe915b593,筑後草野,33.321988,130.642143,福岡県,ゆふ高原線
839ebf7a-b3c6-443a-950b-0638aeb8019e,田主丸,33.338871,130.692353,福岡県,ゆふ高原線
958490c3-e936-4d1c-a658-e3148be1ffeb,筑後吉井,33.341014,130.752193,福岡県,ゆふ高原線
eec20d3c-0bd0-4ad0-9b16-6a905065e8d0,うきは,33.33506,130.789107,福岡県,ゆふ高原線
d9102b6f-8426-4bab-83bc-ab4e840d7249,筑後大石,33.347215,130.816899,福岡県,ゆふ高原線
43926e99-6a72-425a-af70-dd689fe7cbb4,夜明,33.319541,130.866195,大分県,ゆふ高原線
c28b0759-af71-4a40-b96a-610ffd58b577,光岡,33.327668,130.919901,大分県,ゆふ高原線
c0f5952e-1e7f-4043-b425-227f0a3cf711,日田,33.317014,130.938786,大分県,ゆふ高原線
a644dc95-967e-48af-a4fc-5433e792cc40,豊後三芳,33.305796,130.951557,大分県,ゆふ高原線
c8bf0e45-4eab-4f8b-9187-ca26c89ae7be,豊後中川,33.284482,131.005834,大分県,ゆふ高原線
1febe831-d606-429c-a59a-eea82611734c,天ケ瀬,33.254747,131.023877,大分県,ゆふ高原線
f7c92063-bfca-40dc-b93a-461354b1b390,杉河内,33.264391,131.065535,大分県,ゆふ高原線
5c6c64de-7ebe-4e73-b8fd-795d09aac60f,北山田,33.282004,131.100917,大分県,ゆふ高原線
7f374eac-efa1-47c9-9147-97cce2d4248f,豊後森,33.282954,131.155202,大分県,ゆふ高原線
d9835ed9-c69e-48f3-9d8b-cc2bd6565e76,恵良,33.255224,131.174566,大分県,ゆふ高原線
137c2f7e-d8b9-4898-894a-3980ba143b61,引治,33.229188,131.183589,大分県,ゆふ高原線
11c68740-7c32-43e8-9ac6-2c4da2e3cef0,豊後中村,33.226016,131.207548,大分県,ゆふ高原線
0578125f-fdcd-4899-84e7-a4ee3fa8fc6e,野矢,33.240391,131.25186,大分県,ゆふ高原線
2e8763c5-12fe-4f81-bd57-eb19c36b7963,由布院,33.262551,131.355024,大分県,ゆふ高原線
363a506c-3c5b-47bc-8e55-e5c39b24fe80,南由布,33.242116,131.333544,大分県,ゆふ高原線
9ce5850a-e8ba-4ae3-86e5-d9583e5a915c,湯平,33.197339,131.354395,大分県,ゆふ高原線
53feb7b5-642b-4778-b49d-0433efe00927,庄内,33.185126,131.402063,大分県,ゆふ高原線
aab50144-3ef3-4d93-bde9-d180adbb0158,天神山,33.187154,131.438821,大分県,ゆふ高原線
2d3607af-47b0-4cf9-b508-583546f336ef,小野屋,33.185258,131.452546,大分県,ゆふ高原線
5d282942-96b7-433a-95d6-5b3f9cc322b3,鬼瀬,33.195721,131.485586,大分県,ゆふ高原線
2f444009-2df3-45c0-9340-51092a576bde,向之原,33.196625,131.514075,大分県,ゆふ高原線
2b40778b-d0bf-4436-8b2e-66084f0774c1,豊後国分,33.195065,131.551219,大分県,ゆふ高原線
9162a6dc-858c-4143-a3a1-05c5b8ee4b0a,賀来,33.213091,131.562455,大分県,ゆふ高原線
5f09bbbf-2934-4330-8e94-a2d368ba2574,南大分,33.214276,131.585913,大分県,ゆふ高原線
cc3d1150-0c28-438c-8e11-e000ad7c468f,古国府,33.220707,131.608306,大分県,ゆふ高原線
15629a7b-f498-4e4d-bbc7-c69a4c587828,大分,33.232794,131.606595,大分県,ゆふ高原線
1338a1de-6d97-4d85-8e13-14f87749ea6e,小倉,33.886756,130.882678,福岡県,JR日田彦山線
d31b8cd1-0585-408c-8fb8-a6451f820d47,西小倉,33.888673,130.873897,福岡県,JR日田彦山線
5f2ef71f-8a91-49dc-9911-f4f4aa5a6396,南小倉,33.869972,130.864895,福岡県,JR日田彦山線
f6ecceb5-2662-44cc-a748-b9f776433628,城野,33.858202,130.886242,福岡県,JR日田彦山線
d6750930-7c95-4be6-82e4-9e804ddea3b5,石田,33.831985,130.888847,福岡県,JR日田彦山線
68240ea9-be06-4dbb-b6a0-983baf14dcb4,志井公園,33.818636,130.879793,福岡県,JR日田彦山線
cc0fd54d-d486-4405-a413-506e07c36654,志井,33.803569,130.874596,福岡県,JR日田彦山線
5fe7c8a2-db63-4778-8424-dacf55b1bbc2,石原町,33.784959,130.865972,福岡県,JR日田彦山線
e495bc7e-536b-4a18-a494-9107c6116175,呼野,33.754949,130.861796,福岡県,JR日田彦山線
f04974f6-35ec-478e-9f05-d3e372693c34,採銅所,33.707489,130.853151,福岡県,JR日田彦山線
25af5e37-1526-434b-9103-5c52acc4c2b8,香春,33.666003,130.846972,福岡県,JR日田彦山線
c3264471-dc93-4348-abea-de10d43021c3,一本松,33.65607,130.835781,福岡県,JR日田彦山線
37ddee4c-4c4b-4693-a186-3fe09477fdc8,田川伊田,33.642046,130.817688,福岡県,JR日田彦山線
49750e31-c879-408c-81a9-5781d16bd4a5,田川後藤寺,33.630294,130.800232,福岡県,JR日田彦山線
267d91a8-e5dd-4593-b5fa-69e11fdafcfa,池尻,33.613121,130.805704,福岡県,JR日田彦山線
b096ee0e-1585-43b8-b31a-4cc2edaff712,豊前川崎,33.596782,130.821989,福岡県,JR日田彦山線
807c1918-ddfd-4ec9-9d2f-19688bfa2802,西添田,33.57344,130.847124,福岡県,JR日田彦山線
8ca18260-a15a-45da-b4af-8f1df0037726,添田,33.567352,130.856454,福岡県,JR日田彦山線
947add59-cd8a-481c-9e7e-c09909376688,歓遊舎ひこさん,33.547909,130.859839,福岡県,JR日田彦山線
6cffe208-1c27-4e77-8310-3a6707697d91,豊前桝田,33.535777,130.86243,福岡県,JR日田彦山線
ea58fe89-e8bc-4983-afd1-dfc92174203e,彦山,33.500728,130.869093,福岡県,JR日田彦山線
a56126e3-53c7-48fb-8a8d-34baddbe77b1,筑前岩屋,33.430539,130.881524,福岡県,JR日田彦山線
3562b7ed-e498-4bc0-ad6c-a703a2592c41,大行司,33.396897,130.874662,福岡県,JR日田彦山線
27595023-67a6-4b1b-b236-02fdc19d57a3,宝珠山,33.378819,130.87942,福岡県,JR日田彦山線
6e948bcf-6557-4c64-8727-df1185df5f0c,大鶴,33.366868,130.885387,大分県,JR日田彦山線
ce804ed5-2840-4804-9aa1-b43aa9d65d46,今山,33.345223,130.876977,大分県,JR日田彦山線
dbbc63ad-737a-4525-b3b7-060d0b982d68,夜明,33.319541,130.866195,大分県,JR日田彦山線
f7fe356a-c88e-4bd9-8ca5-8489f0367c42,光岡,33.327668,130.919901,大分県,JR日田彦山線
12820bcb-6653-41a6-8711-5fcdb8456c45,日田,33.317014,130.938786,大分県,JR日田彦山線
5c082337-a283-4ee6-9eb8-f57567183f2d,新飯塚,33.644261,130.694278,福岡県,JR後藤寺線
50560001-9a52-4cc2-b747-4f454f2bb885,上三緒,33.622254,130.713824,福岡県,JR後藤寺線
1025815c-5136-465e-b6af-05da488e46cd,下鴨生,33.614811,130.728209,福岡県,JR後藤寺線
dca1db54-d2e6-46a8-a1fa-1a8bbd8f4970,筑前庄内,33.61635,130.738475,福岡県,JR後藤寺線
bd4fcbf6-d58e-4847-807b-a0f090df5a6a,船尾,33.630221,130.767387,福岡県,JR後藤寺線
47f0580f-4de2-4d68-83fb-613cbaa09936,田川後藤寺,33.630294,130.800232,福岡県,JR後藤寺線
0218a60b-77e1-4db6-af35-eadaff46a40b,西戸崎,33.650139,130.35777,福岡県,海の中道線
c1194aba-8439-4f12-b6a9-44cf39f6ce36,海ノ中道,33.664241,130.361633,福岡県,海の中道線
f15c1116-206f-42f7-ba30-487b006e5f55,雁ノ巣,33.683872,130.403312,福岡県,海の中道線
b9621487-a00c-4cbb-8cc7-b18162e5199c,奈多,33.68646,130.411983,福岡県,海の中道線
e75c1b7d-bad6-4a9c-9c4d-548dcfe8a808,和白,33.688888,130.429918,福岡県,海の中道線
1512cfd1-334c-4719-863d-c630554f51d5,香椎,33.659228,130.444063,福岡県,海の中道線
2f85cc3e-bb1d-47d9-9372-fac2f5826a21,香椎,33.659228,130.444063,福岡県,JR香椎線(香椎～宇美)
4e445b20-c68d-4b85-830e-7448ffa00306,香椎神宮,33.649544,130.45271,福岡県,JR香椎線(香椎～宇美)
753421f7-c498-49fe-81d3-3579c33ddf81,舞松原,33.645386,130.455141,福岡県,JR香椎線(香椎～宇美)
e42584c7-89c8-425d-a75c-755a9d14518b,土井,33.634968,130.466068,福岡県,JR香椎線(香椎～宇美)
cb4f28e3-24ec-48f4-9660-c54cfb3791be,伊賀,33.6208,130.473554,福岡県,JR香椎線(香椎～宇美)
6b854946-48e7-4207-ba79-41dbc678e221,長者原,33.613567,130.477848,福岡県,JR香椎線(香椎～宇美)
f24777d8-a516-466a-9a87-f31c25796624,酒殿,33.602652,130.486348,福岡県,JR香椎線(香椎～宇美)
4f84e48f-2cb6-430e-ad56-73c251918c60,須恵,33.596803,130.498077,福岡県,JR香椎線(香椎～宇美)
d0fa515d-97de-4f1f-8fef-21a7dcbf27ea,須恵中央,33.587296,130.505146,福岡県,JR香椎線(香椎～宇美)
f9fb22e7-d9b5-4d90-a4ce-21d18432d4ce,新原,33.579061,130.508835,福岡県,JR香椎線(香椎～宇美)
304b0b44-2ca5-4bd9-a281-cae84772dad8,宇美,33.569251,130.513426,福岡県,JR香椎線(香椎～宇美)
66f74317-820f-4aeb-9045-cd01e87d1aa9,肥前山口,33.21919,130.160858,佐賀県,JR佐世保線
93ace45d-2ac4-4b11-8dd6-4b64e73d3f37,大町,33.212462,130.106398,佐賀県,JR佐世保線
4cd871ff-9a29-4826-8d04-0ac10c2d7ccd,北方,33.21625,130.083206,佐賀県,JR佐世保線
95249fa7-88a6-4387-9309-9ca7b646378a,高橋,33.2081,130.042315,佐賀県,JR佐世保線
c92e0877-9118-4be0-9dfd-785763818ffe,武雄温泉,33.196151,130.022322,佐賀県,JR佐世保線
e6e7cd5e-bfe5-429f-b3f7-0e5a5218d06f,永尾,33.193439,129.980476,佐賀県,JR佐世保線
99c6aafc-1750-4435-b08d-ec0acc16c86b,三間坂,33.194722,129.947798,佐賀県,JR佐世保線
e409a3a1-a883-411b-bf54-de58290741b3,上有田,33.190286,129.905404,佐賀県,JR佐世保線
6e847be7-2ec3-42ba-81b1-5d140bf78ea3,有田,33.183779,129.881787,佐賀県,JR佐世保線
807f37a3-7d7a-4902-94f5-cdfd2bb9de28,三河内,33.150268,129.82919,長崎県,JR佐世保線
8aaa340e-8717-47e5-96da-8f9db291a8c5,早岐,33.134155,129.79929,長崎県,JR佐世保線
1d1e619b-ad44-47fa-85eb-c465cd506fc6,大塔,33.14917,129.782014,長崎県,JR佐世保線
f31bac97-de8a-4750-9ea1-38fc5f40db16,日宇,33.157418,129.758276,長崎県,JR佐世保線
79bd4eca-1ccb-4e5c-8e44-6f77f32a98b9,佐世保,33.163868,129.725667,長崎県,JR佐世保線
63c5f5ae-a328-48df-aa23-c48d9d848fc8,西唐津,33.46142,129.957748,佐賀県,JR筑肥線(西唐津～伊万里)
6f3b6728-7601-4c03-954d-327a0a900313,唐津,33.446038,129.96835,佐賀県,JR筑肥線(西唐津～伊万里)
01450fca-256d-41ce-adbb-d2220b7296e0,鬼塚,33.421166,129.987138,佐賀県,JR筑肥線(西唐津～伊万里)
c02f42b7-19e2-432e-b931-bf043e61b459,山本,33.393472,129.981122,佐賀県,JR筑肥線(西唐津～伊万里)
a0dcec33-b46f-42f3-9356-6154a352b018,肥前久保,33.355738,130.000104,佐賀県,JR筑肥線(西唐津～伊万里)
23511f9b-c067-4560-b607-fd9f19748dbc,西相知,33.347686,129.99053,佐賀県,JR筑肥線(西唐津～伊万里)
3b9b3211-6b44-4058-b1d2-58428bb9adb0,佐里,33.337476,129.978545,佐賀県,JR筑肥線(西唐津～伊万里)
ab24017d-72b8-4fc6-8cc9-776578d88efa,駒鳴,33.319455,129.972469,佐賀県,JR筑肥線(西唐津～伊万里)
43e3e9e9-5548-4673-ac1d-e4048ea64e96,大川野,33.307298,129.976724,佐賀県,JR筑肥線(西唐津～伊万里)
19616caa-d0d9-40e7-bf8f-9c86bb8141b5,肥前長野,33.29571,129.971033,佐賀県,JR筑肥線(西唐津～伊万里)
cb8b2e98-ca02-4387-89e8-e86b0ec3f2ad,桃川,33.271809,129.956683,佐賀県,JR筑肥線(西唐津～伊万里)
c9d56bb8-b511-472f-974d-ea25a9f38359,金石原,33.265354,129.935012,佐賀県,JR筑肥線(西唐津～伊万里)
ce704c00-4a22-487f-b0f1-8bd052cbcdbd,上伊万里,33.270066,129.892515,佐賀県,JR筑肥線(西唐津～伊万里)
963f9abf-bdd2-441e-9ff9-f186d036d41d,伊万里,33.271852,129.876718,佐賀県,JR筑肥線(西唐津～伊万里)
92cf2957-caef-40f6-ad77-ba59821c2b7c,佐賀,33.264212,130.297608,佐賀県,JR唐津線
33d4aca4-ed09-427c-adab-53a055e2f123,鍋島,33.259062,130.265702,佐賀県,JR唐津線
6aa8becd-5478-4988-9072-e49523f418a7,バルーンさが,33.257795,130.248942,佐賀県,JR唐津線
7a143101-dfb1-4cd6-b08e-da902aa2b73c,久保田,33.255717,130.229594,佐賀県,JR唐津線
f47b6f85-ffd9-4413-b184-2add20e9bf75,小城,33.285749,130.198679,佐賀県,JR唐津線
0bf50a0d-ee4c-477d-9bd0-f852d3b60a5b,東多久,33.285418,130.143188,佐賀県,JR唐津線
5be08020-cd97-4586-9255-a11cddba5a76,中多久,33.28336,130.112308,佐賀県,JR唐津線
13cfe40e-3e4d-41b0-a172-20d258fe0686,多久,33.28838,130.096195,佐賀県,JR唐津線
d161c217-0883-4867-a49e-bccb68d7e74b,厳木,33.323451,130.060148,佐賀県,JR唐津線
34b1d927-ff93-497a-9ba0-1c5bd6b99a9b,岩屋,33.330775,130.038436,佐賀県,JR唐津線
aac91539-45a7-425d-8574-777e87f2a246,相知,33.347012,130.019337,佐賀県,JR唐津線
928e4933-ab68-4567-bcbf-acba25868d29,本牟田部,33.372266,129.996529,佐賀県,JR唐津線
11750ca6-482a-492b-966d-d425c6194db6,山本,33.393472,129.981122,佐賀県,JR唐津線
d888036b-d2d3-4ce3-9fdc-1f15d5fc0207,鬼塚,33.421166,129.987138,佐賀県,JR唐津線
d62d5d6e-39a8-4904-9bd7-49393b6d32f8,唐津,33.446038,129.96835,佐賀県,JR唐津線
7f8a4ea5-8998-420b-a3cf-63e10ef585fd,西唐津,33.46142,129.957748,佐賀県,JR唐津線
09f8dc75-2057-4a49-9af0-b912fa9aa337,早岐,33.134155,129.79929,長崎県,JR大村線
0f6e2b26-d52f-4423-a73c-fe717bb64189,ハウステンボス,33.091923,129.796458,長崎県,JR大村線
fd999ecf-3e66-4a9a-a4b0-550174c9fd51,南風崎,33.086984,129.80111,長崎県,JR大村線
e8415d60-4f35-4bc0-9b86-71a1a90b1423,小串郷,33.063779,129.834347,長崎県,JR大村線
cd67d922-12f8-461d-b138-0935795c5d2f,川棚,33.068368,129.864112,長崎県,JR大村線
953f7802-b5bc-4cf4-9043-7d3382f2e30d,彼杵,33.039875,129.914541,長崎県,JR大村線
1628bd45-eb75-4628-a49f-93d110ef9198,千綿,33.013107,129.945573,長崎県,JR大村線
a72bfc98-afe4-4d18-aa47-a616ecea0eef,松原,32.97738,129.94619,長崎県,JR大村線
69aa7225-a885-45b7-8ef4-903b1c2125d2,竹松,32.939959,129.953035,長崎県,JR大村線
62853f61-2dd4-4750-85e1-bdbfbb4bf605,諏訪,32.923627,129.960277,長崎県,JR大村線
29f83754-8097-4fea-bf44-d889038bc821,大村,32.911439,129.962238,長崎県,JR大村線
25588bdf-2732-4bb7-8d3b-44c3364f8d2f,岩松,32.890513,129.981218,長崎県,JR大村線
8c328ee4-e23c-45c7-89a0-b393c4ceb99c,諫早,32.851018,130.041596,長崎県,JR大村線
2dc8a381-6afb-4306-9aa1-fb746f77f7c5,熊本,32.789207,130.688499,熊本県,阿蘇高原線
733fb1be-e94a-4480-9f02-f09a55613365,平成,32.781569,130.703539,熊本県,阿蘇高原線
b887504e-73c1-4e5b-a694-dacb27f14286,南熊本,32.785159,130.711577,熊本県,阿蘇高原線
a08e78fe-07fe-49f6-aa66-bb48ade64dfb,新水前寺,32.793363,130.725901,熊本県,阿蘇高原線
0d2a217c-95b6-4a0b-896d-18ce43d58b8e,水前寺,32.796962,130.729823,熊本県,阿蘇高原線
4e39a2e0-70f9-47da-9b8f-f68ea9b73654,東海学園前,32.811267,130.742684,熊本県,阿蘇高原線
08e7a4e5-e292-40f6-929d-46dd933ed3ad,竜田口,32.820455,130.746933,熊本県,阿蘇高原線
cff35140-d6b2-4e61-9685-401d4c338619,武蔵塚,32.850008,130.77024,熊本県,阿蘇高原線
afd12d1f-9686-4992-9f28-82fec422d581,光の森,32.857834,130.786722,熊本県,阿蘇高原線
54a1a926-af27-435a-9b6a-2fd17503c2c3,三里木,32.861634,130.796321,熊本県,阿蘇高原線
b6935716-e650-4133-9a39-413226527cc9,原水,32.870625,130.829029,熊本県,阿蘇高原線
6e2d96f6-294b-4fa1-bf7e-68482523bb82,肥後大津,32.877512,130.866218,熊本県,阿蘇高原線
3ce5a864-9f22-4a77-9f7f-d34f04d0e7b4,瀬田,32.872567,130.914044,熊本県,阿蘇高原線
f8c2a581-370a-413d-b30e-58139a175bb7,立野,32.87757,130.965403,熊本県,阿蘇高原線
1a80cd9d-11a5-4c54-994a-c59a6c0749d4,赤水,32.913261,130.9929,熊本県,阿蘇高原線
bf89e170-59c9-4881-88be-ba41a4cb13e8,市ノ川,32.928048,131.00759,熊本県,阿蘇高原線
e2f3e06e-b3a4-4219-bac4-f2d627c8621d,内牧,32.942136,131.043648,熊本県,阿蘇高原線
84cc5bb7-e067-42bc-88f7-1ca52c99c385,阿蘇,32.937393,131.079959,熊本県,阿蘇高原線
bdbba167-3ea4-47f7-8142-7b0c5c1cd2e2,いこいの村,32.93659,131.094666,熊本県,阿蘇高原線
65ab29dc-b5ed-4a0f-a85f-4caf15aee790,宮地,32.937305,131.117476,熊本県,阿蘇高原線
66b7df91-ea4c-4e55-a616-335b91d97095,波野,32.938562,131.195298,熊本県,阿蘇高原線
27b53b53-b509-4b06-b3d4-26f02e6b4a4c,滝水,32.933342,131.24263,熊本県,阿蘇高原線
4e01d5df-aab2-4ed7-846e-8d7fc97c1921,豊後荻,32.926889,131.297657,大分県,阿蘇高原線
dafce6f6-8039-4ae3-82d6-fc6bcee008c0,玉来,32.947847,131.376369,大分県,阿蘇高原線
76cb034b-9171-4e04-96b0-89b85bb7a532,豊後竹田,32.970906,131.389814,大分県,阿蘇高原線
a4aa79fe-ed07-400a-9823-90fd5037bf3a,朝地,33.004356,131.432305,大分県,阿蘇高原線
0b31e4b6-7992-4b63-84ed-eda679009f25,緒方,32.971255,131.476678,大分県,阿蘇高原線
eb7b7a9a-efa9-4ee9-93ce-c92decbe8cbf,豊後清川,32.972974,131.523558,大分県,阿蘇高原線
47b09816-69ad-4d04-a7f5-254fc65168a7,三重町,32.983616,131.584389,大分県,阿蘇高原線
78bd05c0-6f89-4d6d-9ec7-59ee48ec0e3e,菅尾,33.014328,131.616716,大分県,阿蘇高原線
8a421e8e-9fe7-4f0a-8983-1811944c2d5b,犬飼,33.078158,131.63667,大分県,阿蘇高原線
0a5dfd5f-33b0-4f7e-a84e-2ac44cc4182c,竹中,33.121529,131.649557,大分県,阿蘇高原線
0f8f725e-ad1d-4792-9822-714b9dddbe2c,中判田,33.164564,131.638735,大分県,阿蘇高原線
0b00674e-b246-4243-8d06-dfce15408be6,大分大学前,33.177131,131.618742,大分県,阿蘇高原線
0d15aeac-09ef-410a-8d27-64acc4a75740,敷戸,33.18811,131.615128,大分県,阿蘇高原線
87027252-5b24-4aa5-9043-d8f2a6f6851b,滝尾,33.209495,131.62311,大分県,阿蘇高原線
1b59561c-5153-490e-925e-fd85888e22cf,大分,33.232794,131.606595,大分県,阿蘇高原線
8a2be125-1b82-495a-aab5-c698516f9138,熊本,32.789207,130.688499,熊本県,JR三角線
f8dfab15-69a1-44b8-a9b7-eb33541c29ff,川尻,32.743772,130.679907,熊本県,JR三角線
ed8e20ef-b7a8-44b6-84e1-1c0f8bb8f6a9,富合,32.713658,130.672808,熊本県,JR三角線
d70e498f-3aae-4681-934e-13f52386370f,宇土,32.694237,130.669148,熊本県,JR三角線
5a06a976-9b06-4368-83fe-802df4ddafb9,緑川,32.694006,130.631339,熊本県,JR三角線
2862e398-ee6e-4c0e-a559-9b70cfa13c1c,住吉,32.702066,130.597963,熊本県,JR三角線
22739aa5-0ade-4f91-a1cc-3e5a6d12d175,肥後長浜,32.690694,130.560302,熊本県,JR三角線
6a0b7ba3-3325-4bef-b2a2-2ef44f3bb748,網田,32.667493,130.547004,熊本県,JR三角線
009a40bf-fb67-4b76-9f96-ce580795abe7,赤瀬,32.653252,130.510167,熊本県,JR三角線
d8f870b2-942d-4e24-82d9-2330dabde14e,石打ダム,32.642653,130.507013,熊本県,JR三角線
164f2dd7-716b-46bc-bea7-de144fc977d5,波多浦,32.615524,130.488117,熊本県,JR三角線
2044649d-f36e-4479-8556-6b698f5f2787,三角,32.607616,130.469872,熊本県,JR三角線
436e9fd7-23ff-4024-96e5-b41c7abcd2c9,八代,32.503805,130.621609,熊本県,えびの高原線(八代～吉松)
f35f6dee-71cb-4999-b85f-002974c1d63a,段,32.468101,130.645736,熊本県,えびの高原線(八代～吉松)
a3565074-3e74-4d1f-8b75-cb4e9c802200,坂本,32.435149,130.657898,熊本県,えびの高原線(八代～吉松)
dc5781ad-7039-4670-add9-2b25fbc85c55,葉木,32.410293,130.645444,熊本県,えびの高原線(八代～吉松)
87a814d5-7a15-439e-817b-bfeb38ed831e,鎌瀬,32.391092,130.65458,熊本県,えびの高原線(八代～吉松)
34a4a606-fec8-437e-90a7-e4c7914ebf7e,瀬戸石,32.371474,130.646004,熊本県,えびの高原線(八代～吉松)
6ecae6fa-6979-4ef4-b860-be8a80224508,海路,32.349407,130.61928,熊本県,えびの高原線(八代～吉松)
24d44b2f-bba3-42fa-9545-8ca4ea098481,吉尾,32.330958,130.600352,熊本県,えびの高原線(八代～吉松)
db43ad1e-8f19-4daf-a4ff-36fbfbcb8bb2,白石,32.305694,130.608328,熊本県,えびの高原線(八代～吉松)
8ccfe345-572c-4846-ab8d-abb1ed765c24,球泉洞,32.267817,130.608191,熊本県,えびの高原線(八代～吉松)
f7f8cdcb-bfcf-4d03-b611-f8a637714eb2,一勝地,32.250231,130.652399,熊本県,えびの高原線(八代～吉松)
5f2be14e-65a2-4f6a-8137-3e0c7605fa5c,那良口,32.243732,130.667479,熊本県,えびの高原線(八代～吉松)
7deb4606-e810-4ff4-95f1-7e7b3091bebc,渡,32.236631,130.694801,熊本県,えびの高原線(八代～吉松)
7036f245-12d3-4427-a06f-d8ceb86060ad,西人吉,32.22841,130.725707,熊本県,えびの高原線(八代～吉松)
67bb5d2a-af70-4967-baca-6bf0d2f9c4cf,人吉,32.216142,130.753797,熊本県,えびの高原線(八代～吉松)
ce0d2215-d10b-4539-b5d8-ee8fe949c869,大畑,32.16493,130.787722,熊本県,えびの高原線(八代～吉松)
51a0bbde-06fd-4050-8b11-761322de8f95,矢岳,32.104278,130.769799,熊本県,えびの高原線(八代～吉松)
81323395-ae32-427f-8dac-835424bc7423,真幸,32.074544,130.72914,宮崎県,えびの高原線(八代～吉松)
9cf8280c-66f5-4eac-b28b-ebd2e3d7c038,吉松,32.012026,130.738104,鹿児島県,えびの高原線(八代～吉松)
ce110f1a-f196-466e-86c5-8158237654ad,吉松,32.012026,130.738104,鹿児島県,JR肥薩線(吉松～隼人)
c4f8b198-836d-485f-b8a0-a704ead0a48e,栗野,31.950575,130.723663,鹿児島県,JR肥薩線(吉松～隼人)
9f1c2d4b-e8b1-44d4-b02a-7e0edb7ac5ec,大隅横川,31.906487,130.702825,鹿児島県,JR肥薩線(吉松～隼人)
a0161c81-3287-4073-b1c4-2d251c59ba46,植村,31.890175,130.724065,鹿児島県,JR肥薩線(吉松～隼人)
6abc83f7-1201-409f-b5ff-3bac8d75bc5f,霧島温泉,31.86815,130.734329,鹿児島県,JR肥薩線(吉松～隼人)
0041604c-096c-442c-8a62-703e3958711e,嘉例川,31.826939,130.723021,鹿児島県,JR肥薩線(吉松～隼人)
1e6598be-f6ec-4295-b142-d3ee29dc39a8,中福良,31.813818,130.733174,鹿児島県,JR肥薩線(吉松～隼人)
0cab968f-e56a-4606-8179-7985609d8926,表木山,31.796176,130.745324,鹿児島県,JR肥薩線(吉松～隼人)
c4229875-d156-4d45-9866-81970b9d734a,日当山,31.763402,130.749836,鹿児島県,JR肥薩線(吉松～隼人)
b3c1535e-eb30-42e4-b874-75bfa7429399,隼人,31.743893,130.740316,鹿児島県,JR肥薩線(吉松～隼人)
8f329858-cf6d-48ca-89ff-2f376adc5566,宮崎,31.915742,131.431975,宮崎県,JR宮崎空港線
d7e04912-3854-404b-8f12-dbdfc16c14cb,南宮崎,31.895097,131.422329,宮崎県,JR宮崎空港線
59209e60-5d5b-4245-91e1-7f5eeda90c0d,田吉,31.878202,131.430697,宮崎県,JR宮崎空港線
38b99bd8-9238-485f-b831-96f90b96ccd8,宮崎空港,31.87251,131.440555,宮崎県,JR宮崎空港線
c9ce4257-f723-43a5-ba0c-ac84774eeee1,宮崎,31.915742,131.431975,宮崎県,JR日南線
e0f7506d-5dd6-4835-82f2-b744e4d67833,南宮崎,31.895097,131.422329,宮崎県,JR日南線
39606cfd-eee6-401b-b3b1-ebd4b20bcae2,田吉,31.878202,131.430697,宮崎県,JR日南線
76417b90-3a5b-490c-a19e-51afd72bf89d,南方,31.859592,131.434378,宮崎県,JR日南線
b7b6a1de-921e-4c5f-98e1-30239a5172ee,木花,31.831544,131.43679,宮崎県,JR日南線
e12105b6-8048-4d9d-baf0-5c8f1c10c9d9,運動公園,31.819678,131.442629,宮崎県,JR日南線
1ffd9c8c-14eb-4836-bcac-871638bad128,曽山寺,31.813401,131.448309,宮崎県,JR日南線
47a718c7-19c0-4e36-bf6c-20c5c4ed37ab,子供の国,31.807394,131.457005,宮崎県,JR日南線
d2aa8132-4e78-4e76-a084-b9d0cc33ea38,青島,31.799801,131.467121,宮崎県,JR日南線
b8a004a2-df94-444f-baec-73ea7b47e5c5,折生迫,31.789357,131.467477,宮崎県,JR日南線
15205f36-1046-46d3-b50a-821ab44ebc28,内海,31.758508,131.46742,宮崎県,JR日南線
ab0742b4-046e-46db-a66c-e07459c5c8d8,小内海,31.737838,131.466127,宮崎県,JR日南線
a9646bdf-2473-4406-87e2-c25c8b2dbac2,伊比井,31.711069,131.456159,宮崎県,JR日南線
14f47b4a-3924-4bde-bf43-352c31890505,北郷,31.678267,131.373565,宮崎県,JR日南線
6edf8c0e-99e4-4a8e-a633-4a106b1b9437,内之田,31.642551,131.372594,宮崎県,JR日南線
9c849d09-1926-45be-bbf5-8514a460c32c,飫肥,31.627216,131.361506,宮崎県,JR日南線
c93dfd8c-90cf-469e-b719-c61b10a08268,日南,31.603076,131.381267,宮崎県,JR日南線
217ad995-75b5-40c5-9174-6c57e0d311a2,油津,31.586883,131.396169,宮崎県,JR日南線
77b7c433-0a44-47c7-8f50-b0fb8915d0cf,大堂津,31.556897,131.382093,宮崎県,JR日南線
68a09b88-d1cd-4d55-9dde-88cfc1e077f8,南郷,31.535927,131.372157,宮崎県,JR日南線
2fa7590e-1f0a-4dcd-a0de-a6a50b605130,谷之口,31.533372,131.344615,宮崎県,JR日南線
2e6bb1af-273d-4e5b-846e-837935e3ed61,榎原,31.534688,131.306526,宮崎県,JR日南線
da5302be-0799-4974-80dc-a1d0b6b793a7,日向大束,31.510584,131.248745,宮崎県,JR日南線
7ca3a764-1e4b-403b-87fe-1d2bc4907cff,日向北方,31.483037,131.24318,宮崎県,JR日南線
d5da9106-a4fa-4ac5-b7f0-89f25058eb74,串間,31.462684,131.230448,宮崎県,JR日南線
a9914342-59da-4b4b-bc17-57bb1ecea61e,福島今町,31.456906,131.20333,宮崎県,JR日南線
380af16e-9da1-478e-8d15-210dfeb52537,福島高松,31.458619,131.178301,宮崎県,JR日南線
86fe6ca1-61a4-4463-b05b-27f74366e4e8,大隅夏井,31.469801,131.136449,鹿児島県,JR日南線
54e474a6-471b-4da5-8ec9-05862bad4db8,志布志,31.47285,131.097864,鹿児島県,JR日南線
98be73db-1cfe-499c-acda-65d54d37471c,都城,31.73657,131.073992,宮崎県,えびの高原線
feaca99d-c761-4342-9109-1b6908019aaf,日向庄内,31.762056,131.06156,宮崎県,えびの高原線
5bcb3f93-eff1-43b7-b4a9-715df7dd979f,谷頭,31.789348,131.053901,宮崎県,えびの高原線
b93853fb-ae22-4d54-aa8e-285ad0c15fbc,万ケ塚,31.817215,131.063991,宮崎県,えびの高原線
dc017be6-300e-4112-839d-ecbf352eb7b5,東高崎,31.840946,131.064998,宮崎県,えびの高原線
d00080e8-5b38-4501-ae10-3e59112a7aa4,高崎新田,31.875693,131.062669,宮崎県,えびの高原線
54e68b75-0d07-4340-bb76-9ff908d78f62,日向前田,31.908605,131.040386,宮崎県,えびの高原線
97a85901-b713-45d1-9243-8c05c0e87cff,高原,31.926899,130.999012,宮崎県,えびの高原線
e6ef2b38-4968-4606-bc79-f58d3cc12eed,広原,31.957766,130.984877,宮崎県,えびの高原線
79c64191-4a53-4ed0-8851-44264b7c8f87,小林,31.990749,130.976132,宮崎県,えびの高原線
84904b90-1150-4340-a0ab-ac7717a132b1,西小林,32.009409,130.921829,宮崎県,えびの高原線
29ca60fd-5928-41a9-b76e-89d788b58100,えびの飯野,32.030295,130.871178,宮崎県,えびの高原線
f9fac277-3fc1-4050-a358-ce389df082d4,えびの上江,32.035519,130.850133,宮崎県,えびの高原線
4dd8af9e-087f-4279-abbf-ec08d68a0f00,えびの,32.042242,130.81621,宮崎県,えびの高原線
cbaa1976-f1eb-4270-9150-fd28dd4642d8,京町温泉,32.045379,130.767911,宮崎県,えびの高原線
31284896-e17c-4e21-95ad-42490d439f8c,鶴丸,32.030394,130.748524,鹿児島県,えびの高原線
a4d8f827-e907-4fa4-b8f8-c1e828a2fe18,吉松,32.012026,130.738104,鹿児島県,えびの高原線
961fe0f0-d320-463b-83b0-cb6998263b7f,鹿児島中央,31.583727,130.541789,鹿児島県,JR指宿枕崎線
00056425-a4ee-4453-975b-70927c208e5f,郡元,31.565607,130.541976,鹿児島県,JR指宿枕崎線
c6525514-ce76-467b-b3e4-37b7ffd56678,南鹿児島,31.554786,130.543714,鹿児島県,JR指宿枕崎線
4b7e2205-f68e-435c-816d-e0e2fb22ac10,宇宿,31.544234,130.536458,鹿児島県,JR指宿枕崎線
1a665105-7913-45f0-bb21-cee17bbd9bec,谷山,31.527094,130.51886,鹿児島県,JR指宿枕崎線
5d7a6a99-24a4-4ee9-8fec-b0b0dd7885f8,慈眼寺,31.517286,130.506212,鹿児島県,JR指宿枕崎線
34e2c8a5-913c-46bc-898f-d6f858be0379,坂之上,31.500454,130.507801,鹿児島県,JR指宿枕崎線
57d6257c-56b7-4cc4-aa4b-c4fd3105fb2e,五位野,31.475201,130.504096,鹿児島県,JR指宿枕崎線
06e87566-82bc-41b1-8588-b94429f1382a,平川,31.450132,130.51367,鹿児島県,JR指宿枕崎線
2aaef733-3710-4117-80fc-081168cf630b,瀬々串,31.421839,130.522894,鹿児島県,JR指宿枕崎線
9a1b3e18-2f13-41c3-9219-17c311ffedfb,中名,31.393591,130.535086,鹿児島県,JR指宿枕崎線
72261870-f9b2-4884-9c37-e51f459f3f1a,喜入,31.371468,130.538867,鹿児島県,JR指宿枕崎線
0bc0332d-6045-4bdf-bcaa-0ec53303b0c4,前之浜,31.343433,130.556995,鹿児島県,JR指宿枕崎線
063c5d30-21a1-42cb-9653-99955d050f93,生見,31.307292,130.577878,鹿児島県,JR指宿枕崎線
f626e617-7a7d-43c6-83b9-a73500b8551e,薩摩今和泉,31.29068,130.599002,鹿児島県,JR指宿枕崎線
7abaa67a-aa8d-4ed5-9589-e8a9a830cbf0,宮ケ浜,31.277218,130.619807,鹿児島県,JR指宿枕崎線
c7b017ab-a3af-4092-9866-91443327fdad,二月田,31.254339,130.630082,鹿児島県,JR指宿枕崎線
4a6a897f-2b02-4ca2-b2e8-aee849dec3c8,指宿,31.236925,130.642637,鹿児島県,JR指宿枕崎線
88f693b1-d2b1-4d09-9e66-bd65f1c5d391,山川,31.211702,130.630127,鹿児島県,JR指宿枕崎線
852a8559-46f9-429b-a61d-ec7cd53dd03b,大山,31.195011,130.5992,鹿児島県,JR指宿枕崎線
ab99f847-83d0-4fcd-a39c-85658d7d7b41,西大山,31.190269,130.57621,鹿児島県,JR指宿枕崎線
c6cf746f-c440-4ab7-b366-3b45021c6740,薩摩川尻,31.194791,130.565385,鹿児島県,JR指宿枕崎線
a19bd396-e30f-4a0f-888c-c062ebf96b1d,東開聞,31.200924,130.549897,鹿児島県,JR指宿枕崎線
c7a75182-1256-4426-8115-27ab28c827d1,開聞,31.203932,130.534737,鹿児島県,JR指宿枕崎線
c09c24df-9738-4e57-aec6-94f5047358e6,入野,31.204293,130.518788,鹿児島県,JR指宿枕崎線
2b986ceb-2f7a-4787-a1a8-29db525aed33,頴娃,31.229085,130.500378,鹿児島県,JR指宿枕崎線
80cdaa40-03c8-4252-972c-8dc12c38cb71,西頴娃,31.241025,130.491351,鹿児島県,JR指宿枕崎線
906fa7ed-672e-44e6-ac21-26b0b4c5fdf1,御領,31.252032,130.468747,鹿児島県,JR指宿枕崎線
46043feb-0f48-474d-be99-a44d8f4468ce,石垣,31.259228,130.445227,鹿児島県,JR指宿枕崎線
ce9a1289-6975-48b9-ab1d-c972756c9c69,水成川,31.257145,130.430695,鹿児島県,JR指宿枕崎線
7c4a7ca1-fecc-42ff-9ca4-b5c854844ac2,頴娃大川,31.257875,130.413394,鹿児島県,JR指宿枕崎線
0eaa7f5c-9ade-44c4-aae0-4257d74e199a,松ケ浦,31.258843,130.394551,鹿児島県,JR指宿枕崎線
24103ff5-dbf9-4a06-b4f8-2bcc97ef04ce,薩摩塩屋,31.257132,130.376128,鹿児島県,JR指宿枕崎線
df0eed5a-d35f-449c-97f4-57c1c64d2963,白沢,31.256898,130.356352,鹿児島県,JR指宿枕崎線
8073fe11-3c6b-4a1d-ab90-ed9e7dddab75,薩摩板敷,31.262313,130.330993,鹿児島県,JR指宿枕崎線
db7115c7-a656-40ac-b46b-a3fbc06cdf0f,枕崎,31.27215,130.299439,鹿児島県,JR指宿枕崎線
ab54c3e8-cc02-4285-bbeb-5abf95b5072e,池袋,35.730924,139.710678,東京都,東武東上線
f5424696-04c1-4267-9a5f-75976a1c6e2d,北池袋,35.741283,139.716749,東京都,東武東上線
1751b412-17b6-482f-91ca-cafc52abb50e,下板橋,35.745721,139.714785,東京都,東武東上線
96b4549d-c3ab-40dd-9eec-352c8f66e5b2,大山,35.748398,139.702589,東京都,東武東上線
ab477c18-4b11-44cb-894b-4f59e2351fd4,中板橋,35.756214,139.694628,東京都,東武東上線
c789d575-9150-45c0-99ba-66783ac00731,ときわ台,35.758771,139.689015,東京都,東武東上線
a5381dfa-f56f-4313-a235-1b3d21eb9b4a,上板橋,35.763596,139.67641,東京都,東武東上線
72e827f6-ef14-46f7-91ab-39dba3c05860,東武練馬,35.768698,139.661964,東京都,東武東上線
ed949682-351b-4f81-93f3-2e45e375dddd,下赤塚,35.770558,139.644482,東京都,東武東上線
6bbfc6e8-eccc-40f4-ac28-a3e12c30dcd5,成増,35.777723,139.632708,東京都,東武東上線
bec37a47-afd6-4930-84d2-565c8d18fe65,和光市,35.788507,139.612434,埼玉県,東武東上線
e7b5052d-085e-46e6-babf-0e50765717a1,朝霞,35.796736,139.600321,埼玉県,東武東上線
020cd35e-91d7-4275-902d-08e06c7d488e,朝霞台,35.814328,139.587189,埼玉県,東武東上線
ef67b8e3-fb69-4e20-aaf1-a4196bc93ee1,志木,35.822105,139.575367,埼玉県,東武東上線
1e6e6bdb-d9dc-4f3a-bf5a-85d94cd2a3b4,柳瀬川,35.830723,139.562071,埼玉県,東武東上線
f5c84cb3-7535-4f19-8569-47e998faa7b2,みずほ台,35.838233,139.55078,埼玉県,東武東上線
d0423f8c-8f21-47ab-ae6b-c6ee10854a20,鶴瀬,35.845776,139.539347,埼玉県,東武東上線
e36bb890-d925-4f66-b2df-4f86367f33c8,ふじみ野,35.860735,139.523389,埼玉県,東武東上線
b0ede187-78ae-4ef4-9322-6f3690545f79,上福岡,35.873855,139.511782,埼玉県,東武東上線
eb3af808-8d22-4d58-8f4d-80d3e93ab9a3,新河岸,35.890911,139.497257,埼玉県,東武東上線
186f2725-7584-468f-8b63-4653faa2ae65,川越,35.906742,139.483078,埼玉県,東武東上線
3cc54bfb-1008-40dc-a470-e4b4836cce4a,川越市,35.914146,139.476989,埼玉県,東武東上線
3005a273-4887-4c56-ad3e-5e5dbc2a80ce,霞ヶ関,35.925635,139.442897,埼玉県,東武東上線
2b565848-026c-46e2-9cdc-55fbab955904,鶴ヶ島,35.936771,139.423825,埼玉県,東武東上線
bfcf26ad-2760-444f-9ad0-b0efe7a71750,若葉,35.948919,139.408782,埼玉県,東武東上線
11e211c7-48b2-40aa-9744-5ebea167a2cb,坂戸,35.957181,139.394032,埼玉県,東武東上線
3dc3557f-20a7-467b-a2e4-7a52241f6b5b,北坂戸,35.972098,139.396932,埼玉県,東武東上線
09256fef-4e29-4d22-b1cd-b8cb7569241d,高坂,36.002572,139.397747,埼玉県,東武東上線
17b601d1-f8b9-4c4b-bbcc-3f66ba726dbc,東松山,36.034608,139.401651,埼玉県,東武東上線
1334efcf-83a7-4bee-95e4-c166dec5c283,森林公園,36.045239,139.374947,埼玉県,東武東上線
0ce6e607-8172-4253-abe7-117bf83f5aef,つきのわ,36.04352,139.345541,埼玉県,東武東上線
be44ae93-fe5c-4c51-85b0-364e50a31bd2,武蔵嵐山,36.044001,139.32829,埼玉県,東武東上線
79d27f54-6f6b-48a6-ab83-d754d80497fa,小川町,36.05903,139.260412,埼玉県,東武東上線
36d521d6-8ac4-46d0-b9f0-cfca45d63a3a,東武竹沢,36.0754,139.237591,埼玉県,東武東上線
943242b3-60e7-44be-a7f6-fcf8c6414c33,男衾,36.107415,139.234442,埼玉県,東武東上線
e86a14e7-b8e7-46f1-9296-66b00b383aca,鉢形,36.11378,139.208649,埼玉県,東武東上線
911bc428-384f-4de1-9330-8c724d258339,玉淀,36.117071,139.200052,埼玉県,東武東上線
750a1521-712c-4133-a7ac-e4ba19bba45a,寄居,36.117597,139.194508,埼玉県,東武東上線
cf4ee999-50fe-4c56-bb2b-d490d04508e2,浅草,35.711883,139.798214,東京都,東武伊勢崎線
7b5564f1-503d-435b-8ccb-ea03c9d9e470,とうきょうスカイツリー,35.71043,139.809332,東京都,東武伊勢崎線
0ff0b6df-0560-4e7f-ad63-c2c04e782c3c,押上〈スカイツリー前〉,35.710702,139.812935,東京都,東武伊勢崎線
b4a6926c-30d4-45be-8151-dc586e3a9595,曳舟,35.718418,139.816634,東京都,東武伊勢崎線
4b14abf3-03dd-42c0-aba3-0e77d40be67f,東向島,35.724324,139.819306,東京都,東武伊勢崎線
4b90cb1e-4417-4528-82f0-88a5a0b26e19,鐘ヶ淵,35.733712,139.820344,東京都,東武伊勢崎線
2d0cd93c-a8c4-4141-8f13-2973298e36fb,堀切,35.742977,139.817727,東京都,東武伊勢崎線
25c59902-2e3a-487e-9a98-b724f868c91f,牛田,35.744555,139.811816,東京都,東武伊勢崎線
388eb446-6fa4-479d-9d56-b36bc1435a33,北千住,35.749891,139.805564,東京都,東武伊勢崎線
c68cd8aa-eea4-48f9-947a-64bf723efa5f,小菅,35.759039,139.812935,東京都,東武伊勢崎線
cbd636a2-f532-4119-b6c0-3059b5ce514c,五反野,35.765852,139.809643,東京都,東武伊勢崎線
6194c8fd-b94b-4a1d-8f19-0995fd863625,梅島,35.772437,139.797916,東京都,東武伊勢崎線
166b3249-3ac9-47a4-8454-35b20ed65fb8,西新井,35.777323,139.790372,東京都,東武伊勢崎線
70c1d2ef-0062-4581-aaf1-4683158a7fde,竹ノ塚,35.794368,139.790788,東京都,東武伊勢崎線
5684ab22-a766-4946-859e-0835b0c01cc7,谷塚,35.814926,139.801483,埼玉県,東武伊勢崎線
e7e377fa-0082-4435-9743-f463705b73bf,草加,35.828476,139.803397,埼玉県,東武伊勢崎線
e3afbb53-27ca-4c22-8a39-ea56a0349339,松原団地,35.84333,139.800622,埼玉県,東武伊勢崎線
1875a332-adf6-4e21-acee-20f0477903db,新田,35.854086,139.795391,埼玉県,東武伊勢崎線
217871d5-2feb-4d0c-9265-31d395f6e1ec,蒲生,35.866851,139.791686,埼玉県,東武伊勢崎線
cce0079e-ccf0-4c33-a475-caa26168185d,新越谷,35.875186,139.789905,埼玉県,東武伊勢崎線
52a9c4dc-f2ce-4545-bba8-0cd29f3fb071,越谷,35.887529,139.786213,埼玉県,東武伊勢崎線
1fc5ed16-ce16-44a7-a67f-91cdde207d52,北越谷,35.901724,139.780008,埼玉県,東武伊勢崎線
fb2451f7-77a0-49ad-bbb9-e6f2b25343fc,大袋,35.92437,139.777868,埼玉県,東武伊勢崎線
1e67907c-b894-43ba-9eca-5ca46f54af2b,せんげん台,35.935832,139.774478,埼玉県,東武伊勢崎線
80637591-5b8d-4323-acd1-0c56ab06633a,武里,35.949102,139.770675,埼玉県,東武伊勢崎線
41b85b11-f091-4350-87a6-0b27b0f707d0,一ノ割,35.96412,139.766219,埼玉県,東武伊勢崎線
d2a8ed77-6e59-4d2b-9628-51db50b0e741,春日部,35.980095,139.752345,埼玉県,東武伊勢崎線
6a222268-d50e-4ecc-a805-54b25257f85f,北春日部,35.990655,139.744012,埼玉県,東武伊勢崎線
e74e0494-b120-45cd-9aa0-7b0cab88ad13,姫宮,36.004384,139.738674,埼玉県,東武伊勢崎線
d885623b-bdd9-451f-9664-d6c985dbd1fd,東武動物公園,36.024604,139.726901,埼玉県,東武伊勢崎線
6b15ff7a-e377-4826-b7d3-c977f441e537,和戸,36.039562,139.701156,埼玉県,東武伊勢崎線
fd747183-181a-4459-9352-def502b97357,久喜,36.065684,139.67727,埼玉県,東武伊勢崎線
f1d395eb-c422-4789-98f6-c851488c2aab,鷲宮,36.09626,139.656945,埼玉県,東武伊勢崎線
b02e2368-88d1-4b00-b087-224a43c41378,花崎,36.109891,139.633522,埼玉県,東武伊勢崎線
e304be2e-79e9-41bb-a40a-07f7150252f1,加須,36.122992,139.595584,埼玉県,東武伊勢崎線
c5ed839d-e86d-4f27-ab96-b74f32f684c5,南羽生,36.14959,139.55696,埼玉県,東武伊勢崎線
82ca0327-febe-404b-88b8-8d6e8c70ff2b,羽生,36.170345,139.533949,埼玉県,東武伊勢崎線
73cf6014-a60c-44c1-9c4b-eacce7a9e05d,川俣,36.208778,139.52652,群馬県,東武伊勢崎線
fa8db916-6d7d-4ccb-910c-173e2777d8d5,茂林寺前,36.226331,139.527058,群馬県,東武伊勢崎線
561d1307-55f1-4bd2-bab6-bcca410a2536,館林,36.246606,139.527811,群馬県,東武伊勢崎線
20602189-0243-4c72-bb30-75416c747c30,多々良,36.273732,139.500179,群馬県,東武伊勢崎線
8323498d-a223-466f-842c-495c4155f1d4,県,36.290615,139.472336,栃木県,東武伊勢崎線
2cb18b3a-d474-4ee5-a40e-c074e7de80c0,福居,36.305208,139.458634,栃木県,東武伊勢崎線
943b02ba-51ff-4ade-80ed-ed85cfdf2d33,東武和泉,36.315595,139.45509,栃木県,東武伊勢崎線
fbe74bf5-a746-4b18-afaa-257f55b24024,足利市,36.32948,139.448113,栃木県,東武伊勢崎線
16b927f2-15de-4861-b83e-fa76944e1957,野州山辺,36.32633,139.431981,栃木県,東武伊勢崎線
57657cc2-43f2-4a06-923c-a0ca94416746,韮川,36.307913,139.401704,群馬県,東武伊勢崎線
a4336dc4-5c41-4c11-82b7-730d01e4470a,太田,36.294228,139.378779,群馬県,東武伊勢崎線
25302bfe-6331-43af-8575-daca7f49860d,細谷,36.282523,139.348509,群馬県,東武伊勢崎線
91dc6535-27de-477e-9cc6-f412acfa2b25,木崎,36.271393,139.312988,群馬県,東武伊勢崎線
54dc6080-f356-43ba-9c35-55040717af54,世良田,36.272931,139.282038,群馬県,東武伊勢崎線
f192c4f1-9ecb-4eee-b60c-9183518f49d8,境町,36.277191,139.256177,群馬県,東武伊勢崎線
d456df58-323c-4113-8c2c-caf9e37a11a3,剛志,36.295428,139.223792,群馬県,東武伊勢崎線
0ffb5030-48ea-4664-bd88-82496784d2f7,新伊勢崎,36.318052,139.201816,群馬県,東武伊勢崎線
33f2d754-f185-45a4-890e-1f70d310f450,伊勢崎,36.326622,139.194559,群馬県,東武伊勢崎線
7268a073-5897-4821-9802-07864a9ce1ac,東武動物公園,36.024604,139.726901,埼玉県,東武日光線
db9a05de-48e8-4b78-8f4a-59d879bce303,杉戸高野台,36.051536,139.714582,埼玉県,東武日光線
613803fd-451c-46b4-8d68-fd9b5d00cfdb,幸手,36.074297,139.714937,埼玉県,東武日光線
ea7e570c-f667-44d6-8bc3-3a4c0123ced0,南栗橋,36.113157,139.713004,埼玉県,東武日光線
d15ebcd1-5035-4982-b048-26b3ccdf5690,栗橋,36.137034,139.693855,埼玉県,東武日光線
57353ccb-c57c-45c8-980e-16942684667a,新古河,36.192686,139.686904,埼玉県,東武日光線
15f3135c-41ce-4855-bccb-e68c96790ce5,柳生,36.206756,139.659645,埼玉県,東武日光線
ec27fcb4-48ce-408c-9fa5-2f38b08e4511,板倉東洋大前,36.222404,139.648493,群馬県,東武日光線
b430ca2a-20ce-4bcb-b487-522019767f0d,藤岡,36.255628,139.64555,栃木県,東武日光線
4666cc0f-69db-464e-b8f7-563865ab5174,静和,36.31651,139.684864,栃木県,東武日光線
534c1524-ec9a-4367-a610-2bf3dad7badd,新大平下,36.339024,139.701886,栃木県,東武日光線
ab94b4c8-4c81-454d-b91b-63ab6cf58564,栃木,36.371912,139.731037,栃木県,東武日光線
26f69295-ddba-4171-a6f3-03c49232561c,新栃木,36.390149,139.742308,栃木県,東武日光線
b01ea663-8b67-4efc-a061-97af7658ab99,合戦場,36.407647,139.741057,栃木県,東武日光線
a660bf51-c26d-45ec-b0fc-28b55c071371,家中,36.429783,139.747344,栃木県,東武日光線
00e718e1-c05d-4eb6-847a-5bedcab55ebb,東武金崎,36.466288,139.749468,栃木県,東武日光線
cab21e62-e4d2-49f9-abd5-5625768ad846,楡木,36.507497,139.745164,栃木県,東武日光線
3044f17e-0b56-434a-ac88-6056534e115e,樅山,36.532667000000004,139.741875,栃木県,東武日光線
d78ab283-ce22-4854-b2a1-cf3d10b1986c,新鹿沼,36.556998,139.74478,栃木県,東武日光線
e3aa6443-9a2e-4afd-9b3c-7502872c0364,北鹿沼,36.580811,139.737646,栃木県,東武日光線
2e1fade2-2b25-4628-a3a4-8acc209acc50,板荷,36.619476,139.707739,栃木県,東武日光線
89188416-126a-4e0e-b995-372aa12cfdef,下小代,36.651303,139.713849,栃木県,東武日光線
9b5e6a0c-c437-4b89-b00e-4e4d4a08b256,明神,36.676566,139.712301,栃木県,東武日光線
7cef0d40-2097-434e-864d-4be9a6cf396c,下今市,36.72563,139.692666,栃木県,東武日光線
af256f5d-7591-45de-b20c-f904f260e1f1,上今市,36.727962,139.681026,栃木県,東武日光線
235542d3-fb53-4860-a147-7653c1007243,東武日光,36.748233,139.61975,栃木県,東武日光線
42bf65e0-97c3-477b-8c38-a2d5bf11f688,大宮,35.907599,139.624458,埼玉県,東武野田線
e6710c68-c333-41d8-ac4f-01f8cf00782e,北大宮,35.91716,139.624726,埼玉県,東武野田線
17a2f51e-bdc7-4c7f-a00e-4c91ef0375fc,大宮公園,35.92374,139.632903,埼玉県,東武野田線
efe68294-3c43-43c0-af1c-56d1d95f0fb4,大和田,35.929359,139.65051,埼玉県,東武野田線
87c51943-6a17-43eb-8e73-e3a184c33fab,七里,35.936464,139.665948,埼玉県,東武野田線
9ea46dd4-b30e-44f5-8840-c5328652d0df,岩槻,35.950239,139.693197,埼玉県,東武野田線
4309f65c-a651-4a5d-ae45-2d282dbc3c18,東岩槻,35.963273,139.712192,埼玉県,東武野田線
28c4fb7e-99a5-4f37-828e-0153d9e5cfcb,豊春,35.968014,139.72601,埼玉県,東武野田線
6f72005f-a658-4b6a-86fc-fdcf9c20446d,八木崎,35.978376,139.741785,埼玉県,東武野田線
bd0f94a0-e565-470f-a809-97d5bca1ebd0,春日部,35.980095,139.752345,埼玉県,東武野田線
5de8fd21-a1e0-4ac0-bb12-6ef30a2d9c19,藤の牛島,35.98026,139.778038,埼玉県,東武野田線
29c193d6-0293-43da-b54b-9382473f554e,南桜井,35.980441,139.807988,埼玉県,東武野田線
972024e9-ec8d-45b1-a54e-ba65053849f5,川間,35.979172,139.83385,千葉県,東武野田線
86676b47-a67b-452f-be33-61d5e7113391,七光台,35.970884,139.852906,千葉県,東武野田線
8dac5d59-ec98-4ccc-ac16-a9b55daf403c,清水公園,35.959364,139.85967,千葉県,東武野田線
4913d637-7508-428b-89f8-cef08de1fd8a,愛宕,35.950154,139.864817,千葉県,東武野田線
8f4d15d3-e3a1-46c5-983b-6c4d58089c06,野田市,35.943652,139.870728,千葉県,東武野田線
4b0e5f20-7aa1-430e-9b97-7a132fc0f324,梅郷,35.931575,139.891086,千葉県,東武野田線
ab27b9c1-c73c-4a7e-bf58-509e5cf565bf,運河,35.914392,139.906063,千葉県,東武野田線
0659b06f-05d1-425d-985b-ad870d0901a0,江戸川台,35.897344,139.91045,千葉県,東武野田線
bb192e97-836d-41c7-afc2-24d58868f08f,初石,35.883783,139.917861,千葉県,東武野田線
4a239e11-e33c-46e9-a521-934da63f9a12,流山おおたかの森,35.872051,139.925898,千葉県,東武野田線
0d3827fe-6811-4663-b838-63302736dd12,豊四季,35.86657,139.93929,千葉県,東武野田線
45090454-a5f2-4e1d-a913-4c3ab56d9587,柏,35.862316,139.971148,千葉県,東武野田線
04da725a-abf6-4a88-a7cd-642483012b33,新柏,35.838128,139.966994,千葉県,東武野田線
462f3899-19f0-4515-92c6-3b2eb421eab8,増尾,35.829704,139.976604,千葉県,東武野田線
fa2e9a71-884c-443e-ab27-87473b208f62,逆井,35.823336,139.983812,千葉県,東武野田線
eb0bd7b4-b49d-4af1-8bd2-e3e969557252,高柳,35.808211,139.998936,千葉県,東武野田線
5f2e5e98-df6d-4391-b412-2504418536a0,六実,35.793715,139.999195,千葉県,東武野田線
7db56eea-7518-4262-867e-09bf1f89cc8e,新鎌ヶ谷,35.780221,139.999455,千葉県,東武野田線
4cc009ce-c0e3-464d-ab5b-b093ec47218a,鎌ヶ谷,35.763765,139.997266,千葉県,東武野田線
c035545c-3c3e-49c7-892d-844aa8836d79,馬込沢,35.741586,139.992199,千葉県,東武野田線
d9b5a63b-77f1-41d7-a427-4036a5138915,塚田,35.722102,139.982859,千葉県,東武野田線
4c9420a9-66d7-4436-9dbc-47419227878f,新船橋,35.710993,139.979765,千葉県,東武野田線
be877845-f6e9-46cc-bed3-6183e90a2a72,船橋,35.7021,139.98436,千葉県,東武野田線
769bfe3d-416d-4d64-b9d1-d67c43dd2ce5,曳舟,35.718418,139.816634,東京都,東武亀戸線
53418b23-8ee2-4f37-bb46-f0492288b420,小村井,35.710316,139.827595,東京都,東武亀戸線
6f79383f-74e9-44db-858b-de2d5fa3405f,東あずま,35.707067,139.831883,東京都,東武亀戸線
ed03615a-e6b9-40ae-9852-5d5553130e04,亀戸水神,35.699976,139.833422,東京都,東武亀戸線
4cf320db-248f-413f-afcd-92015aca3c97,亀戸,35.697708,139.826791,東京都,東武亀戸線
43d6ae63-c1e8-4fd5-b620-c4814135fccc,西新井,35.777323,139.790372,東京都,東武大師線
d5f76747-e39b-4ff7-839e-68b0111b7e66,大師前,35.778989,139.781647,東京都,東武大師線
5b3fc112-bea6-4ced-ba87-b0b977a5736c,坂戸,35.957181,139.394032,埼玉県,東武越生線
f424313d-fc28-429e-9b94-fc149bdc3a53,一本松,35.94008,139.370062,埼玉県,東武越生線
84dab912-0a9c-48d6-aa80-110349ebb16f,西大家,35.931698,139.356321,埼玉県,東武越生線
2db7cfd4-65f8-46f1-8451-2be1d6ffe384,川角,35.937438,139.346426,埼玉県,東武越生線
fb5d2b41-bec8-46df-b2c3-a454f20f06cf,武州長瀬,35.942023,139.325561,埼玉県,東武越生線
03128237-5481-476e-b55f-f3ecff568e92,東毛呂,35.947058,139.315303,埼玉県,東武越生線
181ebb72-e773-454e-b3ae-7f990d4d9863,武州唐沢,35.952127,139.30912,埼玉県,東武越生線
64c9f01b-3bb9-4c04-9f90-848e46e39cdc,越生,35.962559,139.299437,埼玉県,東武越生線
451746d0-8ab5-45e4-a4f0-29667806240d,栃木,36.371912,139.731037,栃木県,東武宇都宮線
de3c948e-b345-4c43-9cb5-27860e7460b9,新栃木,36.390149,139.742308,栃木県,東武宇都宮線
ec1d6e6f-97d1-43e3-9227-7850ab019002,野州平川,36.401554,139.753764,栃木県,東武宇都宮線
77e7fcfa-4d79-44ce-9c4d-e7c25ed55ba3,野州大塚,36.408759,139.772574,栃木県,東武宇都宮線
a6dd1559-bf4b-4bc4-8722-66becd56df70,壬生,36.422472,139.80496,栃木県,東武宇都宮線
b74ecf6a-117a-4d87-9877-a327e42b20d2,国谷,36.451442,139.823824,栃木県,東武宇都宮線
4675c728-282a-4b77-a244-2c7451eba3c0,おもちゃのまち,36.466774,139.829506,栃木県,東武宇都宮線
d81a8dff-0f06-4f1f-bde5-4e543e788a57,安塚,36.485678,139.835572,栃木県,東武宇都宮線
7da99dff-4b77-4b3d-810b-a120f6123d86,西川田,36.514227,139.850247,栃木県,東武宇都宮線
3d14a76f-aca4-4227-acbe-55d924a16033,江曽島,36.530951,139.860818,栃木県,東武宇都宮線
ebbab1a5-a4c6-4bbe-9021-8190a7de14b5,南宇都宮,36.543783,139.872017,栃木県,東武宇都宮線
f88fe806-0a9a-41b7-9c07-7e3e15371e49,東武宇都宮,36.559373,139.880427,栃木県,東武宇都宮線
33f036b4-2218-4192-8f9b-651c109c1e70,下今市,36.72563,139.692666,栃木県,東武鬼怒川線
d605f376-0127-4c0b-9db8-1d42e1338e8c,大谷向,36.73224,139.691916,栃木県,東武鬼怒川線
794adf27-177d-41e4-acbd-20e61a8a5955,大桑,36.76079,139.713546,栃木県,東武鬼怒川線
f9cf3b23-5a6d-4145-bd56-99e80276d44a,新高徳,36.779816,139.710623,栃木県,東武鬼怒川線
d7df3e96-e474-41fd-9918-329b8b61c3be,小佐越,36.802252,139.706465,栃木県,東武鬼怒川線
5ab6290f-9107-4b74-b640-21f32ce74048,鬼怒川温泉,36.822622,139.716552,栃木県,東武鬼怒川線
27bc9e9c-3914-413c-ac11-a77c29dd9cae,鬼怒川公園,36.841,139.72287,栃木県,東武鬼怒川線
18bfcef6-2a80-4ea0-81ea-3d663f2a5390,新藤原,36.852505,139.732963,栃木県,東武鬼怒川線
5c8d2bc7-4493-49d1-bad0-479e075d54fd,館林,36.246606,139.527811,群馬県,東武佐野線
c0aca841-4e47-4afb-82a0-70655cd7068d,渡瀬,36.261807,139.537515,群馬県,東武佐野線
ea53214d-0270-4bc5-9b28-19098b8ef0f8,田島,36.290229,139.564943,栃木県,東武佐野線
0fd167b9-5e67-4720-82d5-327c58348e55,佐野市,36.306153,139.57583,栃木県,東武佐野線
f4c838bb-fe76-4fe1-89a7-3930163024af,佐野,36.316884,139.578826,栃木県,東武佐野線
5a846264-2d5a-411d-b1d0-149646767acd,堀米,36.328467,139.580279,栃木県,東武佐野線
eed668bc-6285-4c3b-831d-e6bfee584088,吉水,36.345621,139.579337,栃木県,東武佐野線
710ecc21-5c9d-4c59-8267-25dd5df0bb92,田沼,36.367094,139.581919,栃木県,東武佐野線
112bf538-96d1-4a86-8f92-f198382f48e5,多田,36.37809,139.592984,栃木県,東武佐野線
0d2f32b6-2afc-4c3d-a626-9578ac5363b0,葛生,36.397937,139.609207,栃木県,東武佐野線
fe7cbe4c-cf84-4fcb-9c34-92e2b8cad1e5,太田,36.294228,139.378779,群馬県,東武桐生線
3a0fde92-d915-4b78-ac83-51324526d532,三枚橋,36.313369,139.354938,群馬県,東武桐生線
15e5e742-af46-4622-94b2-8723db7df674,治良門橋,36.333039,139.341328,群馬県,東武桐生線
ac8e63ef-be52-4ae2-8cbe-a9bde954430d,藪塚,36.358737,139.315737,群馬県,東武桐生線
4eb88f8a-58b8-46bf-97aa-94265f64146f,阿左美,36.385065,139.306465,群馬県,東武桐生線
d9d5b3e6-64ed-4c2e-9927-f0fde6b9f3b7,新桐生,36.39505,139.320078,群馬県,東武桐生線
162ec128-ad1b-4999-a8c8-3e9f3bea49df,相老,36.410261,139.304178,群馬県,東武桐生線
9c012771-c8aa-4040-b98d-fb867035834a,赤城,36.425615,139.276784,群馬県,東武桐生線
8c48b49a-1ee8-46d1-8acf-296f849afcac,館林,36.246606,139.527811,群馬県,東武小泉線
9a7127de-b3e3-4eae-8a95-0dc06b77c310,成島,36.249171,139.505682,群馬県,東武小泉線
f8310fe9-0924-4bc2-872b-b42beea15ea5,本中野,36.25843,139.469546,群馬県,東武小泉線
67636617-12d8-41fa-86c9-29e3e107e1e2,篠塚,36.256788,139.446077,群馬県,東武小泉線
8fb51a4d-4144-493a-93a2-4f3ac492bf0c,東小泉,36.259696,139.428456,群馬県,東武小泉線
a40b4059-1a01-4258-87a0-fae19d9b4ea9,小泉町,36.261562,139.42021,群馬県,東武小泉線
d316a3a6-03fa-40a0-b2c8-8ae5d4769cc1,西小泉,36.258712,139.408525,群馬県,東武小泉線
8600ff6d-8763-4ad7-ac51-6589c7601f00,太田,36.294228,139.378779,群馬県,東武小泉線
8ea37731-ef90-413b-89d0-84b99c864568,竜舞,36.278894,139.409002,群馬県,東武小泉線
2016d9e3-6ef8-4bfc-a2e6-1082a065765b,池袋,35.72913,139.711461,東京都,西武池袋線
d37f55a4-1992-4696-bf8b-58dbec4a72dc,椎名町,35.726572,139.694363,東京都,西武池袋線
65aec821-66e3-4991-9357-1aeddd3ab9ce,東長崎,35.73003,139.683294,東京都,西武池袋線
76db9c7a-ffa9-4125-b164-09e99f651d80,江古田,35.737557,139.672814,東京都,西武池袋線
69e8a5ab-eba3-408a-b0cc-4d5b97cf6939,桜台,35.738797,139.662602,東京都,西武池袋線
feedb0dd-6545-43ea-93ed-82042b2222bf,練馬,35.737893,139.654368,東京都,西武池袋線
65741275-a5f5-49e7-a5cb-4aa9e1c0add8,中村橋,35.736767,139.637456,東京都,西武池袋線
a6dc99c2-8b3b-46ef-9be3-7ff25b7fa117,富士見台,35.735867,139.62969,東京都,西武池袋線
a37e34b9-3b4c-48b7-87d8-10b71196c43c,練馬高野台,35.740622,139.616749,東京都,西武池袋線
e5a6f8fe-6867-47e6-88b7-582520be2881,石神井公園,35.743563,139.606981,東京都,西武池袋線
4c24afb8-6c53-48f1-b156-c72f6f6fcc74,大泉学園,35.749406,139.586732,東京都,西武池袋線
1171496b-5b06-44e1-b255-c4cafc6d9a71,保谷,35.748222,139.567753,東京都,西武池袋線
332c6e49-d9c3-4a2e-883b-aa3520fe228c,ひばりヶ丘,35.751485,139.545852,東京都,西武池袋線
d3724e2e-1423-45f5-be18-02976ef3970c,東久留米,35.760445,139.533739,東京都,西武池袋線
5bcfea0e-0c44-4397-b7a8-447021be34e4,清瀬,35.772221,139.519917,東京都,西武池袋線
7a9dad6a-eec9-4992-99de-817fc53ec7c4,秋津,35.778614,139.496539,東京都,西武池袋線
1e4046f7-7d02-40c4-847d-c411c0b490b7,所沢,35.786627,139.473324,埼玉県,西武池袋線
54c5bf15-6478-450d-b35e-469ceb439a2e,西所沢,35.789303,139.455959,埼玉県,西武池袋線
98bab8ad-4e3b-4c64-ad40-31159068beea,小手指,35.800535,139.438016,埼玉県,西武池袋線
c03104a4-9641-4034-9338-5540c3309cc1,狭山ヶ丘,35.810445,139.416975,埼玉県,西武池袋線
f1bfd29f-e608-4ef8-974d-f08ad1992828,武蔵藤沢,35.820963,139.412736,埼玉県,西武池袋線
b770da65-6341-4d2a-9d3b-3786c1dbf9b1,稲荷山公園,35.845112,139.39842,埼玉県,西武池袋線
01cdadfb-ee65-418d-ac53-971ce54948b1,入間市,35.842904,139.390294,埼玉県,西武池袋線
8c4decbd-6fcb-40aa-ad6b-5bf35626bc15,仏子,35.83769,139.360115,埼玉県,西武池袋線
ed63dace-3d2e-4b36-8bab-768cc41fbcc0,元加治,35.84058,139.345316,埼玉県,西武池袋線
206881ff-36b3-4ba8-b07b-1ebea25231e8,飯能,35.851189,139.318824,埼玉県,西武池袋線
db6b80c2-a188-40aa-88b0-e4016e1339d6,東飯能,35.852928,139.325965,埼玉県,西武池袋線
790ff4bd-20fc-421e-99ba-08bfa05e2233,高麗,35.881982,139.304414,埼玉県,西武池袋線
d72c1163-00c4-403c-b3a7-4542e5309a09,武蔵横手,35.885256,139.280667,埼玉県,西武池袋線
c24d0fa1-926f-49b5-81b0-73a42c8bcc1e,東吾野,35.892439,139.260281,埼玉県,西武池袋線
1066d50b-7c4a-4301-8376-f7a71d1f91db,吾野,35.908502,139.226787,埼玉県,西武池袋線
0befc252-959b-420f-aa85-3e87c0028ec6,飯能,35.851189,139.318824,埼玉県,西武秩父線
1554f615-74c9-47f5-810f-90259cbe22ff,東飯能,35.852928,139.325965,埼玉県,西武秩父線
c916c9a7-682f-4229-96a5-23b9080a31d0,高麗,35.881982,139.304414,埼玉県,西武秩父線
f272f60f-3f11-4b09-9fe7-e64825f16730,武蔵横手,35.885256,139.280667,埼玉県,西武秩父線
852fdc4c-e83e-4b92-9a87-aaa34f8f0eea,東吾野,35.892439,139.260281,埼玉県,西武秩父線
23e3e142-be87-40dd-a101-57d329ab13cf,吾野,35.908502,139.226787,埼玉県,西武秩父線
14026ca0-6b4c-4134-9aeb-457f7d88a150,西吾野,35.927082,139.202425,埼玉県,西武秩父線
0de667bb-2b92-49a7-94cb-d1d325175750,正丸,35.938324,139.181521,埼玉県,西武秩父線
eb0361b5-ee08-4835-93ef-13cd303a6b2b,芦ヶ久保,35.976505,139.135982,埼玉県,西武秩父線
5b6a378d-b9d1-4454-a050-5921b4cd779d,横瀬,35.985548,139.097818,埼玉県,西武秩父線
5ef0171f-0ad7-4e1a-a5cc-4a647cd04915,西武秩父,35.990061,139.083548,埼玉県,西武秩父線
0be753e3-8f90-4bca-915d-b12607bee3eb,小竹向原,35.743803,139.678572,東京都,西武有楽町線
619f401a-5546-4e4d-8697-4a523560d6ad,新桜台,35.74077,139.6683,東京都,西武有楽町線
6c80a7fd-3346-44ba-b6e3-6c5d70bcef62,練馬,35.737893,139.654368,東京都,西武有楽町線
cf6a4001-575a-4630-abd4-3ee671037583,練馬,35.737893,139.654368,東京都,西武豊島線
c1384c52-5545-4fa4-8229-0a4f22b1885d,豊島園,35.742054,139.647979,東京都,西武豊島線
097c603a-9e5f-4ef1-bdbf-769bcd891404,西所沢,35.789303,139.455959,埼玉県,西武狭山線
aeb8defb-6a84-4a9a-bdf1-96ef1df73915,下山口,35.77941,139.441097,埼玉県,西武狭山線
02e65987-872b-45c3-85b1-311631473164,西武球場前,35.77093,139.41966,埼玉県,西武狭山線
1ffa5d5d-fa04-4016-8f1f-c8575951a026,西武遊園地,35.765881,139.442747,東京都,レオライナー
37e2d56b-9a48-4e2b-bd48-a1272a727050,遊園地西,35.769042,139.440166,埼玉県,レオライナー
b77efb4c-3221-4085-9950-404bcb56ceb3,西武球場前,35.77093,139.41966,埼玉県,レオライナー
8e2785a8-459e-4799-a725-48f5fefc8c79,西武新宿,35.696254,139.7,東京都,西武新宿線
f32cdff9-3232-440c-8a1d-e69dbf24e650,高田馬場,35.712677,139.703715,東京都,西武新宿線
28f65721-9dcc-458d-80b9-b201f842dec6,下落合,35.715846,139.695391,東京都,西武新宿線
6ddbb0b1-1cb6-498b-94ef-e4d1d26fc689,中井,35.715106,139.686967,東京都,西武新宿線
5237b405-f214-4502-8584-ac5336930ea2,新井薬師前,35.715778,139.672582,東京都,西武新宿線
d2a024df-1573-434b-b1d9-217ebb345cf2,沼袋,35.719458,139.663841,東京都,西武新宿線
39ff4922-842a-4d91-95f8-e39c1b748753,野方,35.719658,139.652733,東京都,西武新宿線
692b15b0-a8d8-4758-bd03-0feb6ab536eb,都立家政,35.722313,139.644839,東京都,西武新宿線
305dada1-6621-47a2-a3b4-b019b6193c2b,鷺ノ宮,35.722605,139.63892,東京都,西武新宿線
db6a663c-e739-4317-b483-4eb872c7f84b,下井草,35.723852,139.624688,東京都,西武新宿線
b6f23db2-40ea-4496-982c-d23b68720722,井荻,35.72469,139.615303,東京都,西武新宿線
453b3f56-2936-42dd-a5a2-d17a7319a645,上井草,35.725326,139.602937,東京都,西武新宿線
767b2807-d7fb-4ab5-8026-b6dd94a792f8,上石神井,35.726189,139.592266,東京都,西武新宿線
1be02d9e-5c91-471c-a11f-b6cb3fcf5a20,武蔵関,35.7276,139.576417,東京都,西武新宿線
e52d51b8-6030-401e-b40d-5bd80a69faaa,東伏見,35.728761,139.563529,東京都,西武新宿線
4be35a4a-d605-4c84-afe2-639188303f3b,西武柳沢,35.728621,139.552477,東京都,西武新宿線
754b0970-9d05-4331-9b14-b6704dc8f5cc,田無,35.727307,139.539259,東京都,西武新宿線
820aab10-674e-44b0-9461-9c4ea17c046b,花小金井,35.726129,139.513228,東京都,西武新宿線
e5f5cdc1-c961-4793-a677-ffbb78aa4b2d,小平,35.736963,139.488491,東京都,西武新宿線
755f729b-5dc1-47f6-9fda-3984cbc53fb0,久米川,35.749575,139.472653,東京都,西武新宿線
4bba3ba3-8a77-450d-ac9a-bbb71fd64ef8,東村山,35.76006,139.465839,東京都,西武新宿線
39ba5c0e-aa01-41a6-8b6e-21de80188939,所沢,35.786627,139.473324,埼玉県,西武新宿線
460d9916-95bc-4c15-8923-f6a4f62094be,航空公園,35.798272,139.465641,埼玉県,西武新宿線
a39f977c-22d1-4a90-a9b9-817a17236b0b,新所沢,35.805854,139.457069,埼玉県,西武新宿線
1414ce92-5b21-4086-af2f-c745e4d41794,入曽,35.832481,139.427304,埼玉県,西武新宿線
9c0491bc-c844-4147-897c-a048bd9027ab,狭山市,35.856936,139.413015,埼玉県,西武新宿線
6859f548-4c27-47de-9a58-2886e35d8f00,新狭山,35.873993,139.433499,埼玉県,西武新宿線
a8c99ffd-2238-4d01-966e-0908dfa2f471,南大塚,35.889663,139.454189,埼玉県,西武新宿線
7f4908c3-eae2-4ef5-9220-a270e87a8518,本川越,35.913524,139.481125,埼玉県,西武新宿線
05ba983c-cde2-451e-87ec-03b49517b47e,小平,35.736963,139.488491,東京都,西武拝島線
744a16a3-f483-4827-b03e-f8f471b62282,萩山,35.740759,139.476903,東京都,西武拝島線
87898186-3fba-4404-b418-1404e6c58d95,小川,35.737573,139.463493,東京都,西武拝島線
a2759bdf-e1d5-46cb-bea5-8f9eee3b8b59,東大和市,35.732829,139.434249,東京都,西武拝島線
cab6c109-b7a8-4f7d-bb62-e1ed3fc4a1ee,玉川上水,35.731751,139.418435,東京都,西武拝島線
499048ef-531b-45db-a095-2d2ad8fdf683,武蔵砂川,35.728876,139.392319,東京都,西武拝島線
385913ec-1e95-40bf-9df4-e3dff7fd4c6e,西武立川,35.7262,139.370124,東京都,西武拝島線
3d140855-1f1d-41da-9221-35e112dabd67,拝島,35.721278,139.343468,東京都,西武拝島線
67114f33-489b-49c5-b730-5a0524f15c1d,東村山,35.76006,139.465839,東京都,西武西武園線
67ab643f-74b2-475a-8aef-0023e98e14f9,西武園,35.767684,139.448904,東京都,西武西武園線
bc72f779-7a2c-42c9-b8ea-a692779e23bb,国分寺,35.700123,139.480841,東京都,西武国分寺線
5386f003-42f3-4bee-a334-d1926515236b,恋ヶ窪,35.711385,139.463944,東京都,西武国分寺線
bcbda327-e483-4087-ae2f-868733df0c88,鷹の台,35.723097,139.461155,東京都,西武国分寺線
3ab8782d-19dc-43cc-a83d-6d1bed68270d,小川,35.737573,139.463493,東京都,西武国分寺線
9378d9ff-5c20-47d3-a845-cc80ac486ce3,東村山,35.76006,139.465839,東京都,西武国分寺線
bfacbf2f-f38c-4a2b-9ca8-442fdf701760,国分寺,35.700836,139.479547,東京都,西武多摩湖線
01f10c5e-4d81-4fc1-8b33-c01c2e46cd93,一橋学園,35.72217,139.480039,東京都,西武多摩湖線
a2f55a7e-8a56-4b0e-8e95-10e9f63d1ac3,青梅街道,35.73098,139.476628,東京都,西武多摩湖線
d21ccfcf-be0a-413e-87ac-6609bb46b202,萩山,35.740759,139.476903,東京都,西武多摩湖線
eaa60104-4763-4760-ab0e-3fcf8b0249f5,八坂,35.744925,139.467676,東京都,西武多摩湖線
28c10072-2b51-4979-8f43-9e4a52b757f9,武蔵大和,35.756427,139.444008,東京都,西武多摩湖線
0e748244-f98d-4026-bcf6-6ac715d2c358,西武遊園地,35.765881,139.442747,東京都,西武多摩湖線
31b12e59-e403-4020-9ca1-dd8420899e6e,武蔵境,35.702083,139.543402,東京都,西武多摩川線
8d8d4bc9-6f0d-455c-840e-e5913cf631ad,新小金井,35.695908,139.526603,東京都,西武多摩川線
8ad84cc5-f668-4274-b8cb-798ff44df5e5,多磨,35.676821,139.51713,東京都,西武多摩川線
1d17e686-81e2-4dc0-a1c8-04e33c2d6d97,白糸台,35.666517,139.509862,東京都,西武多摩川線
9fb83748-2b38-43ea-80e3-d6ff56a9a825,競艇場前,35.656232,139.499721,東京都,西武多摩川線
9328a026-6803-4716-8add-9348e43178c1,是政,35.656242,139.488592,東京都,西武多摩川線
8f24e2e4-b12a-47bd-b749-fac466e98449,京成上野,35.711232,139.773571,東京都,京成本線
71ad1c48-bc4e-41d6-b405-b614a7e3d0de,日暮里,35.727908,139.771287,東京都,京成本線
05b8ebc6-74ee-44ba-b099-398731401ad3,新三河島,35.73714,139.773834,東京都,京成本線
cd7cc2a7-6ce1-4cf0-a71f-e4428611bc01,町屋,35.742354,139.781499,東京都,京成本線
8ebd9cc2-5ec8-4aec-b449-a2e83154dd85,千住大橋,35.74243,139.796934,東京都,京成本線
7b114eb3-2c37-4e5c-9c22-9ea24b05ee73,京成関屋,35.744008,139.81183,東京都,京成本線
16f53440-1b5f-42ba-bbdc-e3fb80d198de,堀切菖蒲園,35.747649,139.827545,東京都,京成本線
7e9d5688-7d28-4d15-81d2-6eb956826b14,お花茶屋,35.747585,139.83988,東京都,京成本線
1c8f320d-2033-4c53-9c71-82585d41dec9,青砥,35.745883,139.856292,東京都,京成本線
efe51827-ec3d-4662-932c-9f218e273e17,京成高砂,35.750932,139.866875,東京都,京成本線
2fc16c00-1d08-4f10-8f88-f92bf2b3f17d,京成小岩,35.742158,139.88371,東京都,京成本線
33a17ac0-1a46-4d59-9cdf-e2a5da13f88a,江戸川,35.737723,139.896226,東京都,京成本線
b39f6e13-d134-49c7-a899-143a1c545261,国府台,35.736301,139.90322,千葉県,京成本線
2190cab1-8b36-4e35-8aa9-d39b858850c2,市川真間,35.73121,139.911717,千葉県,京成本線
f3afca8b-2dc4-45c8-b9d8-5de6f7329fc8,菅野,35.728272,139.919413,千葉県,京成本線
d5161888-fe0c-400a-9dbc-a9f3adf79284,京成八幡,35.723811,139.92816,千葉県,京成本線
bbcb0e22-e9c3-4e16-80b3-4a18418c92ad,鬼越,35.719776,139.937932,千葉県,京成本線
8688a5ba-795c-497a-9ab0-c99b10293621,京成中山,35.716998,139.944203,千葉県,京成本線
c6ba0051-7e81-4aea-a44e-e115a3342cd4,東中山,35.714385,139.952683,千葉県,京成本線
ee39829e-997d-421f-b477-b94a9c26e12c,京成西船,35.711627,139.958863,千葉県,京成本線
4df0d753-b942-4bc7-bec8-fe1520731c02,海神,35.705888,139.971888,千葉県,京成本線
7b6e9278-892d-4253-80fa-ccee0d10abc2,京成船橋,35.700161,139.985451,千葉県,京成本線
5ca846d2-a407-41df-8e8e-4860334d71eb,大神宮下,35.693945,139.991431,千葉県,京成本線
f174e3a0-005e-4d66-8034-c5fd9cc601a4,船橋競馬場,35.689606,139.997998,千葉県,京成本線
22638b9f-41a0-45d1-bd8e-9b22d89c25dc,谷津,35.685257,140.007658,千葉県,京成本線
6cceb1e5-f474-4e7b-bacf-522f1c8f93dd,京成津田沼,35.68364,140.024823,千葉県,京成本線
b801e973-22c6-40b5-b66d-cd84e4c62aed,京成大久保,35.686016,140.048629,千葉県,京成本線
32d8d0a1-216b-4b9a-99e8-09640373ab3a,実籾,35.686852,140.068289,千葉県,京成本線
212b6dde-8126-4741-a83c-fbfa156114c2,八千代台,35.701465,140.090942,千葉県,京成本線
d62ffdd9-320c-4e98-a267-73f27beba927,京成大和田,35.712309,140.108578,千葉県,京成本線
ba119976-0390-4f93-a0f8-c1f9d8754af7,勝田台,35.715445,140.126053,千葉県,京成本線
052e663d-20ed-4c43-be98-a3717202c823,志津,35.717406,140.144982,千葉県,京成本線
fb1cbafc-71bb-48f0-93bf-89a68e0970c7,ユーカリが丘,35.721801,140.156354,千葉県,京成本線
8ba50e37-6754-41ef-8b4a-8ba67961f32d,京成臼井,35.730017,140.180796,千葉県,京成本線
9e474bd1-c172-488e-b091-a06bcc775741,京成佐倉,35.725205,140.229633,千葉県,京成本線
0816be1a-172d-4acc-be37-df50e8bede98,大佐倉,35.729908,140.25079,千葉県,京成本線
9b85fec7-c0c9-4657-8e04-d2951fd6d07b,京成酒々井,35.736867,140.270132,千葉県,京成本線
c367dafe-c573-415b-9379-19c90476ac2c,宗吾参道,35.752669,140.280975,千葉県,京成本線
189d39f8-2e77-4fb3-9fab-bc9103de0e55,公津の杜,35.760446,140.294904,千葉県,京成本線
529204ce-e750-42cd-a016-c334ac9fc44d,京成成田,35.776308,140.315473,千葉県,京成本線
aeebc747-f263-4296-8bf6-2a0e6871d60e,東成田,35.770091,140.387225,千葉県,京成本線
4449a21b-b40c-4e0c-9ee4-967910ce2759,空港第２ビル（第２旅客ターミナル）,35.773693,140.387163,千葉県,京成本線
d5101bae-db55-4298-a641-ef1fad981b70,成田空港（第１旅客ターミナル）,35.763983,140.384644,千葉県,京成本線
eba30564-3f62-4531-96e4-0b38248cfc26,押上（スカイツリー前）,35.710702,139.812935,東京都,京成押上線
7a26e6b7-32e9-4c8e-9f0a-0269a9d2e5dc,京成曳舟,35.718441,139.820012,東京都,京成押上線
96f3eaf8-8388-4ed1-bb0f-a7abc68f9511,八広,35.727687,139.828738,東京都,京成押上線
d2f6bf7a-07c5-4656-9c04-082225a7029e,四ツ木,35.731962,139.834918,東京都,京成押上線
c6951fc5-04aa-4a04-aa96-c69247388242,京成立石,35.738281,139.848558,東京都,京成押上線
78db70e8-1146-4e26-8a0d-bbcc96359e80,青砥,35.745883,139.856292,東京都,京成押上線
dcf2da80-c2a6-4d80-b021-8d4d37d5c63d,京成高砂,35.750932,139.866875,東京都,京成押上線
4290d575-e89b-4c84-8236-33c7cc65d4c1,京成高砂,35.750932,139.866875,東京都,京成金町線
9f168e36-2279-48cb-9f17-b34897be4b0f,柴又,35.756323,139.875188,東京都,京成金町線
fc0cd8b7-78c5-4f10-a907-b8d86117abf3,京成金町,35.768471,139.870387,東京都,京成金町線
95655de7-9a9b-4608-957d-8770644244d3,京成津田沼,35.68364,140.024823,千葉県,京成千葉線
9a771d7f-17a9-4885-a030-82a9763f04e6,京成幕張本郷,35.672551,140.042091,千葉県,京成千葉線
32e721b5-f022-4cec-80a0-361ce637a2c0,京成幕張,35.66078,140.05591,千葉県,京成千葉線
3a60da1f-b366-460c-948a-27b286e63023,検見川,35.652512,140.066656,千葉県,京成千葉線
246850b9-2fdb-4b5c-b08d-b694fe01a15f,京成稲毛,35.637783,140.085505,千葉県,京成千葉線
fe762a8f-c58a-41e3-bd01-1bdecf14fb33,みどり台,35.624994,140.097413,千葉県,京成千葉線
2fc43c24-61dc-4328-8868-3013861ba695,西登戸,35.617615,140.102801,千葉県,京成千葉線
a879a3d4-55fd-4591-b16a-6079b9a762e7,新千葉,35.612455,140.108557,千葉県,京成千葉線
fed71055-b48f-4034-9e1f-9241478ea790,京成千葉,35.6116,140.114273,千葉県,京成千葉線
05c8ed0c-80aa-4056-b1c0-6d709cef0bb1,千葉中央,35.607354,140.117809,千葉県,京成千葉線
3a018d0b-6a36-4cd8-8789-50476c20c0e1,千葉中央,35.607354,140.117809,千葉県,京成千原線
90a62b07-17d1-43af-98ef-04744007a3ca,千葉寺,35.590311,140.132236,千葉県,京成千原線
3dc9cd32-088b-494b-98d7-c5a59f660bf1,大森台,35.584126,140.149398,千葉県,京成千原線
40eeff1a-c5d2-4559-b466-9fb19a8fb98a,学園前,35.560364,140.158416,千葉県,京成千原線
743e6100-b0b0-40e6-a016-c9b8a66ad96d,おゆみ野,35.550029,140.166264,千葉県,京成千原線
bd5deb76-3440-46ec-a819-6f5caaaf11ac,ちはら台,35.534017,140.17029,千葉県,京成千原線
d67ff7d2-23b2-42a8-9366-790e9f0d5df2,京成上野,35.711232,139.773571,東京都,成田スカイアクセス
ccea10b4-0e8c-4e3d-96f8-abcb81ee7304,日暮里,35.727908,139.771287,東京都,成田スカイアクセス
0ae1402b-b87e-480e-b626-ff621615c8b5,青砥,35.745883,139.856292,東京都,成田スカイアクセス
e7c447ff-b1ac-4a28-b71e-4166d1188c82,京成高砂,35.750932,139.866875,東京都,成田スカイアクセス
b0429ef0-850d-40e4-b14c-0fc79c444a92,東松戸,35.769954,139.942957,千葉県,成田スカイアクセス
b6fc1165-fc88-4373-9895-27f0fc2b71a4,新鎌ヶ谷,35.779481,139.998361,千葉県,成田スカイアクセス
5b8940e0-7270-441b-a422-37a82bd7fd54,千葉ニュータウン中央,35.800175,140.116159,千葉県,成田スカイアクセス
88698963-98d9-4e54-a1fc-ba68fecdc385,印旛日本医大,35.787512,140.203112,千葉県,成田スカイアクセス
d8f651ab-4f7f-498c-aa9b-250af92093ae,成田湯川,35.799115,140.291596,千葉県,成田スカイアクセス
aa871cdf-337c-4004-b371-bb39604c6464,空港第２ビル（第２旅客ターミナル）,35.773693,140.387163,千葉県,成田スカイアクセス
e678242a-718d-41af-9213-f31e8a9286ff,成田空港（第１旅客ターミナル）,35.763983,140.384644,千葉県,成田スカイアクセス
9449f4eb-0dca-47ec-b2aa-bb192b173d00,新宿,35.690163,139.699187,東京都,京王線
4556a89b-a34d-4fe2-b18c-f2eee07731fd,初台,35.68123,139.686354,東京都,京王線
e6b0fe64-8b33-4d6c-8942-d29930dcbdb9,幡ヶ谷,35.677061,139.676183,東京都,京王線
cfb5ef10-ddca-4958-ae33-6199191822a0,笹塚,35.673758,139.667251,東京都,京王線
33670b87-3f15-4764-8878-186e6c7f877c,代田橋,35.671092,139.659413,東京都,京王線
962b40ae-4553-475d-960c-48ab5a825045,明大前,35.668758,139.650352,東京都,京王線
f317d293-8dc5-4561-b80b-7bc5c3aa63f6,下高井戸,35.66615,139.641372,東京都,京王線
52e3212c-aa28-42ea-ba29-f1b3d3abdbb4,桜上水,35.66768,139.63129,東京都,京王線
8e62f20f-f096-4d99-991c-8f8a039afeab,上北沢,35.668857,139.62329,東京都,京王線
b22dad9a-7796-44e3-9e62-57ca768e32c3,八幡山,35.669982,139.614927,東京都,京王線
bff09cd5-9493-4a35-8d1c-c9b06daa87ad,芦花公園,35.670479,139.608247,東京都,京王線
93ad0d49-bfab-47e8-a773-815188fea22e,千歳烏山,35.667921,139.60067,東京都,京王線
cf2ade14-fcf3-4b3b-9ba0-8877fbf4038a,仙川,35.662257,139.584908,東京都,京王線
938955a5-2eba-45fa-b03b-4f326cbbb383,つつじヶ丘,35.657936,139.575103,東京都,京王線
6711e375-64bd-4bec-9375-8a8011f2ec9c,柴崎,35.653997,139.56658,東京都,京王線
5a1a1328-df32-4884-9682-688238dfd01d,国領,35.650087,139.558036,東京都,京王線
24d392e7-b9ff-48d3-a38b-4b3f7a5be069,布田,35.649904,139.551557,東京都,京王線
9974a2b3-d7e5-49de-96de-fe498f378a54,調布,35.652181,139.543988,東京都,京王線
c38ef358-1c73-43f1-b97c-8659f6a3762e,西調布,35.657169,139.529822,東京都,京王線
2642e609-4430-418f-98fd-5234f89b0cf5,飛田給,35.660121,139.523666,東京都,京王線
ee612e3b-b056-4b6d-b2d1-286460da1a31,武蔵野台,35.664159,139.511289,東京都,京王線
499ba344-db65-41a4-9c5c-711340647d55,多磨霊園,35.666197,139.502615,東京都,京王線
58f0805b-4f10-4254-8fc7-9140e5f22524,東府中,35.668766,139.495257,東京都,京王線
8cf496fb-2c03-43d8-8425-8dae60f6eebf,府中,35.672245,139.4799,東京都,京王線
dadc2f8f-0ba3-40ee-9b15-dbd644375d77,分倍河原,35.668493,139.468798,東京都,京王線
696f8137-cb8a-4839-9cc3-7f64c9c12eea,中河原,35.659549,139.457602,東京都,京王線
df2c7287-b473-4b08-a39d-dd79d5bc7815,聖蹟桜ヶ丘,35.650814,139.446979,東京都,京王線
94161d65-abe1-4f2a-9559-4d03aae426c0,百草園,35.657362,139.431285,東京都,京王線
b06f4a4b-5c7e-4f0c-b943-e3d3de0d2025,高幡不動,35.662361,139.412953,東京都,京王線
b86e8821-1a33-4744-b34f-1c3227bdc3bd,南平,35.654559,139.392008,東京都,京王線
02ce80e3-5336-42cb-91f0-601117fadda9,平山城址公園,35.647371,139.379926,東京都,京王線
057e83bc-e85f-4175-8704-db5a060c51c5,長沼,35.642788,139.365849,東京都,京王線
a0f4b0d3-abb9-4801-8f4f-f624d9d4c672,北野,35.644479,139.354489,東京都,京王線
040a222c-0409-48da-b965-2b9864af6dfa,京王八王子,35.657416,139.343851,東京都,京王線
5a3a9932-a794-4d54-af2c-961c44565246,調布,35.652181,139.543988,東京都,京王相模原線
007d9709-0ac8-41e7-ba4c-71fd0581df0a,京王多摩川,35.644499,139.536606,東京都,京王相模原線
d2dea857-e57f-4172-bd58-bbef132eaced,京王稲田堤,35.633895,139.531099,神奈川県,京王相模原線
302e5e71-4ed4-4d51-86e3-f488c83e7582,京王よみうりランド,35.632934,139.517597,東京都,京王相模原線
713c3770-4aaf-46dc-a9c1-7fc3c2b5d318,稲城,35.636166,139.500398,東京都,京王相模原線
e80b5597-5dd6-40ff-9fee-fd823bf80ad1,若葉台,35.619325,139.472189,神奈川県,京王相模原線
48994f40-a456-493c-af9b-04626a8c6cf9,京王永山,35.630102,139.448204,東京都,京王相模原線
b50db997-c4d6-4628-80ca-67e5a880ff56,京王多摩センター,35.62518,139.42402,東京都,京王相模原線
ac5e6aa4-4430-4dab-941d-6697da0c8e0d,京王堀之内,35.624438,139.400314,東京都,京王相模原線
03a9ffc1-070c-476c-ae6c-c35e616737a5,南大沢,35.6141,139.3798,東京都,京王相模原線
4a83a2d3-7a76-4ed3-9fef-2ba5a0fe01a8,多摩境,35.601826,139.366987,東京都,京王相模原線
6373531a-88a8-4555-933a-2b9eee5fdb42,橋本,35.595518,139.343226,神奈川県,京王相模原線
2ac377a1-913a-4d47-a48f-9590a5741b12,北野,35.644479,139.354489,東京都,京王高尾線
30a95ac2-a2c3-4337-9794-511286ef7b56,京王片倉,35.644343,139.337035,東京都,京王高尾線
014d2a08-df16-4b1b-8233-afc8bbd256d4,山田,35.644411,139.321082,東京都,京王高尾線
72ef83e4-a09d-4610-8450-169f8235ecfd,めじろ台,35.643601,139.308446,東京都,京王高尾線
3c948360-21ff-4846-9868-95bc0a34b591,狭間,35.640637,139.293808,東京都,京王高尾線
08480360-f5a4-403f-b32c-f4160534d327,高尾,35.641645,139.281551,東京都,京王高尾線
a33565b8-ebda-431f-9dff-33ad50081e65,高尾山口,35.632377,139.269856,東京都,京王高尾線
a8f0c4ed-e23c-47dd-93fd-e0b86e9c64ea,東府中,35.668766,139.495257,東京都,京王競馬場線
be4bf1e9-5d67-4080-abba-3380ba3fb364,府中競馬正門前,35.668288,139.485019,東京都,京王競馬場線
eb5cfc02-641f-4ba1-ae01-2993cf5f3b1a,高幡不動,35.662361,139.412953,東京都,京王動物園線
f990fd88-dc38-4ca6-a87d-07a2d814e1fd,多摩動物公園,35.649215,139.404627,東京都,京王動物園線
015982aa-e223-4ddb-b623-39a1abbf1675,渋谷,35.6587,139.700872,東京都,京王井の頭線
64779f79-8f0b-4c75-a261-35a151c4a608,新線新宿,35.68869,139.698812,東京都,京王新線
bc667467-4b3c-4b02-b372-2a576ea81021,神泉,35.657244,139.693579,東京都,京王井の頭線
e5587a31-c651-4dbb-b6fa-21fab44e2828,駒場東大前,35.65868,139.684308,東京都,京王井の頭線
bb5780c6-bcf3-47c6-8322-e702367623a1,池ノ上,35.660402,139.67344,東京都,京王井の頭線
e1fc63bf-2af0-4352-a8c5-eff23a16ae32,笹塚,35.673758,139.667251,東京都,京王新線
2ab12ff0-d79e-4b79-850e-6ba86f967b05,下北沢,35.661539,139.66691,東京都,京王井の頭線
94ec20c7-c818-42d1-bc9f-fe2ead499f57,新代田,35.662593,139.660524,東京都,京王井の頭線
ae4d44e4-2abb-459b-bc55-12b58bbc05bc,東松原,35.662634,139.655535,東京都,京王井の頭線
a60086bc-95da-4741-b0cc-400f57a9b0cc,明大前,35.668758,139.650352,東京都,京王井の頭線
14f2639c-ded6-4a48-a554-8b2a69415b4f,永福町,35.67629,139.642733,東京都,京王井の頭線
db518e58-e754-4590-9dc7-9739efac6aae,西永福,35.678918,139.634936,東京都,京王井の頭線
aa7f9e89-9680-4dba-bbf9-a38998f3b7db,浜田山,35.681603,139.627528,東京都,京王井の頭線
4f47ff33-571f-4379-b9e5-a0b529b1b2d0,高井戸,35.683253,139.615115,東京都,京王井の頭線
379f0d87-d02d-4898-896d-01ccfd7b1faa,富士見ヶ丘,35.684805,139.607072,東京都,京王井の頭線
94ee1a08-5f0b-4e71-991c-a8264fd3e5fe,久我山,35.688138,139.599211,東京都,京王井の頭線
d9b10f2d-bb9a-498d-bdb9-042085c4f221,三鷹台,35.692046,139.589298,東京都,京王井の頭線
17e824f0-1f83-4f1d-814c-596fbab430fd,井の頭公園,35.697304,139.583112,東京都,京王井の頭線
8ca091cf-3094-45e9-b623-9ffeaffb8b3c,吉祥寺,35.702291,139.580306,東京都,京王井の頭線
b3bc05c2-02cc-4042-9f0b-15e74871788e,初台,35.68123,139.686354,東京都,京王新線
854483c6-d46a-4f65-9836-5bf4761bb9dd,幡ヶ谷,35.677061,139.676183,東京都,京王新線
0edf7cf7-c44d-4a1a-a54c-f091461cc932,新宿,35.691435,139.699574,東京都,小田急線
6bec0e63-0208-4303-a2c8-43088a133312,南新宿,35.683483,139.69867,東京都,小田急線
26046868-3878-4ca0-9644-f53a5ba2e8ce,参宮橋,35.678586,139.693568,東京都,小田急線
c2e4f0d2-beb9-4aa6-9e73-814b88fb9745,代々木八幡,35.669715,139.688913,東京都,小田急線
498d1d76-4ca5-4bbe-9912-2ee3c7b67d69,代々木上原,35.669159,139.680153,東京都,小田急線
af05049f-a9fc-4937-bdd4-446592f8c3b8,東北沢,35.665379,139.673014,東京都,小田急線
678336bf-d639-4281-b29b-b91bdad46e50,下北沢,35.661655,139.667516,東京都,小田急線
d202d663-8569-48c6-9255-490f38946bdc,世田谷代田,35.65834,139.661557,東京都,小田急線
c3ee049e-1be5-44cc-8de1-e1c8e02a1016,梅ヶ丘,35.656024,139.653628,東京都,小田急線
a93ed362-8b41-4097-aa66-f38190d17e6f,豪徳寺,35.653807,139.647381,東京都,小田急線
2595f12c-1669-478b-b762-1f6ef2c1b015,経堂,35.650991,139.635993,東京都,小田急線
c0a85e26-4078-4f4e-b665-918418f32be7,千歳船橋,35.647616,139.624544,東京都,小田急線
bf5ad2a4-d96e-488a-b41b-30d41b456d48,祖師ヶ谷大蔵,35.643236,139.609659,東京都,小田急線
c14ca74f-96a3-4e08-928d-944f7f113508,成城学園前,35.640114,139.598958,東京都,小田急線
7a81575c-1e21-4108-b58f-ae72a8c7e760,喜多見,35.636697,139.587445,東京都,小田急線
2dd613b9-3165-4550-9175-f033a9936999,狛江,35.632001,139.577127,東京都,小田急線
9b0134df-2edc-4bd0-bc15-9c38e942cba6,和泉多摩川,35.627349,139.573695,東京都,小田急線
c329d42c-460a-48e2-8e16-6ebc6523b979,登戸,35.62115,139.569449,神奈川県,小田急線
83c0eb0a-5d90-4eba-86ae-0ba233e66551,向ヶ丘遊園,35.617273,139.564719,神奈川県,小田急線
a6fd217a-2614-4f0c-be4c-14263c7ef71d,生田,35.614954,139.542024,神奈川県,小田急線
9c2bcbd4-02e8-45b4-bd75-3b91bc0f4fc6,読売ランド前,35.614723,139.527903,神奈川県,小田急線
532da39e-f3a0-4b15-841c-7baa40c4cef6,百合ヶ丘,35.60903,139.516121,神奈川県,小田急線
69b95f75-99a8-4169-9efd-a2635f42b0f8,新百合ヶ丘,35.603705,139.507608,神奈川県,小田急線
23b92e0c-de84-4aeb-9c36-dd80accd1fd3,柿生,35.589597,139.497614,神奈川県,小田急線
489c50b2-caf2-43f2-b5af-2d4e677894ce,鶴川,35.583077,139.481759,東京都,小田急線
4c5c68e7-db80-4ff8-8b99-0f2bb8f1eec5,玉川学園前,35.563486,139.463388,東京都,小田急線
2aaa13ef-3d1c-4af6-9a4a-5824ab6e43c3,町田,35.544222,139.445236,東京都,小田急線
899d4a76-e348-4e4b-b0b9-4f8c5880a5c7,相模大野,35.532208,139.437836,神奈川県,小田急線
9c6ae59b-0ce3-42ef-8142-3621394bf622,小田急相模原,35.515134,139.422571,神奈川県,小田急線
3cdaa3ca-2849-4b05-8f6a-c886ca250ce2,相武台前,35.499294,139.408509,神奈川県,小田急線
a67ac31c-ad53-4f29-b3df-db6bcb047fc1,座間,35.480913,139.399899,神奈川県,小田急線
3eae3d06-b44e-493e-ae83-c18d1b5cdc6a,海老名,35.452709,139.390905,神奈川県,小田急線
e494767d-6054-41d8-bf53-362cc7f183ab,厚木,35.443081,139.377896,神奈川県,小田急線
d052c8b8-b77f-4f1f-9a33-b0bd21e296bc,本厚木,35.439338,139.364261,神奈川県,小田急線
e4e21571-17e1-415e-bc7e-9a1b18535ab4,愛甲石田,35.417634,139.344098,神奈川県,小田急線
81bcca54-26d4-4c0f-9dc8-26f1003321ab,伊勢原,35.396081,139.313768,神奈川県,小田急線
32e5c5e2-697e-4c98-b8e4-4b4c026e0f4f,鶴巻温泉,35.381131,139.277813,神奈川県,小田急線
62a4ce0e-b1dc-4b96-b2f9-65611df88815,東海大学前,35.373151,139.271236,神奈川県,小田急線
4b6f5769-a42b-412b-8375-e8df65835f2c,秦野,35.370075,139.226009,神奈川県,小田急線
f825440a-a721-4395-a8e7-bf0b985b4bb8,渋沢,35.374032,139.184405,神奈川県,小田急線
14939cdc-3194-4a94-b3ca-6a0336c60060,新松田,35.345082,139.139848,神奈川県,小田急線
d626e37b-c901-41d4-8681-6f691179782f,開成,35.326532,139.135785,神奈川県,小田急線
9402f486-24a1-491a-8bfc-7443ff7d465c,栢山,35.310679,139.14258,神奈川県,小田急線
40db77d1-11ba-4152-be44-bc2475f20764,富水,35.296759,139.145166,神奈川県,小田急線
95c3f4b0-470f-4544-9aa5-acfc3ecb7775,螢田,35.285055,139.152036,神奈川県,小田急線
d77482dc-59a2-454d-920b-91d7cd76815f,足柄,35.271763,139.15447,神奈川県,小田急線
1a1d34af-678d-4fca-8e21-e3aa1327ba65,小田原,35.256229,139.155396,神奈川県,小田急線
3825d309-237d-4c78-bb22-47e83a17713c,相模大野,35.532208,139.437836,神奈川県,小田急江ノ島線
714d810f-89ce-4056-a296-94985242549c,東林間,35.520541,139.438883,神奈川県,小田急江ノ島線
2009bb1a-44ab-4e9a-b919-1d3397c7b69b,中央林間,35.508066,139.444105,神奈川県,小田急江ノ島線
dfba4111-fbd4-4530-837c-c310314f79c3,南林間,35.495627,139.447911,神奈川県,小田急江ノ島線
80e4d778-4341-4091-a5b1-7699138b8e11,鶴間,35.49057,139.450572,神奈川県,小田急江ノ島線
14ed8544-9186-445a-84af-bf6aea1e082f,大和,35.46965,139.461553,神奈川県,小田急江ノ島線
8866eff2-2b1f-40d6-8766-d8bb44571b2e,桜ヶ丘,35.450486,139.465734,神奈川県,小田急江ノ島線
79868839-7217-43c5-ad70-df207dd55dbf,高座渋谷,35.432519,139.464854,神奈川県,小田急江ノ島線
8fa55c8e-d401-47a6-866d-bdc812634c46,長後,35.41261,139.465307,神奈川県,小田急江ノ島線
40cfba65-ecff-447c-9aa1-5a386c48c02d,湘南台,35.396488,139.466451,神奈川県,小田急江ノ島線
89f374ca-f13f-48c8-8843-2298a5d3fcd6,六会日大前,35.383761,139.470665,神奈川県,小田急江ノ島線
9b0fd141-ad3a-43a3-b993-96db77cf46eb,善行,35.36285,139.473199,神奈川県,小田急江ノ島線
e660c09a-5aec-437c-b52b-98e27b4993c7,藤沢本町,35.348188,139.476046,神奈川県,小田急江ノ島線
9e4183c4-1c37-44ff-9b93-58fefe4458a8,藤沢,35.338558,139.486971,神奈川県,小田急江ノ島線
2bc250af-771b-44f1-979d-49ff7ab0c669,本鵠沼,35.331129,139.475412,神奈川県,小田急江ノ島線
ebcf00a9-3abd-46e1-9ddc-e312287e5fde,鵠沼海岸,35.320744,139.47121,神奈川県,小田急江ノ島線
26e309f2-4186-4c24-94eb-250a9e77da45,片瀬江ノ島,35.309345,139.482934,神奈川県,小田急江ノ島線
2df1a394-36fa-49dc-899c-9e5be35142bd,新百合ヶ丘,35.603705,139.507608,神奈川県,小田急多摩線
4b05b511-0853-4919-abb5-400779c6e903,五月台,35.600174,139.493542,神奈川県,小田急多摩線
330eb77b-33fd-4e85-b6d7-88d5cbe9b9bd,栗平,35.605731,139.481298,神奈川県,小田急多摩線
66c9e152-ad10-4db5-b643-6d7d930eb760,黒川,35.613203,139.470731,神奈川県,小田急多摩線
be8ef3c9-08a2-4c2b-a40e-d778f8578e2e,はるひ野,35.618885,139.464534,神奈川県,小田急多摩線
a5a427cb-3d2c-4296-b946-eb159f1d8000,小田急永山,35.629972,139.447943,東京都,小田急多摩線
774b728b-4bab-43e1-a413-04dcc1dfcd48,小田急多摩センター,35.624902,139.424298,東京都,小田急多摩線
07383b50-8443-4bf3-9102-572cebf1ef53,唐木田,35.616672,139.411622,東京都,小田急多摩線
bd2ab79f-b340-4e21-9cc6-3f2b8674d70c,渋谷,35.659545,139.702417,東京都,東急東横線
dcb522ec-4beb-40a0-908c-29a44d53dc43,代官山,35.648193,139.703284,東京都,東急東横線
0f9557bb-b743-403e-9a30-059672129458,中目黒,35.643854,139.698621,東京都,東急東横線
4068eb55-379d-4907-aad8-82c97b2da0ad,祐天寺,35.637163,139.690758,東京都,東急東横線
27507585-6e17-4885-985e-e59b1ec01cb5,学芸大学,35.628786,139.68522,東京都,東急東横線
5d12efb2-0aa9-4e4f-88cd-faebdd21d346,都立大学,35.617835,139.676393,東京都,東急東横線
57715240-8735-4c15-b4e8-391dd48eb37d,自由が丘,35.607224,139.668664,東京都,東急東横線
55c4ed21-111c-4dde-974b-9833e44f659f,田園調布,35.596815,139.667356,東京都,東急東横線
a28ecbec-f719-40d9-9a31-a7a0f0c8e3c6,多摩川,35.589591,139.668723,東京都,東急東横線
278d59c7-c2bf-4c30-8a32-2f17a3b0469f,新丸子,35.58049,139.661964,神奈川県,東急東横線
ad7cb9af-a3b2-4234-815f-f7c8916c60b9,武蔵小杉,35.575752,139.659652,神奈川県,東急東横線
62354cd3-668a-424f-ad04-9b34d1055c4d,元住吉,35.565698,139.654668,神奈川県,東急東横線
4d349116-e46a-4ae3-b90b-a6a4db3cd089,日吉,35.5539,139.646944,神奈川県,東急東横線
6e1830f0-8c54-4d53-aaee-12d6ce9530fd,綱島,35.536906,139.63491,神奈川県,東急東横線
c255e991-54f7-4bbc-b777-c460123d2df2,大倉山,35.52243,139.629808,神奈川県,東急東横線
005f60a2-7baf-4986-a54e-1c018df0df1a,菊名,35.509854,139.63137,神奈川県,東急東横線
012a4c2a-f6cd-40df-a418-a2fb5a00b861,妙蓮寺,35.498779,139.633194,神奈川県,東急東横線
ceb64a38-5925-4377-a5a2-8489ce0be715,白楽,35.489555,139.627875,神奈川県,東急東横線
1ecf4ebd-42fb-452a-a790-4e06a6b222c9,東白楽,35.483523,139.629364,神奈川県,東急東横線
0531f0e0-ce73-4178-ba9e-3edb716cbdad,反町,35.47474,139.625337,神奈川県,東急東横線
c4f9f20e-7af3-4113-804a-5e59eb4da5e3,横浜,35.466372,139.622299,神奈川県,東急東横線
e1e0ef5b-999e-4bb3-8d5e-4e80a5173ea8,目黒,35.633272,139.7155,東京都,東急目黒線
bdbf240e-f7e2-41c9-ae02-e5021e228779,不動前,35.626526,139.71469,東京都,東急目黒線
4b3884fa-2690-43d3-8d21-db64f71b3e0b,武蔵小山,35.620538,139.704524,東京都,東急目黒線
287c5a00-5ca4-4eba-92ec-b7fac661f482,西小山,35.615455,139.698694,東京都,東急目黒線
0422c5ea-980c-4253-ad2c-78ddc45561b5,洗足,35.61043,139.694367,東京都,東急目黒線
2dd1e3e0-5657-4948-972f-0a59a60bd04b,大岡山,35.607456,139.685909,東京都,東急目黒線
fdaae7e6-7809-467e-887c-1df2f94a9a4f,奥沢,35.603947,139.672355,東京都,東急目黒線
33054eb7-9de2-4004-93ea-4742e3427870,田園調布,35.596815,139.667356,東京都,東急目黒線
dab5f1fe-cd76-42d2-b2f2-065e0b0bd48f,多摩川,35.589591,139.668723,東京都,東急目黒線
95483571-82c3-41a5-b3cf-c2d560534969,新丸子,35.58049,139.661964,神奈川県,東急目黒線
5ac457b3-7447-4e8e-8956-3df8c9e05e63,武蔵小杉,35.575752,139.659652,神奈川県,東急目黒線
db5e18b7-33b9-491b-9558-f9ee2d26985a,元住吉,35.565698,139.654668,神奈川県,東急目黒線
9b8a12e7-0f4f-4130-ba60-9cfd81cf3419,日吉,35.5539,139.646944,神奈川県,東急目黒線
1eb17ffe-4268-46c7-a75f-caa9d08d2c6b,渋谷,35.65802,139.702148,東京都,東急田園都市線
00e784c4-1b3e-4222-9a4c-7e8eaa94fe0a,池尻大橋,35.650603,139.684319,東京都,東急田園都市線
15518ba0-1f43-4504-9005-a3c51e881f72,三軒茶屋,35.643716,139.670156,東京都,東急田園都市線
bed3eea3-3c78-4e58-a1d9-41969d5c9eda,駒沢大学,35.633471,139.661702,東京都,東急田園都市線
f8ffb98d-e5b4-43d9-ac30-6b13156e67e6,桜新町,35.631666,139.644779,東京都,東急田園都市線
46006a84-16f3-4d03-bdc8-3665261b1576,用賀,35.626436,139.633928,東京都,東急田園都市線
54a7a3bd-0d71-451b-8486-a65501b4d5f6,二子玉川,35.611788,139.626685,東京都,東急田園都市線
99e5e6a9-6e64-4a1e-803b-328dd099912d,二子新地,35.606994,139.622338,神奈川県,東急田園都市線
69614c1b-6df7-4a30-aae5-af6077f0d62a,高津,35.603248,139.616934,神奈川県,東急田園都市線
02578083-2dd6-40f1-9700-a4e4483165ea,溝の口,35.59984,139.610487,神奈川県,東急田園都市線
268373b4-ebbe-4f7c-9791-6aaf8a6f3ef4,梶が谷,35.593963,139.605885,神奈川県,東急田園都市線
0b488e4b-918b-4ca3-b896-4150dbb8898f,宮崎台,35.587228,139.591313,神奈川県,東急田園都市線
10256cde-1317-46d3-b62f-2c925201cf5a,宮前平,35.584951,139.581983,神奈川県,東急田園都市線
1a16e100-fd2d-49cf-8c6e-3f291af819dc,鷺沼,35.579762,139.573268,神奈川県,東急田園都市線
14c578a8-2e21-4f36-9f1a-44ba81faad17,たまプラーザ,35.577427,139.558447,神奈川県,東急田園都市線
0f31bed5-9c24-42b4-b538-a201dd7bb97b,あざみ野,35.568645,139.553462,神奈川県,東急田園都市線
065087a7-f7c2-45cf-a82e-ad69f79e71dc,江田,35.558671,139.551518,神奈川県,東急田園都市線
da2728a0-6f51-4cfa-aa0e-084d9d0a7f46,市が尾,35.551483,139.541496,神奈川県,東急田園都市線
bc7e3d14-0add-4812-a984-4cc14d9d74ee,藤が丘,35.543454,139.527655,神奈川県,東急田園都市線
8a1b19aa-671b-4653-b08f-db08185aadbb,青葉台,35.542855,139.517376,神奈川県,東急田園都市線
58e3075a-b6d0-474b-8528-989a2e269138,田奈,35.536204,139.504855,神奈川県,東急田園都市線
0f704a69-160c-4c85-bf46-7c0f71f2bedd,長津田,35.53196,139.493548,神奈川県,東急田園都市線
02bd60ab-722a-4b37-8b78-717576861a0a,つくし野,35.527559,139.485139,東京都,東急田園都市線
521503d8-441b-46fd-995f-cab738480d1e,すずかけ台,35.517094,139.481684,東京都,東急田園都市線
3118cf83-fb33-4014-8a0f-2497f46607e4,南町田,35.511502,139.470318,東京都,東急田園都市線
17ef8e91-9236-4df9-870d-f65059db560e,つきみ野,35.510546,139.458651,神奈川県,東急田園都市線
1e6f11f0-2e39-4476-9517-6c069a7b3c1b,中央林間,35.507671,139.444935,神奈川県,東急田園都市線
ad61d785-e767-4d6e-8271-915545288568,大井町,35.607535,139.735025,東京都,東急大井町線
a3dc55c1-a8e5-45ed-b097-9c24a0e61806,下神明,35.608704,139.726256,東京都,東急大井町線
2660d7a7-932c-49a7-8211-84c214361bd2,戸越公園,35.608856,139.718159,東京都,東急大井町線
657c99fa-4434-408d-812f-3cf4523f426c,中延,35.60571,139.712526,東京都,東急大井町線
37b04d36-e152-4fba-b174-98bcca5c6dc8,荏原町,35.60382,139.707571,東京都,東急大井町線
6561d084-a837-410b-aae9-f6770b9908d3,旗の台,35.604923,139.702286,東京都,東急大井町線
6baa8ad1-a56c-4421-8ef9-8761c0d30a36,北千束,35.606311,139.693303,東京都,東急大井町線
ccf1ea42-e156-48aa-b058-69d232d3886c,大岡山,35.607456,139.685909,東京都,東急大井町線
e62a959b-3152-4c58-9c90-7044d7d4384b,緑が丘,35.60638,139.679482,東京都,東急大井町線
d82e3d91-7afe-4f74-b925-4c644c4aa65d,自由が丘,35.607224,139.668664,東京都,東急大井町線
f7691276-89f3-4ce0-8164-ceecf2bf0751,九品仏,35.60538,139.660992,東京都,東急大井町線
7cfbbcab-fbfa-4d12-a11b-67282f87830b,尾山台,35.606971,139.653862,東京都,東急大井町線
7c6fc8c4-921b-4a70-90ab-4f2ca3d22c47,等々力,35.608369,139.647938,東京都,東急大井町線
234bb4a7-3e12-4f20-87ac-ddffe72079a0,上野毛,35.611957,139.638917,東京都,東急大井町線
6b211d46-5130-4d4e-ac91-b591bf7ea336,二子玉川,35.611788,139.626685,東京都,東急大井町線
90db6f5d-f691-4295-91f6-c8ff18181955,二子新地,35.606994,139.622338,神奈川県,東急大井町線
f236be08-02be-4cf7-bd9b-0a78dd99c7f9,高津,35.603248,139.616934,神奈川県,東急大井町線
dedc6e9e-f9fa-4a7d-aa3f-3d7dcd961644,溝の口,35.59984,139.610487,神奈川県,東急大井町線
5a04db75-e37a-476b-a397-1a7dd0f4934e,五反田,35.625262,139.724175,東京都,東急池上線
bce100ae-cf33-4b3a-a6b5-7f33a08195e3,大崎広小路,35.622244,139.722339,東京都,東急池上線
582de0fc-970e-446d-b257-463b2a9ff25c,戸越銀座,35.615928,139.714862,東京都,東急池上線
dd7801e4-fb90-4533-8952-c2231a56dfa7,荏原中延,35.610056,139.712196,東京都,東急池上線
e3369425-d48f-4879-a021-4e9c7588e1cf,旗の台,35.604923,139.702286,東京都,東急池上線
012bc7a1-145f-4a9f-806f-36761527ee02,長原,35.60219,139.697881,東京都,東急池上線
2b2f6d9a-51c5-4027-80c9-e578666d5082,洗足池,35.599648,139.690896,東京都,東急池上線
ed2b798c-fc6c-4eac-b843-850ef0b2aee7,石川台,35.596888,139.685063,東京都,東急池上線
e2c7782a-efd2-49c9-9b00-c2d98309da16,雪が谷大塚,35.592038,139.681083,東京都,東急池上線
010310b6-eb3e-4775-b331-be1e3605fbd9,御嶽山,35.585236,139.682473,東京都,東急池上線
d8c4d76a-df99-4633-a370-7a5110c55062,久が原,35.579499,139.685678,東京都,東急池上線
77c4ef4e-a99a-4f6a-b2de-16e6b95c3222,千鳥町,35.572983,139.69142,東京都,東急池上線
dd9b2b54-8054-4bc4-b674-09fda9887abd,池上,35.572025,139.702822,東京都,東急池上線
ebbbf02f-a52f-46d9-9d56-8f254da5ae21,蓮沼,35.564173,139.708544,東京都,東急池上線
a3bfbffb-9736-45de-8635-05b8196d24c1,蒲田,35.561767,139.714626,東京都,東急池上線
b16c9e6d-cc95-4752-b9f5-657b5de378cc,多摩川,35.589591,139.668723,東京都,東急多摩川線
4f8cab6f-9f6b-49db-b3bf-93d318539f58,沼部,35.582526,139.67326,東京都,東急多摩川線
3dcd085b-5a9b-4ed3-b674-d881bafb6a2d,鵜の木,35.575452,139.680554,東京都,東急多摩川線
34421147-ad7d-46c5-9879-199bd67f9f08,下丸子,35.571397,139.685576,東京都,東急多摩川線
a5ac24f6-a91f-4526-9196-b8decd88236f,武蔵新田,35.567806,139.692506,東京都,東急多摩川線
0c933721-8c6f-49da-b1d4-0875c3af8ba2,矢口渡,35.562462,139.700389,東京都,東急多摩川線
920e05bc-2ef5-40d5-ae98-2b6c70f1040d,蒲田,35.561767,139.714626,東京都,東急多摩川線
ca36cda2-2c93-4a39-8bd4-9ce30b578498,三軒茶屋,35.643716,139.670156,東京都,東急世田谷線
c7817b2c-40f9-42d3-9083-7bb3fef1736e,西太子堂,35.644545,139.666382,東京都,東急世田谷線
e410be5b-a897-4a9c-9c3e-c8c2d689383a,若林,35.645933,139.659911,東京都,東急世田谷線
b6672398-dc95-4798-964c-76631eded0ff,松陰神社前,35.643947,139.655211,東京都,東急世田谷線
7e9a8666-1049-4780-8a8a-6816853f0245,世田谷,35.643564,139.650945,東京都,東急世田谷線
4b243b78-b7dd-45e4-9364-8a535f62469b,上町,35.643656,139.646276,東京都,東急世田谷線
bb9352f6-326a-4093-8f6a-0072c6bddcf4,宮の坂,35.647508,139.64494,東京都,東急世田谷線
6fb74d83-69f3-421e-ae52-d23f994136c6,山下,35.653844,139.646509,東京都,東急世田谷線
489a1e5a-3104-4362-92bc-21ee38e54f30,松原,35.660048,139.642,東京都,東急世田谷線
778935da-81a4-4295-8e6c-77db2fed2e7b,下高井戸,35.66615,139.641372,東京都,東急世田谷線
fe40e056-180f-4258-b7cc-505ef1600689,長津田,35.53196,139.493548,神奈川県,東急こどもの国線
b8d0c53a-5c42-4483-bddc-daea9dd8d0d2,恩田,35.545535,139.492127,神奈川県,東急こどもの国線
728bf5e3-c5bf-464f-8023-cb338a81573a,こどもの国,35.558035,139.486657,神奈川県,東急こどもの国線
be254aaf-18ba-454f-80cb-9d77c2ac1aeb,泉岳寺,35.638692,139.74002,東京都,京急本線
b003d7d2-aba7-47d5-932d-c2a7f2732535,品川,35.628284,139.73809,東京都,京急本線
446a3bc1-ed0e-4def-9427-c8259e624ddd,北品川,35.622458,139.739191,東京都,京急本線
dd2e7ce2-7d94-4020-94c9-978f8aa0f27f,新馬場,35.61762,139.741366,東京都,京急本線
8baefa3c-d79d-410c-ab0c-d4723d9b6522,青物横丁,35.609351,139.742958,東京都,京急本線
9b5c0d54-2734-4038-aa37-c6e9b95f1c10,鮫洲,35.604977,139.742227,東京都,京急本線
55461152-14ca-4e89-bcc2-7c16ae402360,立会川,35.598489,139.738886,東京都,京急本線
91c40063-7e5f-417f-9173-ae3e5493e417,大森海岸,35.587576,139.73544,東京都,京急本線
fc8ef67d-37ef-477e-b0aa-8533c0df9e2d,平和島,35.57868,139.73491,東京都,京急本線
dd739f10-82f5-4b2b-b954-82bb99bf59ea,大森町,35.572431,139.732027,東京都,京急本線
c6506b5b-6f1a-4a00-9702-0c1edf28afef,梅屋敷,35.566873,139.728266,東京都,京急本線
63b9aa25-6b27-4d85-bc15-586bdeeb8a9c,京急蒲田,35.560796,139.723681,東京都,京急本線
6e395eab-328d-464f-aa3d-55343e7f5dc3,雑色,35.549725,139.715005,東京都,京急本線
c6357986-c18b-4998-bdac-d73a6184fc66,六郷土手,35.540577,139.7076,東京都,京急本線
1cff7963-ef05-487a-8afd-b5b68a589eaa,京急川崎,35.53285,139.700893,神奈川県,京急本線
4bbe39b0-9202-4bf7-b194-9d7f15badf5b,八丁畷,35.523054,139.691346,神奈川県,京急本線
fcb41faa-a683-4015-b894-8e1a47c3c5d5,鶴見市場,35.517594,139.68642,神奈川県,京急本線
07e66521-a47a-4522-9fd8-2ccea4bd4cee,京急鶴見,35.507032,139.677743,神奈川県,京急本線
da71e73e-31c4-4862-9fde-1bcef81ca98f,花月園前,35.500358,139.672813,神奈川県,京急本線
40659ca2-723c-4392-9357-3b6cb71316c5,生麦,35.4956,139.6673,神奈川県,京急本線
09b6cc9d-1eb3-4b7b-b536-c5f6d51ebcf8,京急新子安,35.487242,139.655848,神奈川県,京急本線
c6939f45-31d8-4f38-b186-9311a11dded0,子安,35.484556,139.644965,神奈川県,京急本線
dc984e2e-c9b4-468b-bd33-c15f003a3c16,神奈川新町,35.481559,139.640152,神奈川県,京急本線
1172fef7-460f-454d-98a9-df728ced2349,仲木戸,35.477412,139.634669,神奈川県,京急本線
ec834273-8733-4add-a372-b54cc178404f,神奈川,35.471304,139.627364,神奈川県,京急本線
d8c0eaaa-fc6a-4ffa-b24d-5001f05edc78,横浜,35.466066,139.623055,神奈川県,京急本線
9202f24d-a6c1-4aae-a7c6-5ee6ef6e7014,戸部,35.456631,139.61956,神奈川県,京急本線
d799e943-0898-47a7-8cf4-94280909b43a,日ノ出町,35.445524,139.626696,神奈川県,京急本線
b6e9ea80-ba14-421a-9ddf-be3996eb4eff,黄金町,35.439694,139.62246,神奈川県,京急本線
0f20e857-6956-4348-833a-b2cebb44577b,南太田,35.436923,139.613408,神奈川県,京急本線
4b8fc20a-57a8-4954-a6ba-3aad40498ef0,井土ヶ谷,35.433895,139.60061,神奈川県,京急本線
d05df7bc-a667-46a2-a812-6ef620334b19,弘明寺,35.42437,139.596791,神奈川県,京急本線
a0f3d247-345c-4709-93a6-734fb0b4bfac,上大岡,35.409418,139.596552,神奈川県,京急本線
8428287f-e698-4084-8cd7-d9a40e0a4912,屏風浦,35.394176,139.610387,神奈川県,京急本線
409c9403-3641-40ab-8c5e-e1247f177b2d,杉田,35.383796,139.615734,神奈川県,京急本線
c648fcfb-279a-4f74-b83d-17d3141b367c,京急富岡,35.366743,139.629772,神奈川県,京急本線
7bd6ba78-4e4c-435f-a656-3fcdf717bb74,能見台,35.360528,139.629233,神奈川県,京急本線
0821d7f4-5c9e-45cf-a509-0b554cc41d2c,金沢文庫,35.342966,139.621606,神奈川県,京急本線
61b133ff-d3df-42c3-a0c4-23c96fe36a65,金沢八景,35.331223,139.62018,神奈川県,京急本線
a0a7efa9-1c73-4c10-9741-e66bda1dae61,追浜,35.315461,139.624905,神奈川県,京急本線
bbd886c5-0986-41a5-b2a1-1b458abd8329,京急田浦,35.300892,139.625252,神奈川県,京急本線
8a2ca541-86c0-4017-b8fa-cca84d06d353,安針塚,35.286641,139.64292,神奈川県,京急本線
8c717921-bf52-48f7-b9be-2258faac0417,逸見,35.28048,139.653149,神奈川県,京急本線
e5c4be6f-6714-4480-a416-b80456ac9bec,汐入,35.280241,139.662443,神奈川県,京急本線
f076bef7-5a65-44a3-8a5a-1e5cac4e413e,横須賀中央,35.27858,139.670217,神奈川県,京急本線
650d87cb-bcac-41bc-a505-68ff1c6f75bb,県立大学,35.269731,139.677033,神奈川県,京急本線
9be47186-0cf8-457c-a80e-d525bea97739,堀ノ内,35.26322,139.686932,神奈川県,京急本線
dfe2ca74-e42d-4aaa-ab2d-6a8ae52d0aaa,京急大津,35.261068,139.695334,神奈川県,京急本線
2b29eff0-55e4-46b9-8160-d763f2385243,馬堀海岸,35.259651,139.707328,神奈川県,京急本線
15674095-637e-4501-8acc-88484630429e,浦賀,35.250933,139.714999,神奈川県,京急本線
3febe9c9-ff57-4af0-b0a6-b2bcad673372,京急蒲田,35.560796,139.723681,東京都,京急空港線
62753bde-d154-4aa4-bbff-4fe528983e04,糀谷,35.5545,139.72962,東京都,京急空港線
e8535caa-ed7e-4df1-9f0b-929ff829a7e2,大鳥居,35.552531,139.739356,東京都,京急空港線
36ef525c-d2e3-4f61-8789-213107e7fdcb,穴守稲荷,35.550326,139.746669,東京都,京急空港線
9348eaa5-5b1a-43bb-aaf2-f4caf8f08559,天空橋,35.548908,139.75423,東京都,京急空港線
a8284a06-4bf6-4614-9b03-279ef035f884,羽田空港国際線ターミナル,35.544676,139.768968,東京都,京急空港線
e24a5ff8-3a52-48bb-9340-e01eaa60d6d1,羽田空港国内線ターミナル,35.549809,139.785962,東京都,京急空港線
63075799-d664-4fa0-82a1-4fe70e48f5da,京急川崎,35.53285,139.700893,神奈川県,京急大師線
bd264b92-6e59-4145-a780-24a7f6ef0db6,港町,35.535014,139.712578,神奈川県,京急大師線
0081a4f5-4980-417d-9730-bb7850516f11,鈴木町,35.53535,139.720655,神奈川県,京急大師線
b2c0e8c0-0929-45fc-a86c-bc32d88108d3,川崎大師,35.535711,139.725946,神奈川県,京急大師線
3e2cf6d7-8271-4088-bc77-8d09e16a7166,東門前,35.536566,139.734298,神奈川県,京急大師線
0ab66eb3-9569-4fe6-a98e-26a7faecf4ac,産業道路,35.536611,139.740381,神奈川県,京急大師線
d6899a69-40ca-471c-be87-15acd8757d8b,小島新田,35.534798,139.747575,神奈川県,京急大師線
9514f4e6-2d0f-4da7-99cf-33950adf0593,金沢八景,35.331223,139.62018,神奈川県,京急逗子線
63fd8156-4564-4da7-bbe6-0261bad82b65,六浦,35.32269,139.611532,神奈川県,京急逗子線
99b51204-e1ee-451c-bbd5-af09b92e5234,神武寺,35.306233,139.592947,神奈川県,京急逗子線
d80821b6-e4e5-4a33-b72a-ef070a6d66e2,新逗子,35.294189,139.580359,神奈川県,京急逗子線
87e8a00c-7b72-4d2f-8b88-2441186f57d9,堀ノ内,35.26322,139.686932,神奈川県,京急久里浜線
515c60d3-3193-4c5e-b568-9c4173dac529,新大津,35.257013,139.69016,神奈川県,京急久里浜線
d0af2ec0-7864-4b38-97f2-ce5b8c77e53f,北久里浜,35.249355,139.686368,神奈川県,京急久里浜線
b9d9a587-be3e-4f0b-bbc4-13b06488b945,京急久里浜,35.231332,139.702139,神奈川県,京急久里浜線
9c47ae15-2b09-49e4-9d9c-0672ebcb9522,ＹＲＰ野比,35.212229,139.685068,神奈川県,京急久里浜線
5a327e5e-d4c6-45d4-9d6f-f1240ac42780,京急長沢,35.20548,139.674048,神奈川県,京急久里浜線
0918ba69-3a9a-4de0-87a5-b3fbda4123db,津久井浜,35.198419,139.665279,神奈川県,京急久里浜線
77272e54-7eb7-4dd3-b37b-e4f250e93283,三浦海岸,35.188084,139.653138,神奈川県,京急久里浜線
450693de-4ad7-4cf0-b754-4a0d22cc2094,三崎口,35.177515,139.633207,神奈川県,京急久里浜線
ddb1561b-b8bb-451c-871f-bceace5d48f6,浅草,35.710733,139.797592,東京都,東京メトロ銀座線
efc3705d-789b-4ec4-a8a1-463ebf7767fd,田原町,35.709897,139.790897,東京都,東京メトロ銀座線
6fe821a4-0e1c-4747-b735-6dfd8d91f12c,稲荷町,35.711273,139.782593,東京都,東京メトロ銀座線
ffe1dafb-f474-4995-9330-515c32fb2fe4,上野,35.711482,139.777122,東京都,東京メトロ銀座線
59cfeef4-8579-41c3-80d2-89821a373add,上野広小路,35.70768,139.772877,東京都,東京メトロ銀座線
189daecf-86a1-4f7f-8a8b-8b0541320636,末広町,35.702972,139.771713,東京都,東京メトロ銀座線
8ef47142-e013-4eba-ade9-3f608414f1fa,神田,35.693587,139.770899,東京都,東京メトロ銀座線
e0a86b03-4cb2-475d-b947-ea374135f812,三越前,35.687101,139.773594,東京都,東京メトロ銀座線
234bf07e-c841-486d-be17-8d16ee62a705,日本橋,35.682078,139.773516,東京都,東京メトロ銀座線
f10c2d84-c6b0-4378-a587-f5df6567ffe4,京橋,35.676856,139.770126,東京都,東京メトロ銀座線
1c77764b-63ad-4254-ad1f-a40be4159722,銀座,35.671989,139.763965,東京都,東京メトロ銀座線
952d4144-6004-4305-8ebe-7da79d23f3c0,新橋,35.667434,139.758432,東京都,東京メトロ銀座線
5bef7f90-5d32-405c-874f-64a69fdf7912,虎ノ門,35.670236,139.749832,東京都,東京メトロ銀座線
4017cc84-32dd-45d7-95bd-25e17cbc8e50,溜池山王,35.673621,139.741419,東京都,東京メトロ銀座線
859acbe1-4a2f-4b6d-ac20-b5f571cbeb56,赤坂見附,35.677021,139.737047,東京都,東京メトロ銀座線
39e0cf16-9aea-4970-affb-ee9caa4a1e7d,青山一丁目,35.672765,139.724159,東京都,東京メトロ銀座線
305249ce-f500-45a8-8a3d-5f3625de9b3d,外苑前,35.670527,139.717857,東京都,東京メトロ銀座線
6e1cbc3a-48ad-4182-8036-a18954de6d60,表参道,35.665247,139.712314,東京都,東京メトロ銀座線
d9c7c732-150c-47d4-a66d-6e4bf7fdd4dc,渋谷,35.659066,139.701,東京都,東京メトロ銀座線
30a1ce66-e2d1-46d6-a6ba-b2713a92f64e,池袋,35.730256,139.711086,東京都,東京メトロ丸ノ内線
88b0aa48-9909-4d1e-97b0-1b7f50e017c0,新大塚,35.72569,139.729971,東京都,東京メトロ丸ノ内線
ab5f6d79-7fbf-45a4-847d-be395fd29192,茗荷谷,35.716989,139.737184,東京都,東京メトロ丸ノ内線
9d438a50-c269-43a6-92a9-5e5ad086798e,後楽園,35.707898,139.751864,東京都,東京メトロ丸ノ内線
84f9bd0b-1ff5-466e-8cc6-8894dbfc64a9,本郷三丁目,35.706671,139.759914,東京都,東京メトロ丸ノ内線
3c527f7d-7c9c-4806-9ba5-6b3199416078,御茶ノ水,35.700614,139.763952,東京都,東京メトロ丸ノ内線
acf4aca4-4213-468b-9863-4eb2c18d7d21,淡路町,35.695434,139.767575,東京都,東京メトロ丸ノ内線
ff1f445e-1c5d-4236-a763-a9518f8ae5fb,大手町,35.686564,139.7662,東京都,東京メトロ丸ノ内線
9ced7ccb-1b06-43f0-81c4-ca100c53662e,東京,35.681753,139.764708,東京都,東京メトロ丸ノ内線
fcc1ad26-4199-429f-8066-ed591b85de18,銀座,35.671989,139.763965,東京都,東京メトロ丸ノ内線
b3bda9ff-cc2d-4d74-af84-e1fa62fad4ae,霞ケ関,35.673838,139.750899,東京都,東京メトロ丸ノ内線
65344b0e-d5c8-42ee-97ff-d01f55127724,国会議事堂前,35.67393,139.745219,東京都,東京メトロ丸ノ内線
b104d9d4-d06e-4639-8cf1-940ca5cb1127,赤坂見附,35.677021,139.737047,東京都,東京メトロ丸ノ内線
82278e31-f5ea-4a40-94c4-e0ec9f3d8283,四ツ谷,35.684586,139.729947,東京都,東京メトロ丸ノ内線
eaafedf8-240d-474c-b640-f64a8006592d,四谷三丁目,35.687958,139.720103,東京都,東京メトロ丸ノ内線
25462f42-ee28-4af0-938c-4d41bdca009b,新宿御苑前,35.688588,139.71069,東京都,東京メトロ丸ノ内線
979974a8-2b19-4f67-b537-85d8880a0eec,新宿三丁目,35.690847,139.704895,東京都,東京メトロ丸ノ内線
40a6813f-122f-4f99-bd0c-8954f1bc32f0,新宿,35.69235,139.700711,東京都,東京メトロ丸ノ内線
57a9dc22-025c-44f3-8fb3-ebac1a28626e,西新宿,35.694298,139.692778,東京都,東京メトロ丸ノ内線
d9779d50-6700-4560-b30a-1512a626b7ab,中野坂上,35.69792,139.68291,東京都,東京メトロ丸ノ内線
391a50d9-9037-4b40-b932-5b18fe332ea5,新中野,35.697491,139.66903,東京都,東京メトロ丸ノ内線
3a0c7647-9699-4ebe-a4df-195da03d1c82,東高円寺,35.697802,139.657822,東京都,東京メトロ丸ノ内線
fcf1c470-b1b6-49e7-92fe-5ab9b1ed779d,新高円寺,35.697985,139.648068,東京都,東京メトロ丸ノ内線
5e0c1588-d75f-4b36-87d3-5748669e8517,南阿佐ケ谷,35.699624,139.63576,東京都,東京メトロ丸ノ内線
87babf12-1a34-4003-84d6-fe4af64c9fa0,荻窪,35.704304,139.620116,東京都,東京メトロ丸ノ内線
a3686b47-5577-4d3f-b69c-b419d1c519e8,中野新橋,35.692123,139.673997,東京都,東京メトロ丸ノ内線
2837b32c-dd0e-4a07-90a6-9208d66aeeff,中野富士見町,35.690514,139.666933,東京都,東京メトロ丸ノ内線
3527bcf9-714d-4b69-9f94-4557232815f3,方南町,35.683496,139.656498,東京都,東京メトロ丸ノ内線
6b0a3ef9-8af3-4ac5-a828-f450c530cbe1,北千住,35.748916,139.804276,東京都,東京メトロ日比谷線
70a15f89-0636-458a-81ed-9ac564474ff5,南千住,35.733398,139.799273,東京都,東京メトロ日比谷線
b6d21d96-2c2d-474e-a4ea-89277b14e5e7,三ノ輪,35.729623,139.791485,東京都,東京メトロ日比谷線
c45b2522-267d-4e2c-8a81-3c4c135666cc,入谷,35.719862,139.783924,東京都,東京メトロ日比谷線
c0357f7f-03be-495f-940e-6e6ee664a966,上野,35.711482,139.777122,東京都,東京メトロ日比谷線
f9d68028-3fc1-44f7-9aa4-77e1ae945342,仲御徒町,35.706649,139.776138,東京都,東京メトロ日比谷線
82d183c3-a722-4e12-9707-fee513e4ab55,秋葉原,35.698162,139.775459,東京都,東京メトロ日比谷線
55c33a60-91b2-4557-90c6-d0e8283aab65,小伝馬町,35.690737,139.778433,東京都,東京メトロ日比谷線
cb58e8fc-9a20-4949-a755-5e42eaf2ad14,人形町,35.686307,139.782285,東京都,東京メトロ日比谷線
9465c28e-dad1-4281-95f2-fcc55f3fe416,茅場町,35.679752,139.780005,東京都,東京メトロ日比谷線
82650a75-de27-41a3-8daf-808482378be9,八丁堀,35.674851,139.776982,東京都,東京メトロ日比谷線
9aea6f25-4b0b-4e87-98c2-ee2737e9233b,築地,35.668115,139.772603,東京都,東京メトロ日比谷線
6d8d9228-460e-4b37-a62f-24947cfcf1e4,東銀座,35.669464,139.767253,東京都,東京メトロ日比谷線
c9a9171b-bed8-4281-ab8c-0c14278d3910,銀座,35.671989,139.763965,東京都,東京メトロ日比谷線
86ea023a-21b3-4d1c-81ae-9a41fc62e80b,日比谷,35.67459,139.76017,東京都,東京メトロ日比谷線
bfe7e62b-bbc8-4f89-a898-3feb6825f9ef,霞ケ関,35.673838,139.750899,東京都,東京メトロ日比谷線
3e457e53-7447-4ba1-a02f-c4a938357547,神谷町,35.662978,139.745069,東京都,東京メトロ日比谷線
90e35a63-2b9c-4174-9d2f-05dcceddeb4d,六本木,35.662836,139.731443,東京都,東京メトロ日比谷線
d1138f2f-c608-4627-a306-e5ef3ac0531e,広尾,35.652279,139.722202,東京都,東京メトロ日比谷線
1c282de8-adc6-492d-bd1a-6a32676069ce,恵比寿,35.647332,139.708988,東京都,東京メトロ日比谷線
b63f8fd4-7c16-433a-85ab-00eab2e3b6da,中目黒,35.643854,139.698621,東京都,東京メトロ日比谷線
8ca110bf-fcaa-4c4e-80eb-7d47d20e9765,中野,35.705765,139.665835,東京都,東京メトロ東西線
1eb38c79-2330-46e7-85bc-29d2572ffaeb,落合,35.710976,139.687284,東京都,東京メトロ東西線
9781544a-441b-4a1b-b1d3-b2ec2abbaeec,高田馬場,35.713338,139.704745,東京都,東京メトロ東西線
3f8cdb87-a280-4c69-b5c6-d93b981f5624,早稲田,35.705723,139.721319,東京都,東京メトロ東西線
41018f8d-01a1-4cf4-8fa2-07594f229fe6,神楽坂,35.70379,139.734546,東京都,東京メトロ東西線
9809b81e-07ef-4ffc-bbb1-536f1e048369,飯田橋,35.701725,139.745986,東京都,東京メトロ東西線
2c366a99-986a-4d38-aeb6-742ac55b9a68,九段下,35.695589,139.751948,東京都,東京メトロ東西線
8b8dafd5-c6fd-46e2-82e4-599eca4fc7a5,竹橋,35.690662,139.756817,東京都,東京メトロ東西線
ed742f83-0fb9-4732-a6cc-6fc09e47ed01,大手町,35.684801,139.766086,東京都,東京メトロ東西線
76c0b939-1502-4a88-9c1f-7847a1342b40,日本橋,35.682078,139.773516,東京都,東京メトロ東西線
23e81cea-c182-466b-9075-f0833e7fdb92,茅場町,35.679752,139.780005,東京都,東京メトロ東西線
6409bd87-fcb5-49b0-8a4b-89fb9caaece8,門前仲町,35.671851,139.796209,東京都,東京メトロ東西線
cb0c49dc-ed7f-4ac5-a554-e6e7cef55705,木場,35.669351,139.807042,東京都,東京メトロ東西線
7b374222-c917-4f91-b5b3-6cc6780a3edf,東陽町,35.669629,139.817596,東京都,東京メトロ東西線
8966a5aa-1721-42f5-9e60-cda8d761f44b,南砂町,35.668796,139.83065,東京都,東京メトロ東西線
61b92467-b542-49ea-85c4-fad17c9b2774,西葛西,35.664631,139.859259,東京都,東京メトロ東西線
4126b5cf-d91b-400a-a35e-b17fcc36bf66,葛西,35.663554,139.872458,東京都,東京メトロ東西線
db5baacf-1233-4e80-af99-2354cc8ccd4a,浦安,35.665932,139.893193,千葉県,東京メトロ東西線
25952b82-eb90-43ed-af18-26fe4d898d7d,南行徳,35.672687,139.902311,千葉県,東京メトロ東西線
8a824ce8-f99c-49a2-a014-3ad8fc120d2f,行徳,35.682686,139.914254,千葉県,東京メトロ東西線
2a767125-5d22-4740-88e7-98596c9d9613,妙典,35.690935,139.924209,千葉県,東京メトロ東西線
b4c515a9-9d4b-4431-a1a6-8286d973e97b,原木中山,35.703517,139.942029,千葉県,東京メトロ東西線
a7564ff2-5b6e-4dba-a0d5-0a5955d67e68,西船橋,35.707127,139.958972,千葉県,東京メトロ東西線
a16fb9bf-94a4-4db2-a8d6-49fb86b90638,北綾瀬,35.777117,139.832035,東京都,東京メトロ千代田線
044d2fb1-1683-4ff1-80bc-0ce3a02f7254,綾瀬,35.762222,139.825019,東京都,東京メトロ千代田線
d536b4fc-285b-4d7c-a2e3-07d97f3ddeb8,北千住,35.748916,139.804276,東京都,東京メトロ千代田線
317f8b9e-10bc-41a1-9dcc-c8d21ff88f30,町屋,35.742733,139.780501,東京都,東京メトロ千代田線
6fb42b09-36cc-47a6-bd68-8e483270cbb9,西日暮里,35.732257,139.766511,東京都,東京メトロ千代田線
1eb8867b-d7f8-417e-8492-0238530d20c6,千駄木,35.725549,139.763243,東京都,東京メトロ千代田線
692361f9-cc10-48b4-b6fe-87ae28197504,根津,35.7174,139.765655,東京都,東京メトロ千代田線
565328c5-5c75-493b-a185-83bd24207532,湯島,35.708243,139.769916,東京都,東京メトロ千代田線
28c71899-6ff3-4e18-92bb-20276ac7f404,新御茶ノ水,35.698072,139.766014,東京都,東京メトロ千代田線
384502a3-fca8-4a88-9b8e-2105fd95468b,大手町,35.686154,139.763399,東京都,東京メトロ千代田線
69449f51-6bef-4eef-bda0-4e515da686e4,二重橋前,35.681071,139.761948,東京都,東京メトロ千代田線
dc2ef0d5-c7d0-47ab-bc98-76f620a36e3a,日比谷,35.674241,139.758732,東京都,東京メトロ千代田線
4b56cb73-3fdb-4e74-931f-98ee6474a462,霞ケ関,35.673838,139.750899,東京都,東京メトロ千代田線
cdd52f14-2193-4639-92d2-3b026df95308,国会議事堂前,35.67393,139.745219,東京都,東京メトロ千代田線
bcd1eb95-157a-4a8b-bc68-6b1a57674e95,赤坂,35.67323,139.738348,東京都,東京メトロ千代田線
a35047f1-36ae-445e-bfd4-c7fb9c224a53,乃木坂,35.666572,139.726215,東京都,東京メトロ千代田線
531ee507-1786-498b-8d6f-a5950549b152,表参道,35.665247,139.712314,東京都,東京メトロ千代田線
e5bf01e1-d76e-477a-ba41-f459399e6653,明治神宮前〈原宿〉,35.669071,139.703995,東京都,東京メトロ千代田線
0cbb595e-374a-475f-9244-9d15d8297211,代々木公園,35.669187,139.689099,東京都,東京メトロ千代田線
601416c1-f806-417e-bb0c-c0c396b68d6b,代々木上原,35.669159,139.680153,東京都,東京メトロ千代田線
30ca4a4b-f81e-4273-97c8-3144fc480ce1,和光市,35.788507,139.612434,埼玉県,東京メトロ有楽町線
ff52e554-2d5a-4928-8eb2-930d94e2a3b6,地下鉄成増,35.776557,139.631497,東京都,東京メトロ有楽町線
a05c9b3b-d19e-44d7-9304-2031964ac694,地下鉄赤塚,35.769939,139.644021,東京都,東京メトロ有楽町線
9dfa9a7f-ff6a-418e-a0c5-0a0b53c28eb5,平和台,35.757863,139.653762,東京都,東京メトロ有楽町線
98405e94-33f7-4fda-ba4c-578b68b26a16,氷川台,35.74955,139.665567,東京都,東京メトロ有楽町線
ebd2177f-a9c9-4606-9020-43d2335bfd7e,小竹向原,35.743803,139.678572,東京都,東京メトロ有楽町線
5e3a1368-5a29-416f-a0f4-2cf2984e2a23,千川,35.738229,139.689271,東京都,東京メトロ有楽町線
16d625b1-58d9-462d-bc43-9438d366ed1f,要町,35.73323,139.698715,東京都,東京メトロ有楽町線
9cbbc70b-1fdd-4690-8e65-d89358faeb88,池袋,35.729565,139.710088,東京都,東京メトロ有楽町線
314eec18-2ac6-4cbb-a0fa-b3a0695be472,東池袋,35.725732,139.719546,東京都,東京メトロ有楽町線
8c366299-da71-4b1c-9786-3d133511a968,護国寺,35.719044,139.72754,東京都,東京メトロ有楽町線
a8706c75-7b41-4f46-a927-532c606833c4,江戸川橋,35.709495,139.733538,東京都,東京メトロ有楽町線
013c13ad-34f5-4f40-a208-68c8c9230793,飯田橋,35.701934,139.743669,東京都,東京メトロ有楽町線
9d5c0b54-75a5-47be-9690-1ffda8d20a1d,市ケ谷,35.691958,139.73647,東京都,東京メトロ有楽町線
c89100f2-15d5-474b-90b2-90df23a767e7,麹町,35.684006,139.737613,東京都,東京メトロ有楽町線
af09419b-bfbb-4dbd-bb3c-acd0a87d3ebe,永田町,35.678757,139.740258,東京都,東京メトロ有楽町線
b238448d-6b77-4c5e-b2d8-b8c7686e642a,桜田門,35.677405,139.75149,東京都,東京メトロ有楽町線
64b0011d-0242-4e61-b534-8ef9f8847329,有楽町,35.675714,139.763265,東京都,東京メトロ有楽町線
379b9f8c-8c9e-42bd-b0e4-306fd294e42b,銀座一丁目,35.67435,139.767045,東京都,東京メトロ有楽町線
dd73d6ee-9eac-4f1a-ae1f-e5a2cd4c939f,新富町,35.670462,139.773711,東京都,東京メトロ有楽町線
f46932bf-e01e-4670-a5c4-8731cda0c405,月島,35.664871,139.784233,東京都,東京メトロ有楽町線
a36a2055-31a8-4c24-bb63-ff09bc7bc457,豊洲,35.654908,139.79621,東京都,東京メトロ有楽町線
b5df6e55-d314-4ebe-ac52-a640bc0276f6,辰巳,35.645576,139.81052,東京都,東京メトロ有楽町線
da06721e-b608-4ba3-b19e-52f0f7dbf84f,新木場,35.645832,139.826254,東京都,東京メトロ有楽町線
f475e1a7-cabe-4110-a83a-d3d84743d934,新線池袋,35.730645,139.710388,東京都,東京メトロ有楽町新線
4a6918b8-0d16-4ff4-a09c-4013d38758cc,小竹向原,35.743803,139.678572,東京都,東京メトロ有楽町新線
51920a40-8e60-40a3-a57a-a61a3e9a74c1,渋谷,35.659066,139.701,東京都,東京メトロ半蔵門線
c41b43b3-2862-4485-b0ac-290abd37ae6a,表参道,35.665247,139.712314,東京都,東京メトロ半蔵門線
df0ccc85-b933-4e14-bb69-50b15b743842,青山一丁目,35.672765,139.724159,東京都,東京メトロ半蔵門線
fad444ec-b4a5-4b7b-8901-1569a50c0c89,永田町,35.678757,139.740258,東京都,東京メトロ半蔵門線
55a4a486-76a1-40e5-a541-ffe4a6e92bfe,半蔵門,35.685703,139.74163,東京都,東京メトロ半蔵門線
64f410cb-94c2-40b4-ab31-dfbb9d183b0c,九段下,35.695589,139.751948,東京都,東京メトロ半蔵門線
745aa7bc-0722-4a03-94e5-5a1e1816d04c,神保町,35.695966,139.757606,東京都,東京メトロ半蔵門線
47651578-a80e-4e0f-b700-d722f658f727,大手町,35.68686,139.764107,東京都,東京メトロ半蔵門線
e79b1432-b446-48f6-901e-4bf1793c07eb,三越前,35.684908,139.773147,東京都,東京メトロ半蔵門線
e1554049-78ae-4b71-98a1-a4885145411d,水天宮前,35.682683,139.785377,東京都,東京メトロ半蔵門線
1e6a5b9a-dafb-498a-86bc-7e630d8707f5,清澄白河,35.682105,139.798851,東京都,東京メトロ半蔵門線
ebdc60cd-ed3d-4cf9-a577-283d019d9993,住吉,35.689073,139.815681,東京都,東京メトロ半蔵門線
cfe33f57-8f7a-438b-b246-ed88a1b9b5d8,錦糸町,35.697578,139.814941,東京都,東京メトロ半蔵門線
e7580395-a7c4-4101-858b-d27bf161da27,押上〈スカイツリー前〉,35.710702,139.812935,東京都,東京メトロ半蔵門線
5d9a7de2-4cef-4c2d-8299-ea337bd9bdb8,赤羽岩淵,35.783417,139.722103,東京都,東京メトロ南北線
545be294-98e5-43e7-a246-e8e13d257875,志茂,35.777948,139.732599,東京都,東京メトロ南北線
783c7ab8-249e-425e-b4bd-a04a32b65ad9,王子神谷,35.765172,139.735933,東京都,東京メトロ南北線
72830ed4-f500-42ff-a344-c8f9559945f1,王子,35.753966,139.737618,東京都,東京メトロ南北線
add0cb78-83fc-4245-a24f-66be5620cadf,西ケ原,35.746008,139.742322,東京都,東京メトロ南北線
da44ec98-43ef-4406-bade-6ff89d2c66b4,駒込,35.736959,139.746442,東京都,東京メトロ南北線
5f3baa12-41c7-46ca-b2cd-c7685fe6bde2,本駒込,35.724155,139.753828,東京都,東京メトロ南北線
2f2049dc-a551-442c-ac26-feb780f31dfd,東大前,35.717633,139.758025,東京都,東京メトロ南北線
9fa7eb8b-06ea-4132-9d63-abff677285d9,後楽園,35.707898,139.751864,東京都,東京メトロ南北線
356ca9fa-b7c0-4669-a946-035d3982a6c8,飯田橋,35.701934,139.743669,東京都,東京メトロ南北線
aba2cbcd-eb88-4f7f-9272-7380934941cb,市ケ谷,35.691295,139.736642,東京都,東京メトロ南北線
67e172ee-019d-422d-8ec2-685f73eb7c03,四ツ谷,35.686032,139.72955,東京都,東京メトロ南北線
549f5e50-425a-4ec4-84f6-ecdc8d7771da,永田町,35.678757,139.740258,東京都,東京メトロ南北線
697c8998-7366-430a-b2bb-afaf6191293d,溜池山王,35.673621,139.741419,東京都,東京メトロ南北線
ca66b8b4-e013-482d-8957-345638d34467,六本木一丁目,35.665595,139.739,東京都,東京メトロ南北線
a091727f-bfbf-4f3d-ba33-7a9bec1de741,麻布十番,35.654682,139.737051,東京都,東京メトロ南北線
145879e7-0c39-431c-9e90-462a474e5d48,白金高輪,35.642903,139.734104,東京都,東京メトロ南北線
c012a0f1-c6d5-41cf-80ee-6047e50388b7,白金台,35.637917,139.726133,東京都,東京メトロ南北線
e9ac87e2-8b96-4ddf-b6ff-14469773fb65,目黒,35.633272,139.7155,東京都,東京メトロ南北線
da125a28-31ed-43b5-9295-d2b6e9fa498e,和光市,35.788507,139.612434,埼玉県,東京メトロ副都心線
c52b632a-b62f-4796-b7e5-c8e50dd3933f,地下鉄成増,35.776557,139.631497,東京都,東京メトロ副都心線
8bd77c83-e624-440b-84c9-e7af22d7fba4,地下鉄赤塚,35.769939,139.644021,東京都,東京メトロ副都心線
7d8869aa-b4c3-4981-9afb-fcfeaa543889,平和台,35.757863,139.653762,東京都,東京メトロ副都心線
d4e859ed-3530-4047-b9c5-04d6019a3d0b,氷川台,35.74955,139.665567,東京都,東京メトロ副都心線
e1b77a0c-62e0-44d0-aeea-8b8dcaf9a46f,小竹向原,35.743803,139.678572,東京都,東京メトロ副都心線
283a298e-1427-4162-958b-31c0ff2e78bb,千川,35.738229,139.689271,東京都,東京メトロ副都心線
edfa02e6-2f08-48ab-b780-350c2c19db9f,要町,35.73323,139.698715,東京都,東京メトロ副都心線
ea062bfd-00af-4324-9c12-217a8345b3aa,池袋,35.731464,139.708291,東京都,東京メトロ副都心線
bfdf91ad-1bd2-4061-ae99-253c8385b7e3,雑司が谷,35.720233,139.714795,東京都,東京メトロ副都心線
6ae0146b-1f4c-440d-80c4-773eb5914ed5,西早稲田,35.708242,139.709101,東京都,東京メトロ副都心線
adb6b0ba-fd73-4bad-8ab2-4a28dd6bd949,東新宿,35.698915,139.707593,東京都,東京メトロ副都心線
b54ed5ca-478e-4e90-b7ad-050d5afc5548,新宿三丁目,35.690853,139.704828,東京都,東京メトロ副都心線
d391cc93-43ef-4683-9657-286ffd978701,北参道,35.678459,139.705453,東京都,東京メトロ副都心線
00f1b8ef-ff87-427b-a57c-3cf25ededcfa,明治神宮前〈原宿〉,35.668497,139.705367,東京都,東京メトロ副都心線
b81ce3f1-c483-438f-b5af-8a45630bc0b8,渋谷,35.659545,139.702417,東京都,東京メトロ副都心線
c7942312-1ef2-4e9a-94da-5508111c9ef8,横浜,35.465852,139.621768,神奈川県,相鉄本線
d49113f1-e5c1-422d-bbef-f443e31457d6,平沼橋,35.460355,139.616897,神奈川県,相鉄本線
2e2fbb7a-5768-461a-9d16-0fc035efc042,西横浜,35.453437,139.608745,神奈川県,相鉄本線
79e025fb-6de1-457d-8dd9-ad183d589000,天王町,35.453984,139.602554,神奈川県,相鉄本線
2dbfa01f-10f1-4805-9d65-10dcc4368062,星川,35.458634,139.594816,神奈川県,相鉄本線
28865906-188b-45d7-9024-1f4faa921e03,和田町,35.463597,139.586786,神奈川県,相鉄本線
85577436-3203-4a6f-b0a0-aff3e05cc17d,上星川,35.467694,139.580078,神奈川県,相鉄本線
a6567af9-e361-4738-99d1-aed60833cab9,西谷,35.478092,139.565721,神奈川県,相鉄本線
6d61cbb2-17d7-45cb-b38d-ebe0ccbb6fb3,鶴ヶ峰,35.475031,139.549586,神奈川県,相鉄本線
2a1e8682-e49d-4d1a-9007-2e0947fca11a,二俣川,35.463335,139.532207,神奈川県,相鉄本線
e65acb9f-8d5a-4919-836c-6a5684cd23d0,希望ヶ丘,35.460399,139.5143,神奈川県,相鉄本線
16833475-a9a0-4104-b263-d2675475526a,三ツ境,35.467779,139.502662,神奈川県,相鉄本線
e348aca9-9b24-4769-b56a-76303952d99e,瀬谷,35.470412,139.482574,神奈川県,相鉄本線
8f6f1d97-727a-4f5e-a66d-aea1c3dc1e58,大和,35.469924,139.461383,神奈川県,相鉄本線
8fbd46a4-6816-4204-a801-38f4f4ee8254,相模大塚,35.470666,139.441232,神奈川県,相鉄本線
dd88045f-1116-43da-a8a6-d6fe36c7a449,さがみ野,35.471485,139.429055,神奈川県,相鉄本線
7ce8dc8e-62ac-42e0-96c0-ba8d71730182,かしわ台,35.466744,139.415851,神奈川県,相鉄本線
414c3698-181e-493f-8eb5-63418df51f45,海老名,35.453381,139.392074,神奈川県,相鉄本線
e495861f-2cc7-4874-9a63-519178de8c62,二俣川,35.463335,139.532207,神奈川県,相鉄いずみ野線
417c5cdb-7062-4860-9036-0072cdf63ca6,南万騎が原,35.452522,139.526344,神奈川県,相鉄いずみ野線
d164f549-7420-47a7-a04b-7c111b717e82,緑園都市,35.439502,139.521841,神奈川県,相鉄いずみ野線
73469b30-e4dc-46ac-94ac-566f6008585b,弥生台,35.429933,139.506615,神奈川県,相鉄いずみ野線
cc362622-9a51-4551-b72c-4414b425864b,いずみ野,35.429434,139.495135,神奈川県,相鉄いずみ野線
1044bb22-2abb-4fce-ba66-64f88cabbe6b,いずみ中央,35.415385,139.48727,神奈川県,相鉄いずみ野線
454a5cb0-5827-4ce6-bf5f-9e085dcdee2b,ゆめが丘,35.405436,139.482192,神奈川県,相鉄いずみ野線
91a39926-6ce7-4f4d-bb50-84531094e3d5,湘南台,35.396642,139.467031,神奈川県,相鉄いずみ野線
bb86a2a2-6a1f-44c7-956a-d832f99bfacb,豊橋,34.762734,137.382128,愛知県,名鉄名古屋本線
1e38b20c-1b2f-417d-82e5-e43979140a0f,伊奈,34.802857,137.354743,愛知県,名鉄名古屋本線
e50750ed-83a0-4d14-bd7c-59083715a78b,小田渕,34.814739,137.34559,愛知県,名鉄名古屋本線
ddc1b1e4-7c40-4b53-96e4-3dce8b1dd5ba,国府,34.83752,137.328101,愛知県,名鉄名古屋本線
63aa747c-7338-4cb4-b349-040f0ba65a5e,御油,34.846113,137.321443,愛知県,名鉄名古屋本線
c82f2ae7-f294-4cd1-9d22-3d5e04ee39d0,名電赤坂,34.859331,137.311152,愛知県,名鉄名古屋本線
5cc2d254-5608-4952-b1cb-cbd989ea53b4,名電長沢,34.871623,137.288298,愛知県,名鉄名古屋本線
0156fa68-4d81-41be-8252-be9130964882,本宿,34.893025,137.260014,愛知県,名鉄名古屋本線
4d4ca75b-3975-4183-938e-3ae342529e8d,名電山中,34.899474,137.242829,愛知県,名鉄名古屋本線
fe003ac4-09a4-41c7-b632-e112539e62f4,藤川,34.913304,137.218428,愛知県,名鉄名古屋本線
a86eb21d-8e10-407b-94ef-d8aa48fbb6d4,美合,34.923763,137.196317,愛知県,名鉄名古屋本線
9b6dd33c-5d82-43e1-97f4-2b22e51298de,男川,34.937461,137.183296,愛知県,名鉄名古屋本線
18982302-fe09-41fe-b955-4b871e9cfca0,東岡崎,34.951904,137.167333,愛知県,名鉄名古屋本線
22f18c81-7ab3-43e6-952e-c217e926ee5b,岡崎公園前,34.954984,137.153309,愛知県,名鉄名古屋本線
c4419c98-5794-4509-b7e4-0720b8b4d70d,矢作橋,34.961149,137.139957,愛知県,名鉄名古屋本線
9b2cdeb3-0380-4fb8-ae2e-b59ce93a67be,宇頭,34.971367,137.118103,愛知県,名鉄名古屋本線
2408af85-9348-4442-aedc-cd685e2cd42a,新安城,34.986885,137.085443,愛知県,名鉄名古屋本線
2151c544-cfba-4602-98bb-f182b62d665d,牛田,34.999294,137.060946,愛知県,名鉄名古屋本線
b02aff83-5099-429f-8233-3c6a28e75d62,知立,35.006198,137.039628,愛知県,名鉄名古屋本線
e3e8c01c-9c02-4fed-8469-d6c910abbad7,一ツ木,35.01367,137.02551,愛知県,名鉄名古屋本線
1cf17a8e-7263-4dd0-93a2-a53f70dd0d01,富士松,35.029759,137.016508,愛知県,名鉄名古屋本線
64d7e960-6ea6-4cb4-a37e-92e542dc47ad,豊明,35.041127,137.008161,愛知県,名鉄名古屋本線
6a6c0cfe-5305-43b1-a5f8-b7f6e2f206c1,前後,35.05227,136.995665,愛知県,名鉄名古屋本線
706201d3-d33b-4d49-aa4e-912459bd83f4,中京競馬場前,35.061302,136.98158,愛知県,名鉄名古屋本線
e37cc317-a91c-4011-99a5-1c89d5b2c17c,有松,35.067687,136.971084,愛知県,名鉄名古屋本線
92739ec8-b08d-4140-b1bf-f4f977a790a5,左京山,35.070553,136.960301,愛知県,名鉄名古屋本線
6668ba3e-6af0-4f64-b1c3-ab32ba0149a1,鳴海,35.079149,136.950096,愛知県,名鉄名古屋本線
1c82b065-290b-4749-980c-f97ff55aceb3,本星崎,35.087392,136.937378,愛知県,名鉄名古屋本線
4fec5f47-a4dd-45d5-b210-fd1e7c3b4125,本笠寺,35.099199,136.933409,愛知県,名鉄名古屋本線
6a0a3675-fd35-4c87-b242-b4a7d446eef3,桜,35.106062,136.934586,愛知県,名鉄名古屋本線
2f6c3035-2b27-4bb9-93e1-0d9543a4dfca,呼続,35.114722,136.930387,愛知県,名鉄名古屋本線
738c2693-e679-4c74-95f1-ae95e34e1b0d,堀田,35.120251,136.919839,愛知県,名鉄名古屋本線
24fb14ba-a8df-47b5-86ff-d79335ad5830,神宮前,35.125857,136.912485,愛知県,名鉄名古屋本線
59c71fa3-6364-430c-adcc-4a61b7300f64,金山,35.142871,136.9013,愛知県,名鉄名古屋本線
01a98dc8-fcd9-4e51-9062-f62ab7da65c3,山王,35.15233,136.888461,愛知県,名鉄名古屋本線
49c272e1-3045-4a6d-8859-219118b32857,名鉄名古屋,35.169252,136.884187,愛知県,名鉄名古屋本線
ae747b2a-e442-4861-bc70-c417b20a0697,栄生,35.183687,136.873051,愛知県,名鉄名古屋本線
fd0c5078-778b-4897-96af-d621236e53e1,東枇杷島,35.189808,136.870168,愛知県,名鉄名古屋本線
7a501f74-ae58-42ad-bc7a-58ee194c2c52,西枇杷島,35.195015,136.865685,愛知県,名鉄名古屋本線
269c25cc-9883-4e04-9641-8f7fd279698b,二ツ杁,35.194646,136.859583,愛知県,名鉄名古屋本線
91dd6cac-855d-4f0d-9dc3-383306bd94d0,新川橋,35.195701,136.851989,愛知県,名鉄名古屋本線
53c8c2b9-288a-44a0-9ad7-5dc86be0c739,須ヶ口,35.198684,136.846229,愛知県,名鉄名古屋本線
f89e5c4d-0234-40d4-ba82-8f17f5c56578,丸ノ内,35.204742,136.841927,愛知県,名鉄名古屋本線
78b25641-13b8-47b7-87d8-d892146cb7b4,新清洲,35.211249,136.835607,愛知県,名鉄名古屋本線
bc39c513-8685-4b5b-856f-77de61c2e8ac,大里,35.226216,136.818428,愛知県,名鉄名古屋本線
e66ed2c4-9f57-44c2-88d9-72720c8df5e0,奥田,35.235412,136.810917,愛知県,名鉄名古屋本線
45e80f8f-c61d-4062-a229-6f71b56abc63,国府宮,35.254218,136.802963,愛知県,名鉄名古屋本線
06d33119-1a4a-466a-8039-3a00bf39dc04,島氏永,35.270777,136.800987,愛知県,名鉄名古屋本線
7f7b6a3d-2858-41b7-a5a6-736157478afe,妙興寺,35.287178,136.798231,愛知県,名鉄名古屋本線
94ec43ef-c35f-48ce-8fed-dbc259ca06d1,名鉄一宮,35.30154,136.797225,愛知県,名鉄名古屋本線
33b93204-ee7f-48f8-a02b-9fa6d48d6d1d,今伊勢,35.31836,136.789273,愛知県,名鉄名古屋本線
599f7e4f-bcc2-4360-a24c-c2b4dcf36887,石刀,35.326204,136.785407,愛知県,名鉄名古屋本線
465e4c44-b4db-4da7-b4a9-b6691def52e1,新木曽川,35.342047,136.779421,愛知県,名鉄名古屋本線
cff7f320-f755-4e13-9927-798185e4dfd9,黒田,35.350213,136.777502,愛知県,名鉄名古屋本線
c84f8b7f-f4a7-44e3-a216-7a9e44294d91,木曽川堤,35.365067,136.770486,愛知県,名鉄名古屋本線
12d97eea-1a39-42b5-9732-c7df31e50899,笠松,35.37466,136.764664,岐阜県,名鉄名古屋本線
59d44202-ad14-4b46-ba91-8c855a2dffa5,岐南,35.389716,136.769165,岐阜県,名鉄名古屋本線
d4d58ffc-7661-4c3f-8afe-97b80a171924,茶所,35.402048,136.768917,岐阜県,名鉄名古屋本線
f5e332df-8c99-4c5a-926a-470de0354cf2,加納,35.405209,136.765984,岐阜県,名鉄名古屋本線
547e46e9-64c3-4b1c-8103-7cbd5e5dc434,名鉄岐阜,35.411136,136.760066,岐阜県,名鉄名古屋本線
cf0c5e46-c22d-46f0-a5ee-f48ba7d93d1e,国府,34.83752,137.328101,愛知県,名鉄豊川線
29b7559b-99d7-44fe-84ff-ae23f13ef4e8,八幡,34.82916,137.352113,愛知県,名鉄豊川線
ee17aa43-702d-4090-9288-2d18e8190634,諏訪町,34.823464,137.370479,愛知県,名鉄豊川線
14ea31f3-24f8-4814-9bc5-e53051ce7691,稲荷口,34.818435,137.387703,愛知県,名鉄豊川線
6da86823-64eb-40a2-a56b-528081e97869,豊川稲荷,34.821755,137.396058,愛知県,名鉄豊川線
64f89582-329e-4fde-9364-18b836512b26,新安城,34.986885,137.085443,愛知県,名鉄西尾線
7d18ed77-17b1-47aa-84ec-0a8b663dd8e4,北安城,34.964677,137.092146,愛知県,名鉄西尾線
3a36a748-5ad0-4c17-b1e4-fccb18616738,南安城,34.951976,137.092457,愛知県,名鉄西尾線
60501620-d83f-4053-bb11-3b8592d827d7,碧海古井,34.93723,137.090863,愛知県,名鉄西尾線
236af2f1-1bbb-4774-b4fb-ea7e68581b47,堀内公園,34.927834,137.089636,愛知県,名鉄西尾線
b9f1ed2b-c414-43fc-b77c-6d406f91d42d,桜井,34.917477,137.088345,愛知県,名鉄西尾線
1f21bc21-8116-412b-ab67-6a58643343a2,南桜井,34.906302,137.07721,愛知県,名鉄西尾線
0b15c9d7-c46e-4417-93d2-53d730326613,米津,34.892822,137.060993,愛知県,名鉄西尾線
7c7dd490-6582-417d-9015-eec28a275b43,桜町前,34.880107,137.062444,愛知県,名鉄西尾線
8f50fc11-1a8e-4188-b32d-fe6a0625800b,西尾口,34.870647,137.062661,愛知県,名鉄西尾線
53f9021e-457d-4927-bd33-9da51f6c2d11,西尾,34.863917,137.057789,愛知県,名鉄西尾線
38c0c547-8d1a-481d-8f00-42f78cdfcf3c,福地,34.844663,137.048579,愛知県,名鉄西尾線
d7d1f4a8-190a-4155-b7d4-cd73318760d4,鎌谷,34.839095,137.061203,愛知県,名鉄西尾線
43ccf14d-5838-4199-82ca-8f7ed2bd7709,上横須賀,34.829941,137.071883,愛知県,名鉄西尾線
7748a68c-d207-4852-8bb7-8e9cb74946d3,三河荻原,34.806111,137.067012,愛知県,名鉄西尾線
71e6aeed-76f9-4d29-9576-4b5392da9cbf,吉良吉田,34.794043,137.071017,愛知県,名鉄西尾線
c6eca8cb-2688-4a9a-a383-cd2f1d66c70f,吉良吉田,34.794043,137.071017,愛知県,名鉄蒲郡線
d24bb49e-6e75-4aea-9da8-2cacfb8c0f72,三河鳥羽,34.793214,137.104984,愛知県,名鉄蒲郡線
cf5db4e1-af07-4ff5-9f95-2e02857ff929,西幡豆,34.792431,137.121271,愛知県,名鉄蒲郡線
3489d727-575b-4986-bf1a-0887ab0a451c,東幡豆,34.789693,137.145645,愛知県,名鉄蒲郡線
d3091be0-617f-4bd3-9969-989c3cfadea5,こどもの国,34.788791,137.162721,愛知県,名鉄蒲郡線
a3f24ef3-e473-4327-addc-9d79a4873588,西浦,34.79003,137.178617,愛知県,名鉄蒲郡線
df6f650d-11ce-42b5-b066-6fe2ebad53fa,形原,34.798607,137.184594,愛知県,名鉄蒲郡線
45438a4a-f651-47d5-8f74-79829b109831,三河鹿島,34.813313,137.189687,愛知県,名鉄蒲郡線
d8881ce8-e4bb-412a-b710-4af8d12c027c,蒲郡競艇場前,34.825545,137.202014,愛知県,名鉄蒲郡線
e6407fb3-c267-4820-99a5-ddfc9c41b456,蒲郡,34.822743,137.226115,愛知県,名鉄蒲郡線
e3c41537-bc84-4965-acac-5af12d6d5ed8,碧南,34.874041,136.985613,愛知県,名鉄三河線
f59b615f-ca31-4af9-ab39-dae53ef65ba5,碧南中央,34.887395,136.989476,愛知県,名鉄三河線
ac6da7ae-3eea-4dd1-a832-db44f7299ec8,新川町,34.896619,136.990312,愛知県,名鉄三河線
944da44f-0747-4cb0-975c-559cec427d69,北新川,34.906018,136.992475,愛知県,名鉄三河線
3c0d08a2-02e6-4861-95b0-fadb708caf5c,高浜港,34.921536,136.989391,愛知県,名鉄三河線
753256ba-3b5a-47c7-a73e-abbb3200f3b3,三河高浜,34.930796,136.989954,愛知県,名鉄三河線
83b2e40f-bfcd-4520-925f-86fa0777d51d,吉浜,34.946327,136.98919,愛知県,名鉄三河線
95cbc164-017b-48f5-a0d6-bb85691170e5,小垣江,34.9639,136.995455,愛知県,名鉄三河線
a2a6b781-0f62-47c2-9629-eb241fa17bf6,刈谷市,34.984803,136.993844,愛知県,名鉄三河線
bf92a41c-2f8e-4d60-a06e-4070b9257c18,刈谷,34.990884,137.008642,愛知県,名鉄三河線
4eb5d672-a099-41ea-922b-fb6c4b78efc0,重原,34.994824,137.023727,愛知県,名鉄三河線
f252bb6a-4c9c-470f-b5d3-1ecbd39d451a,知立,35.006198,137.039628,愛知県,名鉄三河線
4232e035-a3ed-4eac-bb51-7e6ee92bb573,三河知立,35.004002,137.045311,愛知県,名鉄三河線
108d7be2-984d-4ebc-a630-2086c43d49db,三河八橋,35.010913,137.077147,愛知県,名鉄三河線
a1f3b4e5-8a16-4685-a44f-c01b9871e60c,若林,35.026284,137.095851,愛知県,名鉄三河線
e62b2882-bd00-410d-a30d-9ea3e2a578df,竹村,35.040067,137.11476,愛知県,名鉄三河線
3b262538-5a87-41cf-ad83-e005b9adce49,土橋,35.058179,137.129572,愛知県,名鉄三河線
8592b661-3ea8-4183-a071-eccca9cfd160,上挙母,35.071854,137.154453,愛知県,名鉄三河線
5e4c19c1-78cf-4a12-ab7a-6743538bf292,豊田市,35.087305,137.156227,愛知県,名鉄三河線
9f739b14-4170-4e5c-b284-7dd763ef2d1b,梅坪,35.099654,137.162206,愛知県,名鉄三河線
5402dac0-d578-40f5-9cd6-751a8ad6c670,越戸,35.10769,137.180178,愛知県,名鉄三河線
da209759-3fa9-42a2-8eb6-96eb96352ab9,平戸橋,35.114628,137.184725,愛知県,名鉄三河線
0cca5c01-5306-4bd2-967f-120d3a888bf8,猿投,35.122613,137.178739,愛知県,名鉄三河線
4a396798-6b04-4d50-a618-2a9dfd2e50cd,豊田市,35.087305,137.156227,愛知県,名鉄豊田線
b4621942-46c0-4f5c-bab5-df0376f0edd5,梅坪,35.099654,137.162206,愛知県,名鉄豊田線
51ee5d52-b3e9-4aa3-928c-d0ad794ba7d5,上豊田,35.116168,137.15535,愛知県,名鉄豊田線
35698241-b193-4cf0-a5e3-8ac1efd67675,浄水,35.121298,137.137186,愛知県,名鉄豊田線
d22bcf73-97e6-40b1-938d-8dcabf9ce624,三好ヶ丘,35.126918,137.111219,愛知県,名鉄豊田線
b01b3f3b-f8aa-40d0-818d-089a263e4a47,黒笹,35.127681,137.091365,愛知県,名鉄豊田線
b4693859-5584-4605-866e-061cc80d43b0,米野木,35.123728,137.06702,愛知県,名鉄豊田線
fba30cb5-71aa-4554-a42a-df3ec1e3c7a4,日進,35.118378,137.04878,愛知県,名鉄豊田線
2bbdbe9f-27ca-4397-a33c-8639e6af7e75,赤池,35.121097,137.017978,愛知県,名鉄豊田線
80d6c3ee-e936-4186-b09f-a310107a5bd3,常滑,34.891167,136.834992,愛知県,名鉄空港線
7a368a91-871d-469b-9187-591f051dce82,りんくう常滑,34.87967,136.828164,愛知県,名鉄空港線
f9b204ee-9879-4fb6-94e5-49867bc24608,中部国際空港,34.859262,136.816382,愛知県,名鉄空港線
a818f6ab-e44f-4205-8831-cd29337fff37,名鉄名古屋,35.169252,136.884187,愛知県,名鉄常滑線
9358585b-a601-4472-9e22-9bd411847df1,山王,35.15233,136.888461,愛知県,名鉄常滑線
353882b2-a633-41a7-96c4-bef114977b2f,金山,35.142871,136.9013,愛知県,名鉄常滑線
f16300b1-8036-413c-ba07-00f13f8c4ce0,神宮前,35.125857,136.912485,愛知県,名鉄常滑線
7e5965fc-f7ce-4913-9523-804af6181e14,豊田本町,35.113586,136.910877,愛知県,名鉄常滑線
21a8905e-dc33-4fad-9339-56c18ecdf898,道徳,35.105712,136.909409,愛知県,名鉄常滑線
a4487b47-f4c7-4d26-bf46-23bfd4d576ef,大江,35.093258,136.912758,愛知県,名鉄常滑線
e9ed3619-2ee3-4504-a4bc-fd1a04cf6a03,大同町,35.080268,136.909314,愛知県,名鉄常滑線
464e66fc-5857-44c9-b6e2-e674c6432efa,柴田,35.072774,136.909126,愛知県,名鉄常滑線
9f8c3108-4407-4dff-9132-5b712a011c1a,名和,35.060914,136.911709,愛知県,名鉄常滑線
d7c5053e-5ae3-4581-93cd-31d1e72db14d,聚楽園,35.042857,136.90304,愛知県,名鉄常滑線
e59ecff9-49fd-4df8-bbe0-fa1a7a7e7ca6,新日鉄前,35.035161,136.899491,愛知県,名鉄常滑線
4060fb87-a26e-4133-b75e-29ab3c2aa77a,太田川,35.020221,136.892504,愛知県,名鉄常滑線
6e4f480b-bc60-4c7a-8b56-35049125f04f,尾張横須賀,35.010132,136.885655,愛知県,名鉄常滑線
e2de57b9-e761-4847-b2b0-e4a0376d4dc3,寺本,35.000191,136.875498,愛知県,名鉄常滑線
6fc4e59f-43dd-4503-8605-c4c737873f0d,朝倉,34.993858,136.863419,愛知県,名鉄常滑線
a507a904-7f3a-419c-8c7e-dfc13a8b9f85,古見,34.987809,136.856673,愛知県,名鉄常滑線
a733ee8f-6de8-4cc7-8156-eb59be5ed6a4,長浦,34.978432,136.847808,愛知県,名鉄常滑線
d225abfa-9e01-4b85-9559-2c0c329c9789,日長,34.96162,136.832152,愛知県,名鉄常滑線
0331c5ca-7b58-495f-a9fb-40b175f7c4fc,新舞子,34.949689,136.828669,愛知県,名鉄常滑線
8f8504fb-64a7-46ba-8185-71b4d1bdc5b1,大野町,34.935441,136.827641,愛知県,名鉄常滑線
13eb1750-96d8-480f-b5d3-708b9494d3e9,西ノ口,34.926759,136.82663,愛知県,名鉄常滑線
54be01df-0060-4c5e-828e-be7f23f603c0,蒲池,34.915408,136.825536,愛知県,名鉄常滑線
8d35c060-b0c3-4f78-b35c-4b235fe3a3c8,榎戸,34.90489,136.82822,愛知県,名鉄常滑線
08efc2f4-e7d8-4a0a-9ea6-7e0c7289bcb3,多屋,34.896983,136.830695,愛知県,名鉄常滑線
c4a6b4d4-38b0-48e5-9c88-5b258f171bfc,常滑,34.891167,136.834992,愛知県,名鉄常滑線
31fbf335-2037-4793-837e-45a7eabb927b,太田川,35.020221,136.892504,愛知県,名鉄河和線
3e017998-7282-41db-b510-960972e5795c,高横須賀,35.009608,136.893696,愛知県,名鉄河和線
02bee0ac-c827-43f1-bd6c-3ade63d09be2,南加木屋,34.989216,136.906853,愛知県,名鉄河和線
d8eb8b1a-2fe6-4f99-8d6d-d379d0aa85c4,八幡新田,34.973674,136.912578,愛知県,名鉄河和線
a716941e-ccac-4478-8125-df555eb62d9c,巽ヶ丘,34.962265,136.915556,愛知県,名鉄河和線
8d3f9f55-d1a4-49be-b935-fc82a9e35b43,白沢,34.955219,136.91537,愛知県,名鉄河和線
75b5c114-c96b-4c1e-9850-003da985f57f,坂部,34.941579,136.916562,愛知県,名鉄河和線
ff7aed04-06a5-457c-9a18-3e4d27bb74eb,阿久比,34.931256,136.918517,愛知県,名鉄河和線
2a347233-8cf6-41c6-aaba-506c8d3949ec,椋岡,34.926592,136.920387,愛知県,名鉄河和線
d55f64ee-d9f5-40a7-9312-a6293d243fcf,植大,34.917457,136.923448,愛知県,名鉄河和線
8a92f7af-29e9-4f37-a3f5-ec472c824535,半田口,34.909111,136.925462,愛知県,名鉄河和線
d785dde7-5090-4363-a9ac-107e057d7224,住吉町,34.902042,136.925684,愛知県,名鉄河和線
9fd3c606-8b56-47b5-8171-801e510843eb,知多半田,34.893931,136.925954,愛知県,名鉄河和線
ac011398-2302-43d4-b344-c9b9ef066fc9,成岩,34.886209,136.921879,愛知県,名鉄河和線
46b145fe-89d0-4b31-8102-71a5fb5325bb,青山,34.878132,136.917,愛知県,名鉄河和線
6b65c9ef-75af-4d6f-b91c-09885545de51,上ゲ,34.858389,136.916403,愛知県,名鉄河和線
2a6cff66-b0f7-4762-b105-d375f981a9e5,知多武豊,34.850732,136.916439,愛知県,名鉄河和線
5437daa9-f2ae-4c73-a234-a73f0fbf2af6,富貴,34.828823,136.917043,愛知県,名鉄河和線
0a2c71a8-e2dd-40b1-a3a8-4b83d7722b8b,布土,34.810384,136.916371,愛知県,名鉄河和線
4e13dd96-3527-4735-b75f-ba3846570b58,河和口,34.797805,136.918618,愛知県,名鉄河和線
04c1f659-6da4-45c6-ae53-d91a62e46479,河和,34.777771,136.912528,愛知県,名鉄河和線
654c241e-92c1-4942-8e68-05b1644eac11,富貴,34.828823,136.917043,愛知県,名鉄知多新線
dddda813-3738-4350-b73d-3db6bbeb61f9,上野間,34.807284,136.866854,愛知県,名鉄知多新線
cde8a28d-a78a-418b-99d8-9faf40178c02,美浜緑苑,34.80028,136.863063,愛知県,名鉄知多新線
16dfbc54-2d9c-4a60-ab64-7d6d7a826fdc,知多奥田,34.787617,136.864488,愛知県,名鉄知多新線
d730804d-3fb5-41f2-9112-0acdd889c4f7,野間,34.7723,136.860683,愛知県,名鉄知多新線
a5021fed-94c2-4496-84c8-0722e177980b,内海,34.744631,136.875544,愛知県,名鉄知多新線
d7894dc5-f31c-4505-991b-a72da457c0bb,大江,35.093258,136.912758,愛知県,名鉄築港線
d2d8a666-ae18-48ba-b530-e4aafacafcd0,東名古屋港,35.089091,136.899255,愛知県,名鉄築港線
087812cd-f97f-46f8-b377-1f18c67a8eaf,栄町,35.170567,136.908962,愛知県,名鉄瀬戸線
310565d1-9394-4220-a1f7-04f081e77586,東大手,35.183727,136.908376,愛知県,名鉄瀬戸線
5750968d-c0ea-459a-b2d1-7d26b7865226,清水,35.187152,136.913814,愛知県,名鉄瀬戸線
4fb4812b-67dd-4f08-9178-521905a3a45a,尼ヶ坂,35.187957,136.91928,愛知県,名鉄瀬戸線
a31e7ff1-4184-4217-b2cf-d02af46dc063,森下,35.188299,136.929657,愛知県,名鉄瀬戸線
bb953634-8715-480d-be8f-fa8a941cff62,大曽根,35.1916,136.936855,愛知県,名鉄瀬戸線
2f6ef527-fcbd-4267-94b3-39e45bdb834e,矢田,35.193699,136.947802,愛知県,名鉄瀬戸線
88a31269-427a-49c6-8e67-413e27123034,守山自衛隊前,35.196258,136.957843,愛知県,名鉄瀬戸線
d639846f-dc4e-4513-b6e4-e6b0a2eedc74,瓢箪山,35.197222,136.965048,愛知県,名鉄瀬戸線
c983757d-fb06-4f6a-9962-796a7ed2fb9d,小幡,35.200216,136.975769,愛知県,名鉄瀬戸線
935cf66c-7ec1-4860-9ba4-45c37b4bf1c3,喜多山,35.205099,136.987735,愛知県,名鉄瀬戸線
02f0729a-dac9-4913-9913-c24e0fedd7de,大森・金城学院前,35.206934,136.996465,愛知県,名鉄瀬戸線
21772b08-e1d3-4042-8a84-4b829f8a6106,印場,35.211085,137.011132,愛知県,名鉄瀬戸線
4482c007-cde0-4448-8c1b-6dcd68e53ba2,旭前,35.214162,137.019706,愛知県,名鉄瀬戸線
080067fc-a48e-4f7b-9f63-bcd350254718,尾張旭,35.216743,137.036393,愛知県,名鉄瀬戸線
e7462c34-462d-4d0e-8b64-7309859f582d,三郷,35.216258,137.052352,愛知県,名鉄瀬戸線
e98b82c3-370d-4952-a7f6-43fd38054478,水野,35.224296,137.069659,愛知県,名鉄瀬戸線
f91420d3-ed6d-41e1-93b9-dd70e0813326,新瀬戸,35.225485,137.077639,愛知県,名鉄瀬戸線
b8f81dc4-794b-4de4-8daa-86e1e3e7e608,瀬戸市役所前,35.224986,137.084177,愛知県,名鉄瀬戸線
d16675c6-3fc5-48fd-8248-81e0fbbff280,尾張瀬戸,35.225094,137.09727,愛知県,名鉄瀬戸線
9487590f-e773-4772-a22b-f62bb62cfd47,須ヶ口,35.198684,136.846229,愛知県,名鉄津島線
abff2b1f-13db-4a49-abfd-383098b92737,甚目寺,35.195953,136.825492,愛知県,名鉄津島線
9cb44739-70ca-440d-a7ec-676a410c4ee5,七宝,35.195775,136.806413,愛知県,名鉄津島線
dea76e70-c769-4d85-9e09-91adc96400d2,木田,35.195328,136.787865,愛知県,名鉄津島線
9a164a67-4a09-40fe-addb-2a3f3e57b00a,青塚,35.198674,136.76708,愛知県,名鉄津島線
c13922fa-d81d-4bda-b273-004d8d53a34a,勝幡,35.195143,136.750082,愛知県,名鉄津島線
fe6b0552-74f8-4d82-9008-821cf76f8095,藤浪,35.188911,136.738766,愛知県,名鉄津島線
784d6bca-952f-4ab4-bf7a-2ff556ecf0fe,津島,35.177982,136.730995,愛知県,名鉄津島線
39fdce00-d45e-435f-87b1-2319ae8beb21,弥富,35.114026,136.725664,愛知県,名鉄尾西線
2b71103e-494c-405c-a259-42f1e34a9858,弥富口,35.120647,136.714064,愛知県,名鉄尾西線
7f2305db-f169-4574-9af6-214b83236490,五ノ三,35.129838,136.711464,愛知県,名鉄尾西線
9f1f40ea-dc48-4a58-a91e-d48e67e43f1c,佐屋,35.147552,136.716612,愛知県,名鉄尾西線
e42d3a5c-6af1-4489-9a35-a32e8bce4360,日比野,35.163258,136.728351,愛知県,名鉄尾西線
4b34f004-efdb-4d32-a5f1-e0f1a461d0b6,津島,35.177982,136.730995,愛知県,名鉄尾西線
805c9c75-7236-4a46-a654-50b5eb14cf9c,町方,35.18898,136.727551,愛知県,名鉄尾西線
d36e270e-4e63-4274-b7cf-66e97ec8ef38,六輪,35.202395,136.729306,愛知県,名鉄尾西線
9286943a-5036-4b92-8cec-25eeb7193e9d,渕高,35.213944,136.727256,愛知県,名鉄尾西線
fc91ff54-8462-4f30-9e96-9a9767b8b654,丸渕,35.222635,136.728991,愛知県,名鉄尾西線
49eeefa8-e1fc-4892-9a7b-eb45599560b7,上丸渕,35.233809,136.732521,愛知県,名鉄尾西線
5124ff24-378a-469d-ad60-0824a8de41dd,森上,35.247229,136.736698,愛知県,名鉄尾西線
04d21152-1520-47cb-9043-677d0a2289fa,山崎,35.256548,136.739372,愛知県,名鉄尾西線
7d122cc4-d92d-4c5c-9cd6-5ca31d312140,玉野,35.266327,136.747982,愛知県,名鉄尾西線
617521b7-2d9a-4b32-b204-90e71a43067d,萩原,35.277157,136.757703,愛知県,名鉄尾西線
7921c440-c45c-4400-a2e3-dc7d1f4d7583,二子,35.283986,136.766268,愛知県,名鉄尾西線
bc6514e3-9ddb-4337-8368-4d552733facc,苅安賀,35.287194,136.778275,愛知県,名鉄尾西線
31834303-1be2-4338-aab8-cec29d06ac38,観音寺,35.289716,136.786191,愛知県,名鉄尾西線
f2dac833-9f76-415e-9f2d-7b8a25fba38e,名鉄一宮,35.30154,136.797225,愛知県,名鉄尾西線
42bf9c3a-c71d-4f64-b402-3f4aea6693c1,西一宮,35.307603,136.791948,愛知県,名鉄尾西線
9e90f294-3786-4810-aa17-0eb5ed13ed54,開明,35.31926,136.7741,愛知県,名鉄尾西線
2ace3aa1-06ef-4844-bdde-5f518f9aca7f,奥町,35.32434,136.761092,愛知県,名鉄尾西線
29478dc5-2e9a-4a48-a388-63b7022378f7,玉ノ井,35.334887,136.757968,愛知県,名鉄尾西線
cce5c095-1250-4cdf-9f55-c8de243e64b8,名鉄名古屋,35.169252,136.884187,愛知県,名鉄犬山線
fc33bc98-0546-4193-b5a6-abffff000208,栄生,35.183687,136.873051,愛知県,名鉄犬山線
5aa8b6ff-bfdd-45f8-9fa7-7b53d774ae28,東枇杷島,35.189808,136.870168,愛知県,名鉄犬山線
7c364268-cc75-49de-85db-c5fbd2f7aea5,下小田井,35.201878,136.870638,愛知県,名鉄犬山線
60325360-5fc5-4240-8511-fffe27dcad19,中小田井,35.214647,136.876772,愛知県,名鉄犬山線
c7de2976-22e1-4198-9c9f-dc8a446358d0,上小田井,35.223482,136.876941,愛知県,名鉄犬山線
be1df236-2487-45ab-9530-272891ed8db3,西春,35.244627,136.871235,愛知県,名鉄犬山線
567c3725-4519-48a6-ba45-086ecafb7ada,徳重・名古屋芸大,35.256045,136.873384,愛知県,名鉄犬山線
cca11c0c-a59e-4ba3-859c-cbe4de515719,大山寺,35.263508,136.874748,愛知県,名鉄犬山線
cea1c79c-05b4-4c54-b94e-baee2a2ab515,岩倉,35.277972,136.873511,愛知県,名鉄犬山線
e4e6d583-53ec-4cd0-aba6-d58486f87d20,石仏,35.295545,136.871144,愛知県,名鉄犬山線
c09bd13d-f7ed-4a15-af2c-f9af72f3a736,布袋,35.317135,136.872987,愛知県,名鉄犬山線
520ebd6f-feda-4e2b-bf6c-f9a4a50c90aa,江南,35.33475,136.872109,愛知県,名鉄犬山線
6e226f39-9817-476c-a90b-38e4369bcd9e,柏森,35.344807,136.900181,愛知県,名鉄犬山線
d20042b1-dc3e-47f0-873f-24c4367b0ab7,扶桑,35.359557,136.91597,愛知県,名鉄犬山線
493ded56-b49f-41ca-9821-7d6bbfcbfa61,木津用水,35.366914,136.925977,愛知県,名鉄犬山線
71672964-65d2-43a1-9659-917633435d68,犬山口,35.374212,136.939945,愛知県,名鉄犬山線
7e90c021-def5-4806-bb4c-ad7de184ee02,犬山,35.379871,136.945536,愛知県,名鉄犬山線
3f49807b-7613-428a-aacf-a01dcf9410ba,犬山遊園,35.390331,136.946894,愛知県,名鉄犬山線
1b6a6d6f-fbe4-4543-b7cc-0e0c3d4eb465,新鵜沼,35.396799,136.944314,岐阜県,名鉄犬山線
9a1e73c7-5567-4a4d-84e5-774cd4a8e423,新鵜沼,35.396799,136.944314,岐阜県,名鉄各務原線
7b0eaf87-40a5-4c06-9b46-1bd6895854bc,鵜沼宿,35.400015,136.932567,岐阜県,名鉄各務原線
cb67d397-6d29-4f98-9ee7-c8192a09ac56,羽場,35.40119,136.921535,岐阜県,名鉄各務原線
0be30a7b-66e5-4f8b-b54e-8e58fb8e6ada,苧ヶ瀬,35.403273,136.912266,岐阜県,名鉄各務原線
2ec97cf4-a6aa-4d77-958c-d364a60afa18,名電各務原,35.402518,136.900981,岐阜県,名鉄各務原線
891c3ffa-209f-459a-b37f-bc0c0c1e05eb,二十軒,35.400098,136.889307,岐阜県,名鉄各務原線
cbafd7db-d10f-40e9-afb9-00da2a0847dc,三柿野,35.400156,136.876084,岐阜県,名鉄各務原線
0c2c7013-37f4-4263-bff8-e063a8266382,六軒,35.40105,136.861554,岐阜県,名鉄各務原線
81565579-b4b5-4c45-a07b-9b4bc59e150e,各務原市役所前,35.400869,136.847067,岐阜県,名鉄各務原線
010a2658-dccd-406d-8943-398ed5f4b215,市民公園前,35.400572,136.841829,岐阜県,名鉄各務原線
ad62b4ff-33fb-43fa-b6aa-94a86c760fda,新那加,35.400097,136.83386,岐阜県,名鉄各務原線
98b6eb8c-16af-440e-a1ae-a0898cdac5eb,新加納,35.39938,136.824414,岐阜県,名鉄各務原線
e1ab765f-b551-4483-8d4b-03db63a8682f,高田橋,35.398383,136.811488,岐阜県,名鉄各務原線
042e7569-0962-42b6-8a00-8438677b36e5,手力,35.398269,136.804472,岐阜県,名鉄各務原線
d2fdc3b3-2936-446b-9dd5-18072f79b06f,切通,35.400257,136.79564,岐阜県,名鉄各務原線
18705fb4-1035-4052-b3c6-64df975b0851,細畑,35.401637,136.785141,岐阜県,名鉄各務原線
b9f1dcee-6bf1-4a79-a474-2c5606570ba7,田神,35.411261,136.772189,岐阜県,名鉄各務原線
830fdfaa-77a5-4155-bb90-f0866cd1c10f,名鉄岐阜,35.41163,136.760602,岐阜県,名鉄各務原線
b7856f3b-7066-4c48-ae16-225142d7e169,犬山,35.379871,136.945536,愛知県,名鉄広見線
7185afb9-bd0c-4504-95c7-d6cd9b57ef21,富岡前,35.379508,136.962112,愛知県,名鉄広見線
6bbb0d73-e8f3-4307-bd56-524c5ebac9b1,善師野,35.389744,136.980027,愛知県,名鉄広見線
bf017760-7bed-44bd-a545-ce1ae04b99e4,西可児,35.404685,137.010616,岐阜県,名鉄広見線
b0eb26ac-6f6a-4bd9-b3db-ea667777afe9,可児川,35.41812,137.01847,岐阜県,名鉄広見線
baf4c5e8-4557-4841-9f38-33d2176d36e5,日本ライン今渡,35.432302,137.036818,岐阜県,名鉄広見線
6ffe8359-4e3e-42d8-9270-b5d51be6a27c,新可児,35.423282,137.055622,岐阜県,名鉄広見線
ea91a9f1-1528-460c-9a49-91e4b55a1be3,明智,35.433208,137.087295,岐阜県,名鉄広見線
b7c1472a-96eb-42e1-a343-1119623eab06,顔戸,35.434522,137.105154,岐阜県,名鉄広見線
2ad5581f-2700-4eae-94cc-e39856cdd530,御嵩口,35.431281,137.121741,岐阜県,名鉄広見線
8b78c286-fd7b-4213-8343-9f098f747c26,御嵩,35.429723,137.127527,岐阜県,名鉄広見線
ca79148b-7c88-467b-a091-9198890a5f6e,上飯田,35.203845,136.929642,愛知県,名鉄小牧線
9767bfe6-d946-47b6-8b3b-add4d194e828,味鋺,35.222478,136.936113,愛知県,名鉄小牧線
1fc54587-2ff8-46ef-a5ea-6b5bbfc08ba8,味美,35.235209,136.937134,愛知県,名鉄小牧線
dd7b2c30-ab1c-46d7-85f8-308e5dd58b1c,春日井,35.25035,136.936228,愛知県,名鉄小牧線
de1c0408-c54f-4f4d-b484-f9d73ce4ec42,牛山,35.264014,136.931356,愛知県,名鉄小牧線
e89ea97a-f39d-42a9-84cf-9070eba0387c,間内,35.271585,136.9312,愛知県,名鉄小牧線
208113d0-d4e1-4361-8ba5-b821d95b9f3d,小牧口,35.281717,136.927675,愛知県,名鉄小牧線
8d518813-c544-48c0-9c5e-22f986bcebe4,小牧,35.28915,136.928461,愛知県,名鉄小牧線
ce10afcd-fe4e-4c1c-a167-25056846b042,小牧原,35.300145,136.935836,愛知県,名鉄小牧線
bb6b5e42-0339-44fb-aeac-d11dc8e3eeb3,味岡,35.309301,136.940304,愛知県,名鉄小牧線
c27ccc6b-3a44-4d73-9741-a09707523d50,田県神社前,35.317422,136.943675,愛知県,名鉄小牧線
19acd6fe-571c-47b1-a0c4-e11e73f16369,楽田,35.330548,136.950101,愛知県,名鉄小牧線
563da7a6-2c05-4724-85c2-0928fc1492fc,羽黒,35.351519,136.952486,愛知県,名鉄小牧線
1a6097c5-d6a3-4826-b404-9b99010a5960,犬山,35.379871,136.945536,愛知県,名鉄小牧線
0a3acee2-2d9a-498f-9ed9-2f6aaf8be176,犬山遊園,35.390331,136.946894,愛知県,犬山モノレール
bcc6fb0c-b1d3-4d3e-972f-320a33db8eef,成田山,35.387426,136.949646,愛知県,犬山モノレール
0bb1c9a5-425f-4cc0-82d0-cf29b2ab185e,動物園,35.390318,136.956687,愛知県,犬山モノレール
20fb7af3-80c4-4250-801e-92e7d4752c33,笠松,35.37466,136.764664,岐阜県,名鉄竹鼻線
3511dc17-0cc9-46f9-a9fa-4b4134eb4b47,西笠松,35.36906,136.757901,岐阜県,名鉄竹鼻線
a29977d7-2714-4941-bcdf-7eed5ac8e921,柳津,35.364925,136.737103,岐阜県,名鉄竹鼻線
2addba7e-2a2a-4bd8-90db-0a2786380b80,南宿,35.347869,136.728604,岐阜県,名鉄竹鼻線
2e9976c8-eb7e-46b9-a2c9-6b0a308d5160,須賀,35.340192,136.726805,岐阜県,名鉄竹鼻線
14eeb382-5253-40f6-819e-e7d8d9ab3ed4,不破一色,35.332959,136.721897,岐阜県,名鉄竹鼻線
8a0b9694-1511-4132-8b56-c038b5f236cf,竹鼻,35.326734,136.706399,岐阜県,名鉄竹鼻線
1491a3d9-35d1-4ca5-a500-4ae43cd48536,羽島市役所前,35.321924,136.70003,岐阜県,名鉄竹鼻線
d705d584-3061-4a87-9402-673c8272e549,江吉良,35.31543,136.699686,岐阜県,名鉄竹鼻線
26287dd0-6fa2-4a07-bdfb-ba2ac77a7951,江吉良,35.31543,136.699686,岐阜県,名鉄羽島線
c4aec236-363a-4a21-8df3-07f9ea5926ae,新羽島,35.315471,136.686582,岐阜県,名鉄羽島線
7ba8e535-c62b-4a19-b39e-fcb112efd29e,大阪難波,34.667113,135.499144,大阪府,近鉄難波線
36f81188-405e-47ef-834e-9ba6d6c45eef,近鉄日本橋,34.666949,135.505818,大阪府,近鉄難波線
fe09a0ad-8d6b-4adf-9314-9df99f969622,大阪上本町,34.665513,135.522189,大阪府,近鉄難波線
d5c1ffee-6d0e-47ed-bdab-ffe06b5cc895,鶴橋,34.665282,135.530605,大阪府,近鉄難波線
fb905c4f-91ee-4f06-b039-ce73797e5d93,今里,34.664788,135.549917,大阪府,近鉄難波線
dda64b06-4b69-4fc0-a240-b24d8cb8ddc4,布施,34.664092,135.563516,大阪府,近鉄難波線
4ac364e4-438b-49a5-8f8b-a637c14cbb0c,大和西大寺,34.69358,135.783169,奈良県,近鉄橿原線
0d1a313b-9e05-4afd-9e91-0d635803fd32,尼ヶ辻,34.681109,135.783519,奈良県,近鉄橿原線
fea9a30a-3707-411c-ac42-da8a66cd8fdd,西ノ京,34.670652,135.783186,奈良県,近鉄橿原線
36e7579e-57ef-4a72-acff-ee092ec9bb70,九条,34.659523,135.782894,奈良県,近鉄橿原線
9a58cf89-ca88-40aa-9d42-3d86e34653dd,近鉄郡山,34.646041,135.780756,奈良県,近鉄橿原線
1cd3c452-3d67-4d5c-ade2-523f300a4d84,筒井,34.620152,135.78067,奈良県,近鉄橿原線
fa7a9335-b95e-40d2-a0ed-5acb495632c7,平端,34.606712,135.782804,奈良県,近鉄橿原線
4d63a2b5-6edb-4706-8f81-d0da4ded943d,ファミリー公園前,34.597968,135.784987,奈良県,近鉄橿原線
be04d57f-96f7-43b5-81a2-c06337c1b063,結崎,34.584586,135.784782,奈良県,近鉄橿原線
2be04577-315e-43c1-9f1a-66cd6afd6ffa,石見,34.571499,135.785765,奈良県,近鉄橿原線
c79eeac3-5f57-4ffc-9831-2a4c76bd2b19,田原本,34.553068,135.790837,奈良県,近鉄橿原線
19858ff3-727a-49c3-8612-59bd8138d688,笠縫,34.541422,135.794076,奈良県,近鉄橿原線
829766ce-9c88-4dff-99a2-a23c340cb10c,新ノ口,34.525332,135.794631,奈良県,近鉄橿原線
e63f21eb-c1f7-4f2c-bf72-36d065351ba8,大和八木,34.513208,135.791484,奈良県,近鉄橿原線
8136ffb9-118c-4a0b-a51c-f0253a66167f,八木西口,34.509309,135.790707,奈良県,近鉄橿原線
57a3aa0d-fdae-4b01-8489-1002943d82f9,畝傍御陵前,34.492758,135.794254,奈良県,近鉄橿原線
410a7cb7-0cb0-48b5-bc84-050537154b89,橿原神宮前,34.483987,135.79434,奈良県,近鉄橿原線
4b82440b-cd9b-44b3-a9c2-7b3d55630de4,大阪阿部野橋,34.645643,135.514529,大阪府,近鉄南大阪線
74aa9ee0-2a1b-467d-b768-8979de038f7d,河堀口,34.641166,135.524237,大阪府,近鉄南大阪線
7a57f545-8619-4f9a-9d2a-c673d596a017,北田辺,34.632184,135.528934,大阪府,近鉄南大阪線
3cb9efe0-0bb0-4e5f-b7ab-69f9fa01fec7,今川,34.626226,135.531148,大阪府,近鉄南大阪線
8abde56d-cda9-42a4-a927-1d1527c5b26e,針中野,34.616969,135.533078,大阪府,近鉄南大阪線
0b53545b-dacb-4bbc-8abe-43e2d5a7a07f,矢田,34.605926,135.532942,大阪府,近鉄南大阪線
c89e33ea-c733-4f9e-a10a-f1a31a017ae9,河内天美,34.585823,135.535509,大阪府,近鉄南大阪線
5396c59f-8667-4d37-9d26-2a62b89c8013,布忍,34.577824,135.539415,大阪府,近鉄南大阪線
1feab9be-8c61-442d-8984-5fefe7d2c314,高見ノ里,34.575232,135.546189,大阪府,近鉄南大阪線
068c31d3-7c49-43c6-b28d-3f5933767ef1,河内松原,34.575563,135.557097,大阪府,近鉄南大阪線
06dc52f4-3ec7-44ce-b3fd-b6d38021c84b,恵我ノ荘,34.573591,135.572751,大阪府,近鉄南大阪線
34a5db67-5ee1-41a6-b7d2-00b81ae4c506,高鷲,34.571602,135.584503,大阪府,近鉄南大阪線
1b1dd6f0-04a3-47b3-a0e1-1559e905f088,藤井寺,34.571669,135.594046,大阪府,近鉄南大阪線
0d8a30a1-3126-41ab-8655-67d4ee015043,土師ノ里,34.571603,135.615622,大阪府,近鉄南大阪線
8bc8736f-99f6-452e-b333-bcef16e48589,道明寺,34.56834,135.620399,大阪府,近鉄南大阪線
da313bfe-237a-4ee8-9f88-eea6cbdc8b46,古市,34.55416,135.609092,大阪府,近鉄南大阪線
c0e06e13-d9d8-4c41-bb38-b78d95669f36,駒ヶ谷,34.545751,135.621999,大阪府,近鉄南大阪線
cbb5d540-0d9f-4511-87dc-4591f9d06241,上ノ太子,34.532974,135.637634,大阪府,近鉄南大阪線
779175e7-7eac-47ce-a4b0-6c21162c4b77,二上山,34.53907,135.685974,奈良県,近鉄南大阪線
95c81604-baae-41a7-b859-2825c1e1380f,二上神社口,34.532104,135.69414,奈良県,近鉄南大阪線
23bbfc1f-beec-4bd6-abd5-e0217e7757d8,当麻寺,34.516412,135.705897,奈良県,近鉄南大阪線
b06ba9f3-a47a-458f-a366-7a13895ea943,磐城,34.511302,135.710869,奈良県,近鉄南大阪線
7785e37f-2cce-45e5-8324-f8f4b2934be4,尺土,34.508577,135.721404,奈良県,近鉄南大阪線
378e28d7-9c5a-47f3-ac74-0ca428ac36c6,高田市,34.507145,135.742119,奈良県,近鉄南大阪線
4c34aa30-a739-4ede-99cb-48dce7278533,浮孔,34.498077,135.754749,奈良県,近鉄南大阪線
1b2f2ec3-b3d8-4902-a14d-e8c9a15fa1ee,坊城,34.493577,135.764876,奈良県,近鉄南大阪線
bd251e48-6226-42eb-a264-75ec2f511222,橿原神宮西口,34.486187,135.781372,奈良県,近鉄南大阪線
f870b290-79a9-44e8-9aa0-5aa65360ba49,橿原神宮前,34.483987,135.79434,奈良県,近鉄南大阪線
9ede6e11-caeb-4ec8-a323-56c49e26293e,桑名,35.06744,136.683435,三重県,近鉄養老線
7340707b-3052-4426-8216-9adb933b9e1b,播磨,35.078242,136.674595,三重県,近鉄養老線
a3927627-b677-45e3-8f08-4d74e6983ba1,下深谷,35.096179,136.661818,三重県,近鉄養老線
a003d0fa-bf3b-44f9-8b0a-ecb09b9a33a6,下野代,35.115899,136.647235,三重県,近鉄養老線
f318cae7-c009-429f-98b1-4f8ce46a3c7b,多度,35.133855,136.640594,三重県,近鉄養老線
358b6301-172f-41a9-b0b0-f882a6db8e60,美濃松山,35.160724,136.632644,岐阜県,近鉄養老線
4de8764c-6e72-459e-8c2f-c83c9e4d0449,石津,35.181032,136.627765,岐阜県,近鉄養老線
5382f382-18a2-4ac5-bcfb-a124d0ece021,美濃山崎,35.198658,136.621595,岐阜県,近鉄養老線
555f88bd-8984-40d1-8888-b81e3c659e11,駒野,35.22385,136.603389,岐阜県,近鉄養老線
3627576c-5b65-4264-b237-b743eee43101,美濃津屋,35.251532,136.566651,岐阜県,近鉄養老線
04bbf805-04bc-46db-b30b-c072bb1f93b6,養老,35.28693,136.556739,岐阜県,近鉄養老線
15c53809-4a4e-4aea-abf4-0ca06c9a1d50,美濃高田,35.309074,136.563602,岐阜県,近鉄養老線
9de42bdc-153b-4504-89c5-7cf61084716f,烏江,35.305346,136.592258,岐阜県,近鉄養老線
e3b67cad-8f74-4609-a9af-90d27b6a6582,大外羽,35.315092,136.597382,岐阜県,近鉄養老線
678dda74-ceb6-47eb-908d-10db36307ed0,友江,35.326501,136.600672,岐阜県,近鉄養老線
922f2c82-a1b5-4a4b-a9a1-caa9b33c635a,美濃青柳,35.343591,136.603797,岐阜県,近鉄養老線
2b90c191-1ac9-4918-9e92-7efd9c23394c,西大垣,35.360298,136.603363,岐阜県,近鉄養老線
b313c90d-66ea-47a3-9e68-21127e116a49,大垣,35.366664,136.61697,岐阜県,近鉄養老線
672c7ec1-fbe1-4fb0-8820-cf4623890d3c,室,35.367272,136.606209,岐阜県,近鉄養老線
e1c30c88-ce34-4211-9eb2-8835781ce0a2,北大垣,35.375349,136.601979,岐阜県,近鉄養老線
5e819b94-8ada-4ca3-be35-cfc4062fd2d5,東赤坂,35.39414,136.600971,岐阜県,近鉄養老線
46416cd3-b915-4c8e-8da2-51c497466f1d,広神戸,35.419651,136.602096,岐阜県,近鉄養老線
f1832a18-bcc4-4a9f-b700-71d1b7b8033a,北神戸,35.430013,136.59441,岐阜県,近鉄養老線
c9a70e48-3f48-448a-b57d-4432312727b5,池野,35.436512,136.578712,岐阜県,近鉄養老線
88af8710-22ca-488f-ae68-441cd217ba82,北池野,35.44335,136.573673,岐阜県,近鉄養老線
362dc5fb-c1a4-4944-ab86-3c01836dc28e,美濃本郷,35.449874,136.571826,岐阜県,近鉄養老線
4aa4bb29-52ae-47d9-83b4-fe3a67f5aeb4,揖斐,35.470314,136.572536,岐阜県,近鉄養老線
9fd2e1fc-14d3-46e9-a0ab-862e3e9f7c3b,大阪上本町,34.665513,135.522189,大阪府,近鉄大阪線
01555728-44bf-4d71-bcfa-7104681867f6,鶴橋,34.665282,135.530605,大阪府,近鉄大阪線
92915395-8199-4486-929b-5ae55c803441,今里,34.664788,135.549917,大阪府,近鉄大阪線
5e5d1c28-5175-4945-9ec0-8f3ce9816f75,布施,34.664092,135.563516,大阪府,近鉄大阪線
5aed0c68-4a7c-4d4f-b216-747cb3493167,俊徳道,34.658224,135.571777,大阪府,近鉄大阪線
be168b32-cd09-4f20-ab37-8ad9a3a84d40,長瀬,34.64988,135.577612,大阪府,近鉄大阪線
edc24b94-3040-401c-a36d-83b8ee6a60aa,弥刀,34.641337,135.583412,大阪府,近鉄大阪線
f1f7771b-bb29-4ccc-b48c-94dc971255cc,久宝寺口,34.634593,135.590548,大阪府,近鉄大阪線
1747c182-e280-466e-a1fa-f3b38d7f69c5,近鉄八尾,34.62978,135.603591,大阪府,近鉄大阪線
1bc642aa-8f3c-4254-90ad-49b56ff74163,河内山本,34.627892,135.619317,大阪府,近鉄大阪線
78c22059-de1c-4378-84d8-8ca274f1a8ea,高安,34.619376,135.624403,大阪府,近鉄大阪線
09ac7600-c837-4b9b-83c9-5ef0a69ab36c,恩智,34.609747,135.626308,大阪府,近鉄大阪線
59373f31-f524-4702-85ef-00cb6e730d05,法善寺,34.595176,135.626331,大阪府,近鉄大阪線
1278d81c-650b-457b-acd6-3558d60a43a5,堅下,34.588246,135.627331,大阪府,近鉄大阪線
38fb6fe5-7ede-498b-b7b0-aa483e4d1559,安堂,34.580213,135.629064,大阪府,近鉄大阪線
87a31368-945a-4245-9ca1-b5dc52a9028d,河内国分,34.566754,135.635684,大阪府,近鉄大阪線
a7effc95-bc3a-433b-a26e-43e64aca6cca,大阪教育大前,34.555366,135.645139,大阪府,近鉄大阪線
d163ac38-934c-4485-b527-defd99df5042,関屋,34.553688,135.667778,奈良県,近鉄大阪線
39bfa7d6-b252-4a87-9328-75cdc0126b10,二上,34.546511,135.68811,奈良県,近鉄大阪線
0a01c2af-f389-4b61-bc72-a03dd69d157b,近鉄下田,34.541478,135.704033,奈良県,近鉄大阪線
0c6f33d8-4647-491e-9b4f-68404866e4be,五位堂,34.534763,135.717937,奈良県,近鉄大阪線
b1e941a0-602d-478e-8a1b-4cd10a04d5de,築山,34.526125,135.733036,奈良県,近鉄大阪線
d2ccbee9-9f66-41a2-8994-ebcad11f3ba6,大和高田,34.519757,135.742264,奈良県,近鉄大阪線
707be676-e84c-4f96-9f4f-6a914af26da9,松塚,34.520601,135.761507,奈良県,近鉄大阪線
caca710f-a605-4808-8580-4cc381a71dbf,真菅,34.519585,135.772806,奈良県,近鉄大阪線
456573f0-da85-40b3-9da8-e73ae02b5925,大和八木,34.513208,135.791484,奈良県,近鉄大阪線
968cfc94-1c4e-4bf3-9b35-7319e42fbca3,耳成,34.512409,135.815071,奈良県,近鉄大阪線
75696215-63f6-44b6-828d-582344c209ad,大福,34.512851,135.829756,奈良県,近鉄大阪線
2387a39d-be10-4d52-a7aa-fdfbaa66b956,桜井,34.51347,135.846516,奈良県,近鉄大阪線
7a7b41df-f1e8-461a-8e3d-c82aac40fe9b,大和朝倉,34.51602,135.868933,奈良県,近鉄大阪線
ec0eb759-1eea-4a44-b3b1-8c683263194f,長谷寺,34.526889,135.906453,奈良県,近鉄大阪線
e3a8469a-aef1-446c-a8c7-4faa024a5b3a,榛原,34.529887,135.954747,奈良県,近鉄大阪線
75a00423-bad8-45b7-9607-d196bbb36be9,室生口大野,34.566109,136.015252,奈良県,近鉄大阪線
3862d46e-caa4-407a-9827-c2b47296ac8c,三本松,34.578571,136.035851,奈良県,近鉄大阪線
0a7ecabb-8654-4e6f-8e0f-eb49ceac69dd,赤目口,34.599467,136.073897,三重県,近鉄大阪線
9c6e08f8-3c27-4d1f-a0a4-3932e5c0a357,名張,34.621612,136.095753,三重県,近鉄大阪線
f11ad084-e78f-4bc4-a04f-7e47460eb39f,桔梗が丘,34.641297,136.112639,三重県,近鉄大阪線
e7a2ae59-0ecc-4184-8cee-a962f1b72edd,美旗,34.662989,136.133022,三重県,近鉄大阪線
d2281ced-759e-42c8-9dda-961e79ab9540,伊賀神戸,34.673639,136.152854,三重県,近鉄大阪線
61b86b47-099a-4f87-84d2-106bb5e69dbf,青山町,34.672848,136.177763,三重県,近鉄大阪線
682fb2de-01a2-4c87-8c77-4eadde005b6e,伊賀上津,34.682695,136.205088,三重県,近鉄大阪線
e82a15d6-0ed1-4157-8ad0-487ab45fd1d8,西青山,34.676518,136.237988,三重県,近鉄大阪線
e4fed055-7d87-4a6e-98d1-2e6a53585ad2,東青山,34.675599,136.321627,三重県,近鉄大阪線
a3980625-92ad-4148-91bf-dea6b0a111ec,榊原温泉口,34.67468,136.348576,三重県,近鉄大阪線
80e109b9-f2e9-45f4-a3b0-fa69bc077500,大三,34.664058,136.368896,三重県,近鉄大阪線
0f3a4e1c-1e61-42da-9874-0f6d9cbaa3dd,伊勢石橋,34.656783,136.408034,三重県,近鉄大阪線
7cfe631d-623f-42e3-8bc9-9d7aa82421fa,川合高岡,34.656425,136.436692,三重県,近鉄大阪線
64dbe2bd-07df-490e-8c72-69682f0216d1,伊勢中川,34.635028,136.477894,三重県,近鉄大阪線
8b1e8f0c-b729-4041-b34a-ff4374682153,伊賀上野,34.789026,136.123017,三重県,近鉄伊賀線
1422edba-7079-49cf-8a98-d53e099277dd,新居,34.786338,136.115903,三重県,近鉄伊賀線
db062d86-f0e4-4d5d-b52c-685ad7426025,西大手,34.766923,136.124675,三重県,近鉄伊賀線
e9fbbc68-d167-423c-9a88-9616c12bd63d,上野市,34.767654,136.129419,三重県,近鉄伊賀線
7f8a768c-44f8-42e8-9e01-cff4520360c8,広小路,34.767054,136.134427,三重県,近鉄伊賀線
e23d20c7-9127-4f6b-acf1-84046950f559,茅町,34.761524,136.135732,三重県,近鉄伊賀線
bcb1bf55-8a61-486a-8eef-a30bbd3f83df,桑町,34.754164,136.136621,三重県,近鉄伊賀線
85fe3279-9c16-4261-a6fc-1986662a92d3,猪田道,34.735424,136.140352,三重県,近鉄伊賀線
0f8a89c3-b6fb-4908-bea3-7889434a1d85,市部,34.726245,136.148661,三重県,近鉄伊賀線
e532bbf0-d1d3-4a4c-9b55-31f3f213165e,依那古,34.715199,136.15318,三重県,近鉄伊賀線
52c6536e-3ddb-4e70-b18f-5f8b534dd4bc,丸山,34.704381,136.157461,三重県,近鉄伊賀線
e12841b8-5817-4e90-b1aa-9614d0d09854,上林,34.694998,136.161219,三重県,近鉄伊賀線
60a20b3d-1446-48db-9ee4-47525bcbe91e,比土,34.675828,136.16047,三重県,近鉄伊賀線
4b5418fe-f9c2-456e-99ac-21f1b053c6ae,伊賀神戸,34.673639,136.152854,三重県,近鉄伊賀線
5ac12748-75ea-4035-aa2b-7b05d59b76f3,橿原神宮前,34.483987,135.79434,奈良県,近鉄吉野線
c418f67d-5eaf-4300-8054-bce85c3b8006,岡寺,34.473963,135.796088,奈良県,近鉄吉野線
7b1fabda-dc55-4730-877a-46c82959b410,飛鳥,34.464928,135.79816,奈良県,近鉄吉野線
3340dcfd-2f38-4769-a7aa-22f4e2278e1e,壺阪山,34.449508,135.794819,奈良県,近鉄吉野線
f1eb3842-d82e-4a64-ab4b-c47cdc85b156,市尾,34.441731,135.776488,奈良県,近鉄吉野線
5dfc58c3-2814-45e7-a39e-cb2c4e48056b,葛,34.431446,135.759914,奈良県,近鉄吉野線
7611c6c5-f8a7-464a-a82e-8fc111f83b14,吉野口,34.420582,135.750595,奈良県,近鉄吉野線
69eb734b-359d-4bba-b9a6-d49726be4b33,薬水,34.407806,135.74323,奈良県,近鉄吉野線
661c39d8-e444-4ae8-aac4-07ecbfb88486,福神,34.395466,135.750185,奈良県,近鉄吉野線
826044a5-3427-4343-808e-59647adf6b5a,大阿太,34.388359,135.766434,奈良県,近鉄吉野線
ba2e7917-35bf-4a71-b364-a203df98c902,下市口,34.383998,135.786888,奈良県,近鉄吉野線
539fb1d8-5332-47ec-8da1-78fc9722658e,越部,34.38614,135.80262,奈良県,近鉄吉野線
c9d4857a-358a-41f5-b541-eb84b743a270,六田,34.390051,135.822943,奈良県,近鉄吉野線
4a1115c8-fbce-486b-83d9-8c5e1a821949,大和上市,34.39572,135.845691,奈良県,近鉄吉野線
1291ac7e-5e4d-453d-87e6-401bfb584e04,吉野神宮,34.390191,135.848211,奈良県,近鉄吉野線
fa9278de-2496-4204-89d6-f57e3876061a,吉野,34.376848,135.853486,奈良県,近鉄吉野線
84348cb8-73b8-461f-a720-2ace87cdaf8b,近鉄四日市,34.966495,136.618352,三重県,近鉄湯の山線
c9a31230-2446-42a8-998b-9c81891eebe3,中川原,34.969242,136.602715,三重県,近鉄湯の山線
8bb29f70-9bcb-4bb1-82ce-650c10eadd02,伊勢松本,34.969772,136.590736,三重県,近鉄湯の山線
37bfc93a-0cc0-4d07-bc6a-b1bc050bd162,伊勢川島,34.977688,136.566934,三重県,近鉄湯の山線
0184a2bd-27f2-4247-8e64-7a8f61e3b598,高角,34.983287,136.554488,三重県,近鉄湯の山線
8c44d3d7-23d3-40a5-8984-9dfb829f3503,桜,34.996586,136.541611,三重県,近鉄湯の山線
feb82a8b-9734-42e1-99d8-0f2860903444,菰野,35.0087,136.517368,三重県,近鉄湯の山線
1f2134e0-ca2a-4792-9d9b-00acc3932581,中菰野,35.012297,136.50425,三重県,近鉄湯の山線
3a83c3ff-97f5-4763-aad9-e9bb057d9a14,大羽根園,35.012521,136.49417,三重県,近鉄湯の山線
40434f6c-f42b-4ff4-b833-ae3be5eadeb9,湯の山温泉,35.01159,136.473617,三重県,近鉄湯の山線
87f9dd1f-3b3f-48a4-8864-f0a0f06fd5a0,伊勢中川,34.635028,136.477894,三重県,近鉄山田線
51362749-88f3-456d-ada7-f9ede353759d,伊勢中原,34.6148,136.497531,三重県,近鉄山田線
3d9e6007-b29f-4c65-8056-10f472c7ca15,松ヶ崎,34.596469,136.518937,三重県,近鉄山田線
30de3dd1-3372-45a1-b18a-019757c17fce,松阪,34.577398,136.536241,三重県,近鉄山田線
39a52b45-7150-4769-9190-c15ce821cbdc,東松阪,34.565543,136.546122,三重県,近鉄山田線
3dffd9bf-8281-4932-8160-92e78a21c096,櫛田,34.548879,136.583069,三重県,近鉄山田線
ea62dd21-199c-4b8a-802c-210d109f6e48,漕代,34.541013,136.601001,三重県,近鉄山田線
117bb344-b197-4ff4-8dac-a46d4fdd9148,斎宮,34.537877,136.615389,三重県,近鉄山田線
2e1c164d-0233-4f85-ba9b-18de2407b9f3,明星,34.531112,136.642597,三重県,近鉄山田線
2798cc2c-14cc-4181-8047-2fad9bcc97f6,明野,34.521497,136.668815,三重県,近鉄山田線
2c49bbe6-24f5-4760-9de0-99e3f7e3dffe,小俣,34.512746,136.685163,三重県,近鉄山田線
17d6fc95-a27f-43b0-8f30-e70bdb657571,宮町,34.497829,136.698526,三重県,近鉄山田線
ade06788-47ce-41f1-8c74-30faf07d4374,伊勢市,34.492087,136.710155,三重県,近鉄山田線
ff50ad8e-af86-491c-9532-ce94a5935f5d,宇治山田,34.488256,136.714002,三重県,近鉄山田線
c39bdead-3ef5-4255-b269-4d7855ff1d83,宇治山田,34.488256,136.714002,三重県,近鉄鳥羽線
1f9b6b22-e4e3-4845-8cbe-ea0d7d97da29,五十鈴川,34.476433,136.727287,三重県,近鉄鳥羽線
273dc7f1-e3d1-471c-9a62-83504ddae95b,朝熊,34.477195,136.757357,三重県,近鉄鳥羽線
833981bb-9f83-4bf2-922e-c5c7b98873f9,池の浦,34.479104,136.818533,三重県,近鉄鳥羽線
891014aa-7975-4967-9f5a-0384e08b8477,鳥羽,34.486743,136.843117,三重県,近鉄鳥羽線
daf4800d-9929-4801-a204-38afcf0a3a9a,平端,34.606712,135.782804,奈良県,近鉄天理線
ce7b92c7-c03a-4aec-805d-9299c275c28f,二階堂,34.602121,135.79553,奈良県,近鉄天理線
52c10cad-818c-43e7-9794-3fec7e1c0d98,前栽,34.600996,135.816536,奈良県,近鉄天理線
8609d0af-1712-4443-91b0-668f9fbd20e0,天理,34.601223,135.829548,奈良県,近鉄天理線
e82957a0-c5b4-4055-a8bc-872c12997efe,道明寺,34.56834,135.620399,大阪府,近鉄道明寺線
730ef983-2a88-4fc5-b9e9-c85baa739ba6,柏原南口,34.58153,135.624956,大阪府,近鉄道明寺線
79abab14-20b6-4cd4-bcc7-26c91888adf5,柏原,34.586668,135.623308,大阪府,近鉄道明寺線
fbd18750-8854-406f-97f5-21f46875f4ac,あすなろう四日市,34.966495,136.618352,三重県,内部線
d454f17d-c593-491d-bf33-2beef7e27e52,赤堀,34.95919,136.6104,三重県,内部線
4b12e68f-c3e8-479e-880a-462fed61da29,日永,34.95594,136.604409,三重県,内部線
ec97398a-e59d-47e3-8f19-0f4e8f279f55,南日永,34.949949,136.601015,三重県,内部線
f0bf6424-ddf3-466a-864e-7427079c1db5,泊,34.940375,136.598491,三重県,内部線
9e067fad-b59b-44a9-ab5e-5a5890b38a44,追分,34.933931,136.596174,三重県,内部線
7c535f79-4746-4a6e-bbb8-9279c6c84fa5,小古曽,34.928701,136.592322,三重県,内部線
25613c1a-f659-46c9-81a8-421aa442cc22,内部,34.925515,136.58697,三重県,内部線
c42b4021-15c3-494f-99c8-7ffd906ae09c,あすなろう四日市,34.966495,136.618352,三重県,八王子線
ead3c15d-057c-41ef-b552-1ec5900bf640,赤堀,34.95919,136.6104,三重県,八王子線
a7ce16f9-ed9e-430d-9949-a6221db8a7bd,日永,34.95594,136.604409,三重県,八王子線
743cb44d-a53e-46a0-9e97-fc24078afd8c,西日野,34.952896,136.591163,三重県,八王子線
75abbd40-3f87-464b-be7d-222deb15579f,鳥羽,34.486743,136.843117,三重県,近鉄志摩線
e3895e52-ef19-4e82-8c02-0b73255413eb,中之郷,34.479577,136.845542,三重県,近鉄志摩線
c516c020-ccf7-482c-ab5f-f66e4a857050,志摩赤崎,34.470028,136.84197,三重県,近鉄志摩線
3b57b968-47af-496d-8650-1b148113092c,船津,34.456974,136.841562,三重県,近鉄志摩線
c25c0604-0be1-471a-8ca0-afca567efcf6,加茂,34.444164,136.846562,三重県,近鉄志摩線
01d65d81-652c-44b7-b43a-be13f239c79f,松尾,34.432726,136.840144,三重県,近鉄志摩線
f4cf97c9-39d4-4775-b5f7-1234b7ed40be,白木,34.429218,136.831192,三重県,近鉄志摩線
10bbc19f-b07e-4566-be17-8c9c2018831c,五知,34.407259,136.810655,三重県,近鉄志摩線
2bc66013-eb20-4330-86fe-de67bac007b3,沓掛,34.394149,136.814427,三重県,近鉄志摩線
15e721a4-99f4-4191-a0a8-fcced1dc1de0,上之郷,34.379334,136.811422,三重県,近鉄志摩線
ea0600c0-fd69-4570-9a9a-ef84a41f8303,志摩磯部,34.36959,136.805806,三重県,近鉄志摩線
1f1fe892-2e97-4ac5-936b-85a0f6e0435d,穴川,34.358742,136.815975,三重県,近鉄志摩線
6f18b525-8758-41f5-b6e5-fd3271d03428,志摩横山,34.334208,136.818053,三重県,近鉄志摩線
b7dd2f3e-770c-4afb-9f91-438456ef618f,鵜方,34.329332,136.825747,三重県,近鉄志摩線
37c97504-538c-4bdb-a26c-1ee1835df2a8,志摩神明,34.3162,136.829977,三重県,近鉄志摩線
ca7722d9-36cd-40a5-be83-7a40cc5c5b19,賢島,34.308529,136.819285,三重県,近鉄志摩線
6304bcc1-fba8-417b-805f-ce4c9e347642,生駒,34.693082,135.698006,奈良県,近鉄生駒線
7e0d594a-7b5c-4936-a7a8-c318208b6881,菜畑,34.685535,135.706769,奈良県,近鉄生駒線
19bc4972-498a-496a-b950-34009aaccc9b,一分,34.675408,135.707992,奈良県,近鉄生駒線
9bbc45a9-3e4e-4bf2-a3b4-1cf1b7eb6c56,南生駒,34.665484,135.708769,奈良県,近鉄生駒線
a1fd4a7f-def3-40fd-a3ba-b21c8a37baf9,萩の台,34.656974,135.708967,奈良県,近鉄生駒線
468be8d6-3da5-4fda-9501-3c8d3b5f5064,東山,34.648633,135.7085,奈良県,近鉄生駒線
b8b1dfde-b329-485f-877b-ee9d57f89c86,元山上口,34.640562,135.700887,奈良県,近鉄生駒線
9a1faa84-daa3-4517-837e-aafbd45ff3de,平群,34.629291,135.704345,奈良県,近鉄生駒線
eaf2d449-aaea-4450-aa30-d16de8b17997,竜田川,34.617272,135.704559,奈良県,近鉄生駒線
0630af9e-5433-4e6b-972a-faeb45ea6a84,勢野北口,34.606098,135.700979,奈良県,近鉄生駒線
8800a00c-f35d-42a2-b0a1-a38f4cd48361,信貴山下,34.600935,135.695172,奈良県,近鉄生駒線
31bfaa79-31e5-45f5-8292-8f96ec5a5e21,王寺,34.597695,135.702438,奈良県,近鉄生駒線
bee3e062-de73-4675-b910-cef8e5d2ae55,西田原本,34.553909,135.789512,奈良県,近鉄田原本線
688834ec-dcc2-498e-b337-2f575f073dfd,黒田,34.56841,135.777794,奈良県,近鉄田原本線
2eb2be80-1cda-49d4-8a03-495a615b60e2,但馬,34.569462,135.768269,奈良県,近鉄田原本線
6b64a234-defe-454f-9ddd-4a7f521d5c67,箸尾,34.570287,135.751245,奈良県,近鉄田原本線
0827563e-c60b-4193-a62e-4d23ab43bcd6,池部,34.578755,135.737166,奈良県,近鉄田原本線
f4129fd1-3ce0-48e4-b2d9-b7ef90a2067b,佐味田川,34.585213,135.731047,奈良県,近鉄田原本線
7e3bcd47-f37c-40e3-bc46-445c529b3a41,大輪田,34.589173,135.720328,奈良県,近鉄田原本線
04c1b374-3560-4401-97c5-d9f398e13aa9,新王寺,34.597722,135.704337,奈良県,近鉄田原本線
eea0a9c8-edf7-4f43-9a8f-e3fff0d5c117,尺土,34.508577,135.721404,奈良県,近鉄御所線
beaea0a3-6bdc-4f17-8dfd-10e19ed3c8f1,近鉄新庄,34.489105,135.727338,奈良県,近鉄御所線
6a108e1b-103b-42c8-a5fb-3ad02bb4c5f6,忍海,34.476062,135.731988,奈良県,近鉄御所線
ead5e825-5a71-4505-b93b-baba7efc112e,近鉄御所,34.46468,135.732496,奈良県,近鉄御所線
f5a093da-5983-46ac-9ac8-83f837be151c,伊勢若松,34.869431,136.616765,三重県,近鉄鈴鹿線
4ede8ed3-bc5e-48f9-b051-e2ffd231552a,柳,34.871381,136.595947,三重県,近鉄鈴鹿線
0f295722-2843-4732-8dcb-95f0671539c9,鈴鹿市,34.883899,136.582812,三重県,近鉄鈴鹿線
1eab0214-c69f-46ba-b962-40a90169a7c4,三日市,34.880232,136.562316,三重県,近鉄鈴鹿線
854e3e3b-50e7-42e7-8e5b-29a3f86df8e8,平田町,34.875124,136.542406,三重県,近鉄鈴鹿線
8ec2f324-534a-4dc3-8017-74104d8ec9c8,布施,34.664092,135.563516,大阪府,近鉄奈良線
79568fc3-e0a6-4547-a39c-ea7fcf88851b,河内永和,34.664276,135.573179,大阪府,近鉄奈良線
b8570cba-06e2-40db-94c4-113e88aa0041,河内小阪,34.66394,135.5815,大阪府,近鉄奈良線
0a247cce-aa87-4a90-b015-c10847ab110a,八戸ノ里,34.663721,135.589475,大阪府,近鉄奈良線
464facf2-a157-43b2-bf86-88508eddb8c8,若江岩田,34.66311,135.608315,大阪府,近鉄奈良線
30cacf01-cfb0-455d-a0cd-6df3511402d1,河内花園,34.662713,135.618347,大阪府,近鉄奈良線
259d682f-baf1-4a3e-99c2-cbe34daa91df,東花園,34.662388,135.626808,大阪府,近鉄奈良線
e87f072f-dfc1-4392-8750-f58707b25a94,瓢箪山,34.66196,135.639143,大阪府,近鉄奈良線
61b5f441-cef8-47d8-9789-c1ed0195b75e,枚岡,34.669579,135.648067,大阪府,近鉄奈良線
d3fa9778-9774-4f0b-ab1f-e9331f9f47aa,額田,34.675181,135.651086,大阪府,近鉄奈良線
0a35046c-78aa-4da1-8900-6d4990a9af83,石切,34.684739,135.654996,大阪府,近鉄奈良線
7729b52c-a4aa-47dd-8015-6d25b9f6dd5c,生駒,34.693082,135.698006,奈良県,近鉄奈良線
be6382ca-977d-42cc-8110-bbccc3301302,東生駒,34.691729,135.710488,奈良県,近鉄奈良線
e4e2d8a4-46f2-44f8-a3b7-5812713a9a9f,富雄,34.694229,135.734825,奈良県,近鉄奈良線
43f4e8f9-cc83-4844-b6a2-80a613d4a827,学園前,34.697018,135.749713,奈良県,近鉄奈良線
0b10dba7-06e3-40d3-a7d4-d137e8ed7f81,菖蒲池,34.69796,135.761331,奈良県,近鉄奈良線
bacf4b86-b23d-41e8-981e-132a9682a307,大和西大寺,34.69358,135.783169,奈良県,近鉄奈良線
5b54bcd3-a959-434c-ba00-9b9aa1bbe9ba,新大宮,34.685434,135.810744,奈良県,近鉄奈良線
827599ef-641c-40b2-81da-a3764b57e351,近鉄奈良,34.684323,135.827472,奈良県,近鉄奈良線
276e7021-083e-4450-8cfe-bd41662a13d8,河内山本,34.627892,135.619317,大阪府,近鉄信貴線
329c0a0f-2965-49ec-b7af-9962ba821dff,服部川,34.626481,135.641102,大阪府,近鉄信貴線
f80de4cc-0e37-4bf2-836b-5609ae1d6d06,信貴山口,34.619967,135.642118,大阪府,近鉄信貴線
47298cf2-d37e-443a-bc9f-36350f35bf89,古市,34.55416,135.609092,大阪府,近鉄長野線
c3334514-85d0-4fd5-b397-9033c25cd1b2,喜志,34.522647,135.607137,大阪府,近鉄長野線
24656880-7741-4886-9598-bd490a1caa78,富田林,34.504166,135.600413,大阪府,近鉄長野線
cd42a602-2103-41c0-911e-37ed4eb02274,富田林西口,34.500302,135.596347,大阪府,近鉄長野線
7e5109af-fb7d-4e9c-9cd8-c884b6fbc45d,川西,34.491992,135.590701,大阪府,近鉄長野線
feb48cec-d0ba-40e2-abcd-389cdffce89a,滝谷不動,34.481355,135.586665,大阪府,近鉄長野線
ad62b93c-8e39-40c1-998e-518829a3bafa,汐ノ宮,34.466962,135.579188,大阪府,近鉄長野線
18b15af9-a475-4d65-81e5-3d4df2137d70,河内長野,34.450684,135.573172,大阪府,近鉄長野線
96e155d6-2f96-473b-be7b-58df252a1b63,長田,34.678747,135.591919,大阪府,近鉄けいはんな線
bd8a8463-8d87-4c46-82b4-2576f95cc00a,荒本,34.678627,135.604912,大阪府,近鉄けいはんな線
1ab00cfe-4d94-4a33-9211-082a9bb1fe6a,吉田,34.680294,135.624135,大阪府,近鉄けいはんな線
e3bb8386-12b0-46a6-a2c8-85167ddf8aa0,新石切,34.680133,135.640859,大阪府,近鉄けいはんな線
2dc8a03d-d1d6-4fa2-892b-7dfc4391b3cb,生駒,34.693082,135.698006,奈良県,近鉄けいはんな線
3dc004f2-151d-49a0-88f3-28c7f68118d9,白庭台,34.720345,135.716686,奈良県,近鉄けいはんな線
3b0f1205-461a-4676-bd9a-a7300e45228c,学研北生駒,34.724789,135.723038,奈良県,近鉄けいはんな線
64d64622-64aa-431d-ab31-b29e965c0cad,学研奈良登美ヶ丘,34.726518,135.752424,奈良県,近鉄けいはんな線
4ecd97cb-9765-4b03-8497-a7a3bedca88f,信貴山口,34.619967,135.642118,大阪府,西信貴ケーブル
df0f3776-f41d-44c1-92d0-ba9bdec5ebca,高安山,34.613679,135.653794,大阪府,西信貴ケーブル
01e5126d-5ae4-44a9-bba7-548aa35f7947,京都,34.984726,135.756442,京都府,近鉄京都線
02208d7a-4860-4484-9e6a-357524e41a72,東寺,34.979967,135.752553,京都府,近鉄京都線
de6a7b2a-c387-4393-a6c5-57126ec7fd17,十条,34.97398,135.752413,京都府,近鉄京都線
5ff904cb-d116-42e0-bec6-e7840e3bbb4c,上鳥羽口,34.965135,135.752625,京都府,近鉄京都線
f6e8e83f-bfe1-4479-8fd8-1258b7580c1c,竹田,34.956825,135.756091,京都府,近鉄京都線
29b2f0be-ff02-41ad-bdb8-a26ade1667f4,伏見,34.946054,135.761479,京都府,近鉄京都線
4ead3bf6-d7b6-4d03-9120-aa9f15fe4b4c,近鉄丹波橋,34.938299,135.766262,京都府,近鉄京都線
bc0e4725-0a3a-48b0-9e16-b66076c8100f,桃山御陵前,34.933349,135.765537,京都府,近鉄京都線
6d9e965b-3a42-4833-9287-996c098abfd7,向島,34.914924,135.769681,京都府,近鉄京都線
000f1c1f-03e1-41dd-872f-5987c8d9376d,小倉,34.89304,135.781914,京都府,近鉄京都線
0273bc34-21a2-4a65-beb2-0d2de511b32e,伊勢田,34.882208,135.77899,京都府,近鉄京都線
c3f83926-80e5-4cff-8a5d-b91896fbc7cc,大久保,34.874351,135.777024,京都府,近鉄京都線
ef84edc1-48de-4244-a44e-5726c359feb3,久津川,34.864943,135.774847,京都府,近鉄京都線
57d38993-f43e-4b55-b191-c2b6e21ccc18,寺田,34.853275,135.772011,京都府,近鉄京都線
9f3459d9-bee2-4ee2-b559-8da9cae597e3,富野荘,34.840201,135.772922,京都府,近鉄京都線
bf832bfd-17cd-41f5-a6b9-c990d5ef1e9f,新田辺,34.820492,135.772805,京都府,近鉄京都線
663b21de-8e16-4d50-ad00-1e50fb7a0635,興戸,34.808293,135.778638,京都府,近鉄京都線
7d4e53b3-3ec6-41e4-896a-60231833fa58,三山木,34.798435,135.785905,京都府,近鉄京都線
95870510-4d32-4378-973b-e18cb30592f2,近鉄宮津,34.791453,135.787391,京都府,近鉄京都線
ad012b67-caae-46fc-92cb-99e0f12a0811,狛田,34.78047,135.789568,京都府,近鉄京都線
ab775ec7-c393-411f-902b-a48b42e5d271,新祝園,34.759953,135.792657,京都府,近鉄京都線
7db08612-bc78-49d9-b427-ccfe314c7c98,木津川台,34.746641,135.795996,京都府,近鉄京都線
bd880ed1-f767-4606-8e8d-fa1ce07219fc,山田川,34.737678,135.793794,京都府,近鉄京都線
d28d9b46-3d69-443b-b43b-a1a61f14e1a4,高の原,34.723494,135.791839,奈良県,近鉄京都線
7ee467f5-d345-44eb-bc1e-6c0fe20efcf7,平城,34.701496,135.784524,奈良県,近鉄京都線
3126835c-0061-4997-945c-c1687572e384,大和西大寺,34.69358,135.783169,奈良県,近鉄京都線
b9c696fe-bd98-48eb-860f-d752bba91da4,新大宮,34.685434,135.810744,奈良県,近鉄京都線
b3572943-84dd-4e28-af23-6bb17315f493,近鉄奈良,34.684323,135.827472,奈良県,近鉄京都線
e07755b4-1a71-4b00-bdec-3b795750622f,鳥居前,34.692439,135.696151,奈良県,生駒ケーブル
ad3b5538-c7c4-4b9b-9c03-1eebd57c4399,宝山寺,34.686069,135.68907,奈良県,生駒ケーブル
5099e234-4bcd-465e-a11f-4ea3a50e05cc,梅屋敷,34.683299,135.686967,奈良県,生駒ケーブル
79b05fd9-6e3b-402e-a0d5-7a6b1b580474,霞ヶ丘,34.681341,135.683577,奈良県,生駒ケーブル
7be5cca9-bc40-4205-bd00-ef77d0f9e53b,生駒山上,34.679594,135.68053,奈良県,生駒ケーブル
adc3eaca-3c50-4d87-950a-24ee124bf0a6,近鉄名古屋,35.169191,136.883855,愛知県,近鉄名古屋線
08a34c7a-22ac-4cd8-b200-7fbb6b9d4d9f,米野,35.161354,136.879793,愛知県,近鉄名古屋線
48f04450-c238-4093-9662-cbcd60ce7a36,黄金,35.156185,136.870621,愛知県,近鉄名古屋線
15269845-5d4b-435c-9f57-2fe3d86592f8,烏森,35.152935,136.863895,愛知県,近鉄名古屋線
42db1139-b2fc-4c4f-b803-1a9a587a5ad2,近鉄八田,35.149587,136.854458,愛知県,近鉄名古屋線
3b534c0e-77d8-4232-aade-70ed834d1181,伏屋,35.140183,136.827841,愛知県,近鉄名古屋線
d8cca454-9f2a-434d-9827-ff9923834b0d,戸田,35.132731,136.807624,愛知県,近鉄名古屋線
bf28c05a-191e-413c-b256-89f46b2d4769,近鉄蟹江,35.129739,136.794139,愛知県,近鉄名古屋線
221855fb-052a-4f0c-b62f-c201f02626c2,富吉,35.123634,136.769298,愛知県,近鉄名古屋線
79447411-d456-468f-88de-1a34c5cc6153,佐古木,35.119574,136.752583,愛知県,近鉄名古屋線
58f2c995-fdc0-49b0-8485-ee2a9dad9e45,近鉄弥富,35.113634,136.727638,愛知県,近鉄名古屋線
79fe79c2-ae62-4776-a5c1-f8af2fabe504,近鉄長島,35.097721,136.696162,三重県,近鉄名古屋線
5a53b9b4-d5cf-4aac-bd7a-251d214cac1a,桑名,35.06744,136.683435,三重県,近鉄名古屋線
87b278a8-0988-482f-9f2c-f50d8d5612f1,益生,35.057772,136.67854,三重県,近鉄名古屋線
35f78708-7d6a-4d93-93f5-3baef315721b,伊勢朝日,35.038246,136.668821,三重県,近鉄名古屋線
5893d8ab-1bd1-4d4e-97b7-22c7ab5451b9,川越富洲原,35.016267,136.659736,三重県,近鉄名古屋線
236d5f42-893c-4455-9f2c-ec816134869b,近鉄富田,35.006491,136.64934,三重県,近鉄名古屋線
b7dfc36c-1db6-447b-9727-cae98016ad70,霞ヶ浦,34.993392,136.636872,三重県,近鉄名古屋線
4cdd01e7-d31c-4f3e-8b42-e8e8fc02498b,阿倉川,34.985207,136.629417,三重県,近鉄名古屋線
c4507c23-1fbf-4f5c-a832-dc19f36f229f,川原町,34.977283,136.623201,三重県,近鉄名古屋線
881d52d4-9af1-4293-9666-b785973005f7,近鉄四日市,34.966495,136.618352,三重県,近鉄名古屋線
dabd64b7-0c1f-4aaa-afbf-a59adddc8c87,新正,34.955816,136.61873,三重県,近鉄名古屋線
b812ea7f-5107-4032-8d01-5a0eb9c0ac39,海山道,34.943304,136.622956,三重県,近鉄名古屋線
0c894bc9-6ff0-4795-9889-82b90e7134f2,塩浜,34.933008,136.622242,三重県,近鉄名古屋線
9d41b3fa-5586-4b77-abd5-fd3560405142,北楠,34.916197,136.624797,三重県,近鉄名古屋線
6f9149f2-2396-45c6-9c07-8282d6f47376,楠,34.90489,136.631208,三重県,近鉄名古屋線
d2611da3-c313-440e-b8d4-1e135fd9cb3a,長太ノ浦,34.89158,136.6264,三重県,近鉄名古屋線
7c5c4b05-3545-4e08-9f0e-9d34c7c9d040,箕田,34.879439,136.622025,三重県,近鉄名古屋線
d031fd8b-7351-49bb-a021-e7bfbac65e84,伊勢若松,34.869431,136.616765,三重県,近鉄名古屋線
de759d00-1aa8-4e93-8eb9-db01767caee4,千代崎,34.854793,136.608332,三重県,近鉄名古屋線
d4243141-970b-4e7d-aca8-30c47b45872a,白子,34.833754,136.589584,三重県,近鉄名古屋線
c8fed687-feb1-410b-9bec-ac53174695d3,鼓ヶ浦,34.826219,136.581299,三重県,近鉄名古屋線
89edfc43-4b11-4905-b9cd-062d1298f773,磯山,34.812609,136.568881,三重県,近鉄名古屋線
16550b74-3242-44f3-96a8-525fb34fceb2,千里,34.798491,136.556216,三重県,近鉄名古屋線
16c0b8ab-5012-4ac9-8d99-a950d21f9bdd,豊津上野,34.785156,136.543173,三重県,近鉄名古屋線
be10e084-d463-40cc-988c-b48b56efaefc,白塚,34.77066,136.53254,三重県,近鉄名古屋線
f56e0321-d4e1-4035-87cf-b62dccd2f5d5,高田本山,34.755082,136.516431,三重県,近鉄名古屋線
031570b8-cf5c-4f38-accc-ef98f7c74a53,江戸橋,34.744425,136.514034,三重県,近鉄名古屋線
e805d45d-e21e-4bf5-aa89-e9acbe635026,津,34.734418,136.510581,三重県,近鉄名古屋線
82b6a71c-9603-49f5-885f-d6c39970bf88,津新町,34.715632,136.50006,三重県,近鉄名古屋線
d626d9e1-ade3-46cb-bb45-87eee64dd802,南が丘,34.692183,136.49662,三重県,近鉄名古屋線
0a254bdb-983e-49fc-a2c2-bd3262759aad,久居,34.675543,136.477806,三重県,近鉄名古屋線
927569e1-3121-4c1e-95a7-9fdfd39b770e,桃園,34.663372,136.47749,三重県,近鉄名古屋線
6824ee16-56f3-4409-9a01-2b4ea63aeaa5,伊勢中川,34.635028,136.477894,三重県,近鉄名古屋線
c380bda2-1106-4025-b356-5b3654aa04e9,難波,34.66357,135.501949,大阪府,南海本線
ead86e70-92ae-4c81-8425-0de1e057560a,新今宮,34.650429,135.500302,大阪府,南海本線
cd92e551-1460-437c-8dce-99acddce7d58,天下茶屋,34.636847,135.496673,大阪府,南海本線
51885324-7e5c-4731-bbf4-5722cd6a96b3,岸里玉出,34.628291,135.494388,大阪府,南海本線
18243a71-6b46-4c97-bea1-faba9dc6173e,粉浜,34.61833,135.491763,大阪府,南海本線
06cf1f70-e863-496a-a1ac-6944887d83ec,住吉大社,34.612431,135.490124,大阪府,南海本線
aabea93a-f369-4d68-9241-3e47d730825d,住ノ江,34.605348,135.487011,大阪府,南海本線
713d18f5-cf1f-44e2-8bf0-35b8d9580066,七道,34.592313,135.480556,大阪府,南海本線
923d24c4-0ca5-4bca-9f47-8703ecebcf33,堺,34.581958,135.468754,大阪府,南海本線
25f7a977-3c49-4c81-8600-2673525442bb,湊,34.570489,135.459975,大阪府,南海本線
59453be5-9c38-4ad9-9d3b-174d28599194,石津川,34.559377,135.453178,大阪府,南海本線
d2a9e9c1-a026-4972-8d81-d6ccd5b42442,諏訪ノ森,34.551764,135.449129,大阪府,南海本線
7cb346c7-88e3-4102-8275-2fc31f1bddcd,浜寺公園,34.541243,135.444629,大阪府,南海本線
4b456c73-e435-419f-8ccd-38dc5c57a1d9,羽衣,34.534546,135.44178,大阪府,南海本線
95fda1f4-a3fe-4c08-a4e2-f9617e8fd518,高石,34.521439,135.432723,大阪府,南海本線
7c7ab249-a02b-4894-ad6b-f3107957df2f,北助松,34.514523,135.422779,大阪府,南海本線
ff0b8ae9-d2aa-448d-9470-c934b0dadf69,松ノ浜,34.508932,135.414702,大阪府,南海本線
1648d43c-bd99-4f1c-91ab-7b894ef64b7c,泉大津,34.503235,135.406642,大阪府,南海本線
6d52890d-b12e-4fd7-ae99-43790c513529,忠岡,34.488645,135.397668,大阪府,南海本線
9a469abb-ff2b-4ac4-a905-88d7eb5440a6,春木,34.477688,135.392077,大阪府,南海本線
a6f28765-0d1a-442f-8294-6f2c7f8170ce,和泉大宮,34.467917,135.384908,大阪府,南海本線
83fa4292-c981-4099-8fa8-cb1659d60d39,岸和田,34.460304,135.37819,大阪府,南海本線
abbaeffc-b30b-4468-b114-b1c5a111b819,蛸地蔵,34.456437,135.37031,大阪府,南海本線
baa0379d-cc36-4962-8e55-5ccf97e57e57,貝塚,34.445499,135.357485,大阪府,南海本線
9b008bf6-446b-4240-8c6a-ab35edba45da,二色浜,34.432717,135.345275,大阪府,南海本線
ffc18335-0293-4aeb-86c7-92e39e6c532b,鶴原,34.426479,135.338366,大阪府,南海本線
26fa10a4-2947-4395-818f-244dc4c2e11d,井原里,34.41983,135.330742,大阪府,南海本線
7645d32f-6901-42aa-90e9-bfa3d8a3acd5,泉佐野,34.411153,135.316724,大阪府,南海本線
7f0861f8-51d2-4297-bbd9-9b77169f09d7,羽倉崎,34.399346,135.299484,大阪府,南海本線
249f75be-c5f9-4763-8e13-9f5a1580e348,吉見ノ里,34.391397,135.28976,大阪府,南海本線
fb6e6184-2662-4173-a24f-0e453ec0973b,岡田浦,34.384569,135.276939,大阪府,南海本線
58a5c371-b1d5-4f23-a39f-3217a44ca3a6,樽井,34.374184,135.261362,大阪府,南海本線
ee5a6e62-95e6-4253-a2b6-54ff93e9981f,尾崎,34.36103,135.240172,大阪府,南海本線
32b300db-497a-4831-bd00-fcd223ae0b1f,鳥取ノ荘,34.351323,135.231857,大阪府,南海本線
2f26d7a0-bfa8-44b1-8795-12835af4debd,箱作,34.341323,135.212634,大阪府,南海本線
ee1feaf1-a21a-4752-bc8f-c505acfc11cc,淡輪,34.331229,135.178159,大阪府,南海本線
de06b878-404c-4e53-a3c3-328555f2f5a4,みさき公園,34.323986,135.160977,大阪府,南海本線
c2c2626f-a429-4509-bb10-e9c1d3ddcdee,孝子,34.290619,135.151019,大阪府,南海本線
6b486f2d-ee10-400b-955d-90ac233ab410,和歌山大学前,34.2753,135.147036,和歌山県,南海本線
02cc987a-e47c-4bd6-9f9f-0888067cb9a2,紀ノ川,34.254937,135.165908,和歌山県,南海本線
4bfdc4c8-0df6-4372-8ac1-e0e4f051f814,和歌山市,34.236925,135.166538,和歌山県,南海本線
b20f9113-4623-4114-add7-5f9a40f0e8f3,泉佐野,34.411153,135.316724,大阪府,南海空港線
669f51c3-f238-4e86-84ff-1960652665a4,りんくうタウン,34.410308,135.300117,大阪府,南海空港線
01209a39-8a6b-4de6-9c62-f6afa4214054,関西空港,34.435848,135.243601,大阪府,南海空港線
00900bd0-00eb-4fd8-8727-d0b2a5339367,和歌山市,34.236925,135.166538,和歌山県,南海和歌山港線
d888c955-7e04-4289-ab2d-c26eba6f690f,和歌山港,34.217321,135.146488,和歌山県,南海和歌山港線
8638516c-a4f8-4f25-bbd0-1ef2dda87236,羽衣,34.534546,135.44178,大阪府,南海高師浜線
fc21d9ed-2354-461e-b07f-3f315a3b0554,伽羅橋,34.528869,135.436847,大阪府,南海高師浜線
94dfbc1e-0213-4ffb-b18f-95ea657921ac,高師浜,34.527391,135.431911,大阪府,南海高師浜線
2f2ffc37-a4b5-49b5-afe8-beec615b909e,和歌山市,34.236925,135.166538,和歌山県,南海加太線
d447fb3a-1783-48c4-86d3-afc58f4f9aa7,紀ノ川,34.254937,135.165908,和歌山県,南海加太線
20e6c2cb-1930-4f38-9d02-8e85c4b6c0df,東松江,34.247837,135.141082,和歌山県,南海加太線
aada7ff6-43aa-42b1-9a2c-b4f420641ea4,中松江,34.248781,135.13291,和歌山県,南海加太線
a0450a0a-b13d-487f-aaa0-61aab2726bb3,八幡前,34.252592,135.121744,和歌山県,南海加太線
b7fa6ce5-3e88-46b0-ac4a-492f2d0ebd88,西ノ庄,34.255461,135.110786,和歌山県,南海加太線
8f4c88ab-e661-4358-9f31-138752d010fe,二里ヶ浜,34.257627,135.104025,和歌山県,南海加太線
5c8f96ac-c293-4982-ab94-077bf69b21f3,磯ノ浦,34.260549,135.094495,和歌山県,南海加太線
b8eadaa4-deb6-43c8-b4bc-71291d43d5b5,加太,34.275283,135.080773,和歌山県,南海加太線
bc7be93c-54e7-4432-9e0d-25d590720848,みさき公園,34.323986,135.160977,大阪府,南海多奈川線
087ef018-b2c3-46fb-a449-7a70d6596cc1,深日町,34.31823,135.148002,大阪府,南海多奈川線
5d5235b5-5c39-44f2-b304-2ccbfc8ea90f,深日港,34.317386,135.141297,大阪府,南海多奈川線
504bce70-724f-4b7d-9f55-1b14f2c2dbb7,多奈川,34.316705,135.137181,大阪府,南海多奈川線
10990364-5195-4894-863e-f6bb00b1d4c1,難波,34.66357,135.501949,大阪府,南海高野線
9d7a277c-632a-477d-9f09-ff6f725f38d0,今宮戎,34.655137,135.50153,大阪府,南海高野線
83bb0c17-79b8-4e03-aee1-8723dc0e5353,新今宮,34.650429,135.500302,大阪府,南海高野線
561e54c2-0f08-4a2b-8601-eb5e18893b23,萩ノ茶屋,34.64561,135.498986,大阪府,南海高野線
881821f4-5e77-4500-8feb-53640c1a3511,天下茶屋,34.636847,135.496673,大阪府,南海高野線
75e61a2f-b203-41a2-98c6-9d26f33d41ae,岸里玉出,34.628291,135.494388,大阪府,南海高野線
4c2ee33e-b703-4dd3-8e20-3c44c1d27bf5,帝塚山,34.622332,135.498406,大阪府,南海高野線
b396daf5-abeb-4a81-8db9-127bc130b511,住吉東,34.6133,135.497587,大阪府,南海高野線
0532fca4-912f-44e4-a328-7d1d2c1d2c01,沢ノ町,34.606284,135.496957,大阪府,南海高野線
57fe5b73-e2fe-4174-b83e-8e09f5adffd3,我孫子前,34.600188,135.496888,大阪府,南海高野線
642b35d6-4fc3-46ae-b301-bb2e748f06d5,浅香山,34.589319,135.491025,大阪府,南海高野線
cd41277b-f9a2-4b95-bafc-3b80da79f896,堺東,34.575878,135.485062,大阪府,南海高野線
678acef0-040a-4483-b93a-20f1dcb1d9b8,三国ヶ丘,34.565259,135.492668,大阪府,南海高野線
43870e7e-4452-4546-bb1f-587eb0c8a538,百舌鳥八幡,34.560577,135.498751,大阪府,南海高野線
86809232-67d9-4a10-a10d-fd1ee33c6c0f,中百舌鳥,34.556232,135.504454,大阪府,南海高野線
9e9aa7bc-c40f-4886-8d0b-aa9577ce545a,白鷺,34.550235,135.513148,大阪府,南海高野線
2f86a615-154a-40e8-abff-2fa21b5f9f93,初芝,34.542322,135.526491,大阪府,南海高野線
81b1f32e-3610-4d68-b147-db0ceaf40896,萩原天神,34.537125,135.535094,大阪府,南海高野線
25cd5905-495d-4ed0-9c11-1762c63caca4,北野田,34.522949,135.543177,大阪府,南海高野線
d797d0ed-6b6a-46f2-8e2f-46ea1bea890f,狭山,34.516725,135.548137,大阪府,南海高野線
e3315e67-08ae-4a11-967c-70879d5858f8,大阪狭山市,34.504643,135.557234,大阪府,南海高野線
e46ddfe7-9870-4b6b-b446-2e65770ce8be,金剛,34.495324,135.559306,大阪府,南海高野線
190e3e48-0c49-4f85-9267-79c16e802330,滝谷,34.479582,135.5622,大阪府,南海高野線
7f0e49a5-b80b-464a-bae9-7c88322313b3,千代田,34.468894,135.566311,大阪府,南海高野線
a1b61cc1-c49b-4596-ba6e-271adeed5793,河内長野,34.450994,135.573075,大阪府,南海高野線
b32b9180-9ad2-4436-969d-203bf00c261c,三日市町,34.43672,135.57134,大阪府,南海高野線
c267caf2-2039-4c9b-a622-c35b0f5bb291,美加の台,34.424697,135.577172,大阪府,南海高野線
0d816831-2308-4d19-9b27-f473f4624b42,千早口,34.411493,135.590199,大阪府,南海高野線
2f07e97a-b7f3-439b-8717-8bc9d0df3681,天見,34.397558,135.595504,大阪府,南海高野線
7d66ebe7-f84d-4951-85ba-a54d045505da,紀見峠,34.366288,135.599904,和歌山県,南海高野線
c705eced-8652-4f97-a289-327ead411b79,林間田園都市,34.355292,135.603207,和歌山県,南海高野線
8ce323cc-99f2-41a5-8b42-9ac602a8525e,御幸辻,34.338016,135.602085,和歌山県,南海高野線
6c0459c2-9332-498a-8fe6-2be1c58da2cb,橋本,34.318496,135.614703,和歌山県,南海高野線
5e095325-bf49-4271-9c3b-1332e4b7e3cb,紀伊清水,34.307495,135.60478,和歌山県,南海高野線
74642029-ca13-4dc6-b197-0eefa2d86c33,学文路,34.296582,135.579882,和歌山県,南海高野線
3b14129c-65f8-42b3-8ab7-ab5113b01791,九度山,34.287775,135.564487,和歌山県,南海高野線
210fbee7-26d0-4c29-a60d-c4f591759a76,高野下,34.271635,135.566359,和歌山県,南海高野線
6dad882d-43b5-4010-807e-b7393b471850,下古沢,34.266497,135.553207,和歌山県,南海高野線
509c9210-82fc-47f0-9165-a4d4e317072c,上古沢,34.257362,135.548025,和歌山県,南海高野線
8632b4f8-6a41-4dfc-8a43-7cbd5fdf69b5,紀伊細川,34.235723,135.553705,和歌山県,南海高野線
910e1477-688c-4aec-8b53-6f3976435dba,紀伊神谷,34.242852,135.571034,和歌山県,南海高野線
b49b1c3d-9689-4614-994a-c45a778836d5,極楽橋,34.23435,135.582078,和歌山県,南海高野線
c9e82c97-0f5b-4d54-9ce1-2656b9e260c1,極楽橋,34.23435,135.582078,和歌山県,南海高野山ケーブル
64cd1551-fee1-43f1-8fab-b3c20bce1886,高野山,34.227789,135.577619,和歌山県,南海高野山ケーブル
4e0df686-3e98-4fe9-9363-3e1460c41c2f,汐見橋,34.667638,135.486165,大阪府,南海汐見橋線
6fa05dc0-ac87-4b11-9ea0-74d69c4cdb5c,芦原町,34.660516,135.486462,大阪府,南海汐見橋線
2559c645-8c35-4678-b196-06ea35b2a192,木津川,34.654703,135.483093,大阪府,南海汐見橋線
cf08cd83-fd95-4896-aae0-1c37b5f1d88c,津守,34.647004,135.483349,大阪府,南海汐見橋線
c89e5554-e8ac-4331-973d-d25f580ff681,西天下茶屋,34.638736,135.489079,大阪府,南海汐見橋線
f509d6e9-a375-4aeb-9be6-ca516dee2072,岸里玉出,34.628291,135.494388,大阪府,南海汐見橋線
543c49cd-20d7-4c77-94c7-efe184842608,出町柳,35.029613,135.77244,京都府,京阪本線
dca3c888-b74d-414f-8580-74b35e776908,神宮丸太町,35.017669,135.772161,京都府,京阪本線
820f0d61-1380-4789-8124-6573f7f34b69,三条,35.009114,135.772274,京都府,京阪本線
423aac12-44ca-4fa9-9e77-a65113cb3c2e,祇園四条,35.003689,135.771961,京都府,京阪本線
1f4aad6d-4751-4359-8b9c-4940f6823d7f,清水五条,34.995691,135.768378,京都府,京阪本線
3198be7d-d6cd-44d2-9464-367fb9904a8d,七条,34.989322,135.767846,京都府,京阪本線
72ce5fcf-2af1-463c-b092-103cc4b380f7,東福寺,34.981351,135.769998,京都府,京阪本線
31e4a271-405c-4c72-a717-439724d5f637,鳥羽街道,34.973632,135.770004,京都府,京阪本線
ae6c1005-7f9e-4b4d-b568-dd43231304f4,伏見稲荷,34.968966,135.769279,京都府,京阪本線
448bfdf1-2abf-4052-97d7-83fad15dbe51,深草,34.964247,135.770154,京都府,京阪本線
3eb32d90-aa5d-453b-9025-4602ee172e9b,藤森,34.956782,135.770191,京都府,京阪本線
2add2123-d811-44f1-89f7-6c5785724e67,墨染,34.948206,135.769126,京都府,京阪本線
d8b5da0e-d5da-4d30-88fb-b941968f193d,丹波橋,34.938879,135.765457,京都府,京阪本線
58d48704-0e21-41e9-8ca7-217f17a87729,伏見桃山,34.932599,135.764368,京都府,京阪本線
d6191fc3-29cd-4f35-8e6e-896d3b50024c,中書島,34.926875,135.760174,京都府,京阪本線
5864c689-d3cd-4edf-9cde-6a13cc0e0c35,淀,34.904416,135.718435,京都府,京阪本線
13d7aa2e-0c33-4949-902a-231dcabba0f6,八幡市,34.884651,135.69996,京都府,京阪本線
378180c8-e677-4a2c-af79-392ad441daed,橋本,34.882042,135.684251,京都府,京阪本線
672323f7-0a5f-44a9-b1a5-7a163efba191,樟葉,34.861977,135.675352,大阪府,京阪本線
daf14dbc-54a6-4f9e-86ac-6d63918dc574,牧野,34.843868,135.665584,大阪府,京阪本線
8a96a02c-27e3-4507-88fb-29246e1ac5bf,御殿山,34.829178,135.653969,大阪府,京阪本線
698565bb-49aa-44eb-9e29-7befc6e9a7e5,枚方市,34.816171,135.648814,大阪府,京阪本線
12523426-8f5f-4432-85c9-882ddf6fb487,枚方公園,34.811526,135.639465,大阪府,京阪本線
ec36fbf6-1a84-4a60-90ea-be178844e781,光善寺,34.797745,135.630124,大阪府,京阪本線
33500beb-2c61-46d5-9ac3-fed0632a3ad6,香里園,34.784613,135.630927,大阪府,京阪本線
339d0ec9-6224-4a2f-9945-428e97758c50,寝屋川市,34.763893,135.620603,大阪府,京阪本線
bdcb1b70-265b-4080-921e-57055cfcbe31,萱島,34.747453,135.61118,大阪府,京阪本線
8abf925b-5d18-4508-931a-e2ab9444651f,大和田,34.742962,135.602667,大阪府,京阪本線
1bd0ad3a-4e71-4289-af90-5f03f96f7a6d,古川橋,34.73994,135.591484,大阪府,京阪本線
2d7d9c91-0cef-4750-aa37-2cb211f85f1a,門真市,34.73809,135.583224,大阪府,京阪本線
1ea04301-de00-446b-ab10-ac5ac340a59b,西三荘,34.737309,135.5759,大阪府,京阪本線
e7bc08c6-e0d0-47d2-9b8f-9ccbde2e8cf0,守口市,34.735323,135.565273,大阪府,京阪本線
b7e144a5-44e0-4dd9-9ab5-e95be3e9bb1a,土居,34.730577,135.559763,大阪府,京阪本線
4aa4d34b-db36-457d-8e17-3d6cf7b3d130,滝井,34.727868,135.557463,大阪府,京阪本線
8cb866f3-d8f7-4c43-b24c-a8016b88d29b,千林,34.723966,135.554741,大阪府,京阪本線
9fadb7f1-6f68-4a4f-936e-a4abb972cb89,森小路,34.719419,135.551686,大阪府,京阪本線
f0d3b383-fbbf-497e-99e5-ff36b6d2f3e2,関目,34.71252,135.546953,大阪府,京阪本線
d2f1ed9e-f80b-47c2-8115-66acc216c509,野江,34.707223,135.543356,大阪府,京阪本線
209350c9-705f-4c3b-8065-df43a45c17bf,京橋,34.697052,135.532182,大阪府,京阪本線
9afbdc56-3793-469e-b361-e8487dbccad8,天満橋,34.6902,135.516633,大阪府,京阪本線
26cf65e3-84d3-4909-b586-43ea4a15b577,北浜,34.691799,135.50683,大阪府,京阪本線
65d95803-a35c-4330-b109-823644d9ce61,淀屋橋,34.692456,135.501648,大阪府,京阪本線
549e6882-3f1c-46f6-9247-b36d9a61dc3c,中書島,34.926875,135.760174,京都府,京阪宇治線
465aedbc-3a72-419f-81c5-3e651b613aaf,観月橋,34.928103,135.768642,京都府,京阪宇治線
63553df8-ba80-45af-a35c-940d69919966,桃山南口,34.931056,135.783683,京都府,京阪宇治線
7aa4a61a-f846-4753-af6f-cf7485ec06f8,六地蔵,34.932017,135.793322,京都府,京阪宇治線
d742af9c-55eb-4368-aba6-a19fce9d8c11,木幡,34.925859,135.796047,京都府,京阪宇治線
f9bc0d13-d05f-443d-8920-673393609eac,黄檗,34.914335,135.802656,京都府,京阪宇治線
589b72ba-723f-4ef7-8829-69e4f5bd77a4,三室戸,34.898976,135.806339,京都府,京阪宇治線
d75a2f7b-a132-4fe5-9b69-acd9e5ec6b19,宇治,34.894678,135.806229,京都府,京阪宇治線
8841e8b2-522e-4bb4-b125-4cf64ea5f389,枚方市,34.816171,135.648814,大阪府,京阪交野線
25aa8cc4-898c-4408-b2d7-4f27e793ce74,宮之阪,34.813649,135.65663,大阪府,京阪交野線
c4762f16-3e12-4079-83df-9c3250d640d6,星ヶ丘,34.807696,135.659755,大阪府,京阪交野線
8499e907-3e4e-4912-bc89-7fa5654b7a1a,村野,34.801828,135.664221,大阪府,京阪交野線
a02cdfee-417a-444d-94aa-01e8a4496256,郡津,34.794376,135.669868,大阪府,京阪交野線
715105e7-df04-47d1-b6ff-0789572c6d20,交野市,34.786924,135.675595,大阪府,京阪交野線
dc171bd2-c849-4d27-b0bf-c4b245d4fcf9,河内森,34.77386,135.685617,大阪府,京阪交野線
0eaa6216-c02a-4158-9fdc-c1e4edd02106,私市,34.767671,135.686569,大阪府,京阪交野線
f1255333-2e23-4d25-801b-0648b8414b20,出町柳,35.029654,135.772519,京都府,京阪鴨東線
f155b91b-d819-4e36-a862-376faa92cdc9,神宮丸太町,35.017555,135.772283,京都府,京阪鴨東線
0903c630-8c86-442a-ba05-e71c84b1b76b,三条,35.009114,135.772274,京都府,京阪鴨東線
fd30c763-f67f-4cfc-bf7b-a2db3ab01726,八幡市,34.884651,135.69996,京都府,男山ケーブル
862bbc40-73e1-4453-b570-b8f68706f0af,男山山上,34.881061,135.699796,京都府,男山ケーブル
4f7cf943-f923-4340-8d97-29dc1bf5bfd9,石山寺,34.967122,135.90347,滋賀県,京阪石山坂本線
fc0d6411-48f6-4cb8-b9eb-d28cb3e34961,唐橋前,34.973304,135.90297,滋賀県,京阪石山坂本線
8f031d1a-de9e-4d1b-aba9-a45fbdbbfd32,京阪石山,34.978937,135.901289,滋賀県,京阪石山坂本線
5b1c121c-1b78-4c8f-830d-3defe25e25f6,粟津,34.984789,135.895607,滋賀県,京阪石山坂本線
8d13ba92-222c-471f-a8b6-6f3ea249f1ba,瓦ヶ浜,34.988266,135.894696,滋賀県,京阪石山坂本線
46a87b88-cadf-480a-ae74-96df8591cba4,中ノ庄,34.990857,135.891516,滋賀県,京阪石山坂本線
6a413d0c-a36e-49e6-930f-c8ade9f17e77,膳所本町,34.995335,135.889249,滋賀県,京阪石山坂本線
f6e60811-5487-477a-a960-50a0a1da00af,錦,34.997587,135.885649,滋賀県,京阪石山坂本線
a2bc9a24-e50b-449b-a3a4-a001fd3bb41b,京阪膳所,34.999823,135.880833,滋賀県,京阪石山坂本線
c003c5fc-c8f6-4184-b4e6-65f8df3830fa,石場,35.004722,135.875606,滋賀県,京阪石山坂本線
c8c16998-e872-46e9-b13f-bad563f86a95,島ノ関,35.007703,135.870937,滋賀県,京阪石山坂本線
349ce443-059a-4934-8e18-897d12da7d19,浜大津,35.011283,135.863982,滋賀県,京阪石山坂本線
e9f5b6a9-cd95-45aa-bf74-71834bf44a0b,三井寺,35.012891,135.859793,滋賀県,京阪石山坂本線
cb475f0d-46e8-448b-80db-115593d7e1fb,別所,35.018335,135.855463,滋賀県,京阪石山坂本線
9ff9ec62-4ae2-4916-9983-178ba9a6f2c5,皇子山,35.02274,135.855521,滋賀県,京阪石山坂本線
e866c432-18e2-43c0-980d-f694f1faed36,近江神宮前,35.028194,135.855807,滋賀県,京阪石山坂本線
3659c1cf-b018-421e-baaf-4dc19dae7521,南滋賀,35.036691,135.85747,滋賀県,京阪石山坂本線
8863d6fe-8d78-45f3-8712-37911af2547d,滋賀里,35.043402,135.858994,滋賀県,京阪石山坂本線
b282952a-89b7-424a-87d9-95af94e99147,穴太,35.055675,135.864755,滋賀県,京阪石山坂本線
df97f8e7-0a58-4b88-9657-3e4597d691dd,松ノ馬場,35.065348,135.870241,滋賀県,京阪石山坂本線
9f8f90af-d7ff-4c49-a3f5-fe94c1f03319,坂本,35.070592,135.871268,滋賀県,京阪石山坂本線
5d0c764f-87e5-4178-9bae-1216e02093b1,御陵,34.996158,135.801637,京都府,京阪京津線
7de634eb-f0b6-458d-8e4a-97676da51013,京阪山科,34.992039,135.816835,京都府,京阪京津線
677356c1-0b7c-4000-a6ce-3fdfb1e2ad47,四宮,34.991903,135.823996,京都府,京阪京津線
78d5412e-262a-486a-96f7-f29e9fb9b0b6,追分,34.991445,135.837528,滋賀県,京阪京津線
07835f39-a1ec-4ea4-8a39-36f9dd3be3ca,大谷,34.994129,135.854116,滋賀県,京阪京津線
4b4fc8f5-eeb7-46f9-9f51-7725bb13b145,上栄町,35.00515,135.860152,滋賀県,京阪京津線
8d07fef3-dfc7-48b9-a45e-27a3660d4b1d,浜大津,35.011283,135.863982,滋賀県,京阪京津線
9d915744-47b5-4dda-81ca-97776063af0f,天満橋,34.6902,135.516633,大阪府,京阪中之島線
9d2ed8dd-cabc-47ca-9631-69633b9dfee1,なにわ橋,34.692829,135.506594,大阪府,京阪中之島線
fe2939fa-905c-4e40-a3d3-6131f21380b9,大江橋,34.694296,135.500412,大阪府,京阪中之島線
f7f97a1d-955d-4f28-9bf0-5ac48f7d71a6,渡辺橋,34.693916,135.49542,大阪府,京阪中之島線
633df7eb-11cb-4f29-95ca-677711cf3050,中之島,34.691504,135.487373,大阪府,京阪中之島線
caf2eded-b682-4f34-a649-4fd190e86fc8,梅田,34.705517,135.498312,大阪府,阪急神戸本線
b30799f0-fd12-4825-99aa-1c1719416500,中津,34.709745,135.493011,大阪府,阪急神戸本線
ff228354-c198-4cd1-baab-06887d652122,十三,34.720226,135.48248,大阪府,阪急神戸本線
6cbce162-fd02-4361-a09c-6461758cbbb6,神崎川,34.732249,135.472967,大阪府,阪急神戸本線
40d14ff8-04e8-4754-b707-9894732c60a5,園田,34.751905,135.448186,兵庫県,阪急神戸本線
faa8b852-93a8-4fe7-af4e-c0b2ff5afb46,塚口,34.752826,135.41585,兵庫県,阪急神戸本線
e59adaf8-33a0-4d5f-994c-4c2a9ff9b196,武庫之荘,34.751587,135.393821,兵庫県,阪急神戸本線
db6a8c55-4e2f-4480-adfe-2c5abf090a68,西宮北口,34.745951,135.356702,兵庫県,阪急神戸本線
d50270d3-4fb5-4e4f-a8b3-1efa52d040ff,夙川,34.742246,135.328207,兵庫県,阪急神戸本線
8ba9bf82-7833-4888-9bb8-3a8463caf73b,芦屋川,34.736338,135.300651,兵庫県,阪急神戸本線
c33b343a-20b5-4705-a201-7efdffcc6b5e,岡本,34.729171,135.275937,兵庫県,阪急神戸本線
ef7f4ad7-607e-4216-b8dd-e1a424b9e941,御影,34.724508,135.251803,兵庫県,阪急神戸本線
6c815165-ceb0-47a5-af4c-c9bd08cd1a1b,六甲,34.719891,135.234371,兵庫県,阪急神戸本線
4dfa2c52-2e13-4fe3-bb1b-74fc5b86321f,王子公園,34.710354,135.218553,兵庫県,阪急神戸本線
742cca05-47df-48b2-b08b-2bc82912d492,春日野道,34.70299,135.205396,兵庫県,阪急神戸本線
a2084752-f584-445c-a28a-1ed3f5b6c812,神戸三宮,34.693136,135.192862,兵庫県,阪急神戸本線
bfbcd5d9-d1fa-49c1-8eda-c5c53e19a157,梅田,34.705517,135.498312,大阪府,阪急宝塚本線
7ab5eea8-1012-4a29-bdc1-5990caa6a67c,中津,34.709745,135.493011,大阪府,阪急宝塚本線
2f80fea4-7100-4c39-ac57-58ceb0833eef,十三,34.720226,135.48248,大阪府,阪急宝塚本線
0524f84d-ef97-43fd-8a49-3052360465f9,三国,34.737254,135.483128,大阪府,阪急宝塚本線
c119f83a-9432-436d-825c-c36640cf9c66,庄内,34.750333,135.475095,大阪府,阪急宝塚本線
5de37e83-dc4c-4b88-a15b-65f0a7586894,服部天神,34.763024,135.475111,大阪府,阪急宝塚本線
760dfb52-ffbf-4aea-ba0e-0d6d4d16085b,曽根,34.771078,135.46777,大阪府,阪急宝塚本線
54b8d452-cb29-40e8-969e-0c12a4ec6e17,岡町,34.778949,135.465103,大阪府,阪急宝塚本線
e4c8c156-11f2-4c3d-ae64-fa7c965a973f,豊中,34.787248,135.462073,大阪府,阪急宝塚本線
4dd71b4d-96b2-4f9a-a56d-70f9f93ce1e2,蛍池,34.794365,135.449238,大阪府,阪急宝塚本線
28a2deb9-2366-42a5-b1a1-8e480f80e217,石橋,34.808254,135.445487,大阪府,阪急宝塚本線
b2bd19a5-f61a-438a-af15-caaf65a53ee6,池田,34.821544,135.425797,大阪府,阪急宝塚本線
09275095-f3c7-4cbe-8202-3fb07c191007,川西能勢口,34.827654,135.413393,兵庫県,阪急宝塚本線
e06a67c9-4ea2-494e-88d2-8237fd580f21,雲雀丘花屋敷,34.827357,135.402946,兵庫県,阪急宝塚本線
3684db27-5664-410d-8361-1479b978ba1b,山本,34.821918,135.388503,兵庫県,阪急宝塚本線
88faa187-f0b9-4205-9c78-17fab11bf522,中山観音,34.819518,135.369235,兵庫県,阪急宝塚本線
dfd207b9-f73b-44ab-adfa-573eb628a431,売布神社,34.815863,135.361339,兵庫県,阪急宝塚本線
290be365-13a4-4b68-a618-35c248627cf6,清荒神,34.811271,135.35352,兵庫県,阪急宝塚本線
4215aa4d-d6f6-4204-b7aa-2d442ee192d1,宝塚,34.810469,135.341054,兵庫県,阪急宝塚本線
189cfa38-6657-4d30-94fa-1317b6b8f695,河原町,35.003765,135.769463,京都府,阪急京都本線
c162fcce-fbc1-40b7-95d1-250385fb9b12,烏丸,35.003665,135.759108,京都府,阪急京都本線
c8d33e68-72ca-46bd-a1df-7f2f5ef20d9b,大宮,35.003587,135.748756,京都府,阪急京都本線
58daf86e-71c2-4c96-a209-364439005858,西院,35.003619,135.732447,京都府,阪急京都本線
a35cfdd5-9839-438e-a25c-8ee4ff6e5564,西京極,34.992459,135.718462,京都府,阪急京都本線
0f0b03a7-952d-4317-ac6c-90adc6b5e703,桂,34.979522,135.703302,京都府,阪急京都本線
5238857f-7754-460c-b3d9-1ae1062d1ef8,洛西口,34.964081,135.703096,京都府,阪急京都本線
97886dc6-69d9-4625-8283-5aba3093e267,東向日,34.953885,135.704646,京都府,阪急京都本線
ca57d61e-cde4-44d0-a45e-bdbeab288533,西向日,34.939892,135.702657,京都府,阪急京都本線
f0fcb54f-fb1f-4a61-a7a7-eacc04fef410,長岡天神,34.924791,135.69233,京都府,阪急京都本線
eaf62c3b-693b-4ef4-9f7b-b6416f0d8185,西山天王山,34.913333,135.688611,京都府,阪急京都本線
69a4cf71-d064-4ef9-a4a7-377fc39025df,大山崎,34.891485,135.681637,京都府,阪急京都本線
696ab953-c930-4667-92a5-d94133e31b1e,水無瀬,34.877745,135.667853,大阪府,阪急京都本線
5c44bed5-19e1-40a7-a535-0a8a73e50be0,上牧,34.872018,135.661629,大阪府,阪急京都本線
eb700bf4-67a6-4df1-8231-95ae993121bd,高槻市,34.849905,135.623265,大阪府,阪急京都本線
79097e81-f7b1-4163-9100-32ab00c9286e,富田,34.835207,135.592721,大阪府,阪急京都本線
ec3f5f8d-5213-4b7c-ac0c-de15e38b85a0,総持寺,34.827257,135.58492,大阪府,阪急京都本線
e9ebbbfe-6fde-4ae5-8ac8-fd40896f58fa,茨木市,34.816472,135.575815,大阪府,阪急京都本線
63586e78-a099-48ad-94f5-95d93972867f,南茨木,34.802351,135.565152,大阪府,阪急京都本線
becc74bd-8a34-4610-8ef4-835a47d5cc39,摂津市,34.786409,135.553715,大阪府,阪急京都本線
916aa6b9-53c2-4872-aaa7-69b9f80aa7e2,正雀,34.775454,135.545657,大阪府,阪急京都本線
0b99729e-b389-407f-bb6b-453a05f1d5c7,相川,34.757942,135.533853,大阪府,阪急京都本線
b3599a91-07c1-40bd-9dfb-5a39dc2a62b2,上新庄,34.750873,135.533114,大阪府,阪急京都本線
402e1d18-8dd8-42fc-b851-644fb4f313d0,淡路,34.738827,135.516527,大阪府,阪急京都本線
23a3e3f2-fdf6-4466-a94f-9882507b0b0b,崇禅寺,34.731048,135.510186,大阪府,阪急京都本線
55222561-f23f-48a5-8b49-83af6c93fc3b,南方,34.725656,135.499507,大阪府,阪急京都本線
f8af6539-9ecb-4488-bad1-979027431266,十三,34.720226,135.48248,大阪府,阪急京都本線
577ada37-138b-46d4-962a-8bf9d778b795,梅田,34.705517,135.498312,大阪府,阪急京都本線
3663923d-7510-43a5-95ee-65b7c736f298,今津,34.732015,135.351573,兵庫県,阪急今津線
3a81068e-5862-42bd-80ff-edf178e657f1,阪神国道,34.73715,135.354702,兵庫県,阪急今津線
26a33f7e-8a68-4f34-b1cf-cfdf5bb1f2e8,西宮北口,34.745951,135.356702,兵庫県,阪急今津線
46981559-1a1c-451a-b162-012ea355261c,門戸厄神,34.757086,135.358221,兵庫県,阪急今津線
151a3ba4-4cad-46fc-820e-b377f61a01ce,甲東園,34.76676,135.359757,兵庫県,阪急今津線
722d6df6-323a-48ea-846f-6ce1464398b0,仁川,34.775117,135.356854,兵庫県,阪急今津線
0ccc31b4-45c7-45f9-9c60-14fe35d51f6e,小林,34.789396,135.352282,兵庫県,阪急今津線
f2cdfeb3-cab2-4f2b-ae91-47df0109c606,逆瀬川,34.797181,135.350707,兵庫県,阪急今津線
1332f9e2-56da-448c-a3be-9055ccf67849,宝塚南口,34.804256,135.345918,兵庫県,阪急今津線
b13f2e02-4af3-4ca7-b746-07fcb313ff23,宝塚,34.810469,135.341054,兵庫県,阪急今津線
7b0d60ae-8481-4889-aefb-aa019ea5acd0,夙川,34.742246,135.328207,兵庫県,阪急甲陽線
1bc41c88-4d1a-4f41-b5f3-872e816d2e33,苦楽園口,34.750062,135.328885,兵庫県,阪急甲陽線
0f732be6-8c1c-4a2a-ab16-4eea1c43c90b,甲陽園,34.760919,135.329965,兵庫県,阪急甲陽線
9cbc6163-0e66-4a87-a14e-62f2d00ef483,塚口,34.752826,135.41585,兵庫県,阪急伊丹線
aa290c18-e5fb-4000-872f-4a5ae11af2ae,稲野,34.764817,135.415532,兵庫県,阪急伊丹線
e8ba789e-b600-4a75-8463-57d36970c185,新伊丹,34.772574,135.415479,兵庫県,阪急伊丹線
9b245915-f879-4e58-ac48-391e87b88982,伊丹,34.779875,135.413618,兵庫県,阪急伊丹線
d9aa7e1f-68ce-4390-90a3-025f5e04cf35,石橋,34.808254,135.445487,大阪府,阪急箕面線
9097db5b-bea2-4cf9-8be4-a4d4edad5679,桜井,34.816801,135.460705,大阪府,阪急箕面線
09b490ca-693e-4157-a25c-c3f9ce3da236,牧落,34.823436,135.465794,大阪府,阪急箕面線
bc44c00b-abe9-403f-8f90-f51ecc608fc9,箕面,34.834404,135.46819,大阪府,阪急箕面線
c268f65e-4ff7-4fd9-9bf6-4810d79cc6a1,北千里,34.81987,135.51111,大阪府,阪急千里線
621248fe-1b8f-4601-8050-f15def26706e,山田,34.804237,135.515692,大阪府,阪急千里線
de57fd34-15e2-4360-9da2-72609db0c22c,南千里,34.792393,135.508794,大阪府,阪急千里線
64e6832f-c523-4b07-8ea0-dc0ac7bc97f5,千里山,34.778903,135.505466,大阪府,阪急千里線
b9b28ae3-01ed-4e96-ba69-768a4fb98a68,関大前,34.770984,135.506136,大阪府,阪急千里線
873ffbc8-f757-4574-8cdc-0c62ae70f7ab,豊津,34.764588,135.509005,大阪府,阪急千里線
dc446a59-bb3d-4bb6-97e2-a81ab85f9264,吹田,34.759675,135.517366,大阪府,阪急千里線
fafc4733-0a7d-401f-a435-372abac9d0c4,下新庄,34.746474,135.519893,大阪府,阪急千里線
bb2d9c1e-7b2b-4fd4-ba10-7906fc690c83,淡路,34.738827,135.516527,大阪府,阪急千里線
7f85cc98-4e20-4eff-aa54-9edfda5f43e8,柴島,34.728437,135.511478,大阪府,阪急千里線
73d5f739-3452-4b94-bd92-27e137db00c9,天神橋筋六丁目,34.710265,135.510757,大阪府,阪急千里線
ab5d46c6-bb8a-48e2-85b9-c4fc8e6feead,桂,34.979522,135.703302,京都府,阪急嵐山線
60c96862-e1ed-48d0-a1fa-114542caace2,上桂,34.990201,135.696069,京都府,阪急嵐山線
dd9ee613-076d-44e1-aa29-d3e359a6020b,松尾大社,35.000331,135.688214,京都府,阪急嵐山線
9fbfc0a8-93a8-4618-92b7-d2c5e11fa9ea,嵐山,35.010315,135.681603,京都府,阪急嵐山線
059299f1-031c-416c-8ae0-30a523223926,梅田,34.701242,135.496745,大阪府,阪神本線
b1182530-a0d9-49cf-bfec-67c402d4fb0d,福島,34.696047,135.488205,大阪府,阪神本線
7affe752-da27-4bec-85e1-7766bf31d588,野田,34.694432,135.47606,大阪府,阪神本線
a0887440-87bf-4d88-9df8-c3c66a5340a3,淀川,34.696159,135.465249,大阪府,阪神本線
23af8d18-f6c3-449a-b6fa-f983e6b5976c,姫島,34.704466,135.45823,大阪府,阪神本線
e130fe31-8bfc-4b4f-9e27-593a0fed50f4,千船,34.712245,135.445361,大阪府,阪神本線
e18ddd41-e122-46b0-9857-aa6921dfede0,杭瀬,34.718272,135.43884,兵庫県,阪神本線
ed5d1e75-335a-4d93-991a-f2ed06908675,大物,34.716583,135.425549,兵庫県,阪神本線
2cde0b57-ef30-45bc-a133-786d6f3b8e8c,尼崎,34.718634,135.417309,兵庫県,阪神本線
7c9d339b-6287-4ace-8b31-3f1e821e3bf0,出屋敷,34.718232,135.404604,兵庫県,阪神本線
921db2b0-959a-4f0c-bdf1-5131a434fd68,尼崎センタープール前,34.71776,135.395044,兵庫県,阪神本線
0d2bfc26-0255-4c0e-8c09-b902393a548c,武庫川,34.718154,135.383654,兵庫県,阪神本線
66881691-5dc4-48d7-8829-a24293d970e8,鳴尾,34.719684,135.37036,兵庫県,阪神本線
1610fa31-14a9-4b23-bdf2-3b8a35269e48,甲子園,34.723987,135.363157,兵庫県,阪神本線
a57cc410-da9e-4d22-a890-e3dbc0b3cbd3,久寿川,34.726975,135.356811,兵庫県,阪神本線
4783f0cc-31fe-4606-99a8-2c34eac4e48b,今津,34.730953,135.351568,兵庫県,阪神本線
2eafdcd3-aef0-42e5-be27-c441c4f3dd35,西宮,34.736858,135.337759,兵庫県,阪神本線
1f4943c9-139b-4611-83b8-4746bbb750a8,香櫨園,34.734344,135.328929,兵庫県,阪神本線
b69e4085-ffd9-4db5-ac46-a34937ab7577,打出,34.731616,135.315481,兵庫県,阪神本線
18d0c5b4-23a0-4360-89f5-9567af99a85f,芦屋,34.728052,135.303969,兵庫県,阪神本線
20fc8b0c-9587-4e13-b98f-f80a2a42170e,深江,34.722583,135.291347,兵庫県,阪神本線
082621b1-50ab-4447-8bc9-997629543e21,青木,34.71695,135.28062,兵庫県,阪神本線
52d838fd-bead-4d23-9737-6cd01a6e5802,魚崎,34.71262,135.26924,兵庫県,阪神本線
2f703aa8-8423-4f3d-b0f9-92890ecc4c19,住吉,34.713025,135.261655,兵庫県,阪神本線
56c5ccbd-48b8-4b23-b41f-fd0607fd4b20,御影,34.714895,135.25569,兵庫県,阪神本線
7ef3c532-8e06-4404-aece-c64f8bd974c1,石屋川,34.71327,135.249329,兵庫県,阪神本線
0333e9ae-0c20-4bdb-b665-9b3aa8535fd6,新在家,34.710573,135.240565,兵庫県,阪神本線
80593d50-dc85-4e2e-b6d3-11a7bfb848f0,大石,34.707671,135.231055,兵庫県,阪神本線
5ca8bdda-1456-4afe-8f35-29054d5d9562,西灘,34.705782,135.224639,兵庫県,阪神本線
f82f498c-6fd4-45c1-b683-9a3b1faaedcd,岩屋,34.704065,135.217962,兵庫県,阪神本線
e4b4b099-635d-44d0-806f-9e7a81bc614f,春日野道,34.699513,135.207968,兵庫県,阪神本線
e9543416-03d2-4391-9dbd-3d0e8f4245e6,神戸三宮,34.693502,135.195104,兵庫県,阪神本線
676c85b8-7057-4d49-9417-a003954f8678,元町,34.689422,135.187503,兵庫県,阪神本線
e27fbe18-bcd5-4780-b2da-ab181a792998,大阪難波,34.667113,135.499144,大阪府,阪神なんば線
798b0a95-5cb9-4c3b-8bde-747ed8bcc631,桜川,34.668559,135.486612,大阪府,阪神なんば線
74442f1d-a6ca-41fe-a878-c7e17d1a56f4,ドーム前,34.670266,135.478313,大阪府,阪神なんば線
69fe0ca1-a5ee-46e4-bfac-4d2c008893aa,九条,34.673412,135.474483,大阪府,阪神なんば線
05679126-53bf-4647-88c3-af13ab9db56b,西九条,34.682889,135.465653,大阪府,阪神なんば線
5a87f858-1430-4be0-9728-19e3f93da116,千鳥橋,34.68546,135.457817,大阪府,阪神なんば線
804ed5ba-3923-4298-ae5b-d879d1e33979,伝法,34.689256,135.451559,大阪府,阪神なんば線
764c7a90-7f19-495a-a471-d5bba0fe8900,福,34.699791,135.442692,大阪府,阪神なんば線
1b238c08-5464-4964-b32e-113871502101,出来島,34.707173,135.436921,大阪府,阪神なんば線
61247d13-3174-48a0-b01e-41f441152906,大物,34.716583,135.425549,兵庫県,阪神なんば線
3a0387e6-47f8-4a41-b622-9afb19cd54b2,尼崎,34.718634,135.417309,兵庫県,阪神なんば線
1eb84cba-b306-4f10-8657-99aaaa24f20e,武庫川,34.718154,135.383654,兵庫県,阪神武庫川線
c1801a2b-d65b-4403-b8a1-4d85bdb3453e,東鳴尾,34.712646,135.379065,兵庫県,阪神武庫川線
0b29b033-ed69-4c82-a5f2-1d1e0f5ebc34,洲先,34.709046,135.378049,兵庫県,阪神武庫川線
5b8c9eb4-9b5b-4a1d-8fea-4cbc8eca4ac9,武庫川団地前,34.704894,135.374757,兵庫県,阪神武庫川線
ada4661d-42ed-44f3-9d8d-7c64c30c5871,西鉄福岡（天神）,33.588937,130.399733,福岡県,西鉄天神大牟田線
edc0d57e-af3e-4f06-abd5-c01ae1953277,薬院,33.581957,130.401683,福岡県,西鉄天神大牟田線
dcc7c09e-32db-4209-9f94-0da65ac91d5e,西鉄平尾,33.573631,130.406254,福岡県,西鉄天神大牟田線
9b1f45d6-9f47-4452-b6c2-59ce193dd7d2,高宮,33.567138,130.414743,福岡県,西鉄天神大牟田線
92bbc0f2-6df4-45ce-bd17-2ca528c75a01,大橋,33.559128,130.426559,福岡県,西鉄天神大牟田線
a8e07682-eccf-4f48-ac31-17e142a3b990,井尻,33.551896,130.44348,福岡県,西鉄天神大牟田線
83c6c3b3-e2ec-4a24-95eb-41765734a5e0,雑餉隈,33.547216,130.46262,福岡県,西鉄天神大牟田線
5054043f-ebea-4e16-9787-881850a5a291,春日原,33.537823,130.473141,福岡県,西鉄天神大牟田線
3a26ec79-a302-4d53-8480-dd16ed731899,白木原,33.528541,130.482735,福岡県,西鉄天神大牟田線
50606494-c55f-4b1a-a082-650cfd3f5d91,下大利,33.522431,130.489248,福岡県,西鉄天神大牟田線
3f11326d-c04e-425f-bd01-aea3dc3b855b,都府楼前,33.511677,130.508011,福岡県,西鉄天神大牟田線
37147c69-09c3-4775-b8b1-83e25b1a6e17,西鉄二日市,33.502192,130.517871,福岡県,西鉄天神大牟田線
5e36e8a1-feff-4257-a7aa-404751d568d9,紫,33.496009,130.522503,福岡県,西鉄天神大牟田線
ab0a9cbc-6b99-4ba3-996e-43e6103097b5,朝倉街道,33.484174,130.532548,福岡県,西鉄天神大牟田線
b07ca2e4-005b-43be-b2ae-e7c83ad5a8fb,桜台,33.471636,130.542465,福岡県,西鉄天神大牟田線
9168c65a-5538-494d-9d94-392cdaf3fcc3,筑紫,33.462682,130.553111,福岡県,西鉄天神大牟田線
86beba38-12c9-4a74-bcb6-b2a1f48784fc,津古,33.446414,130.565538,福岡県,西鉄天神大牟田線
2ea42455-5558-439e-8798-6eb15ad3b843,三国が丘,33.436862,130.563183,福岡県,西鉄天神大牟田線
5eae10c1-3fae-4935-8e6a-950eba9c798f,三沢,33.423227,130.560386,福岡県,西鉄天神大牟田線
4350e268-50c1-4905-bc15-75dc02822c0b,大保,33.411515,130.558035,福岡県,西鉄天神大牟田線
a3f95b22-061d-48ac-b86a-a8aaf78d6753,西鉄小郡,33.39633,130.5536,福岡県,西鉄天神大牟田線
fa7a84d0-9763-4dc1-a3b8-04c3d63cef0a,端間,33.378907,130.550814,福岡県,西鉄天神大牟田線
20f98d81-3a12-467d-af13-03eae9e2774c,味坂,33.353143,130.540616,福岡県,西鉄天神大牟田線
3f68c184-f617-42e7-b268-6f4fbeda75de,宮の陣,33.329456,130.530902,福岡県,西鉄天神大牟田線
381da7b6-cce2-4e17-bc79-47e70874b4ad,櫛原,33.319592,130.524319,福岡県,西鉄天神大牟田線
00ae329a-c921-4957-9530-791517bf52cf,西鉄久留米,33.312276,130.521053,福岡県,西鉄天神大牟田線
d333d19e-09b2-4aa7-b9be-d95b23cd25bf,花畑,33.306643,130.515972,福岡県,西鉄天神大牟田線
90e50486-760f-439b-8e09-2dd0735b2884,試験場前,33.301985,130.509923,福岡県,西鉄天神大牟田線
4eb93475-67b0-45d7-97ec-4832cc6b89d8,津福,33.296505,130.497788,福岡県,西鉄天神大牟田線
bb0cd273-472f-417d-ad88-3a2056025801,安武,33.286311,130.489061,福岡県,西鉄天神大牟田線
ebe305e5-16e0-48f7-8e80-53dc5419f2f9,大善寺,33.270432,130.473897,福岡県,西鉄天神大牟田線
39b60085-93c8-4aca-bd52-6913edbe4108,三潴,33.255961,130.469386,福岡県,西鉄天神大牟田線
adb8e6ee-50b1-42e6-b98c-5926a0fed144,犬塚,33.247387,130.462953,福岡県,西鉄天神大牟田線
0d999efd-7799-4204-bd1d-7ac1d50b10cc,大溝,33.227009,130.449776,福岡県,西鉄天神大牟田線
01417477-7f43-4925-a587-08f3cb082853,八丁牟田,33.209035,130.437744,福岡県,西鉄天神大牟田線
be6872d2-fbc2-4626-aed9-d265dfdca37f,蒲池,33.189687,130.422657,福岡県,西鉄天神大牟田線
7c3325d5-efed-4ad9-b0e5-0eeb0987b9b8,矢加部,33.17418,130.415685,福岡県,西鉄天神大牟田線
bf810862-2b7c-405c-bbb2-bb3f047de5c5,西鉄柳川,33.1651,130.419265,福岡県,西鉄天神大牟田線
f410a054-cc54-473a-82e3-12c6ba8b31c4,徳益,33.15541,130.426676,福岡県,西鉄天神大牟田線
25e927da-0829-401b-a70c-3c696eabd5b5,塩塚,33.143725,130.431232,福岡県,西鉄天神大牟田線
553ac593-8c3b-4007-b994-f783945fed6e,西鉄中島,33.122444,130.440129,福岡県,西鉄天神大牟田線
bd69fc7b-4551-44f9-bbed-b3052995f2d0,江の浦,33.108896,130.446565,福岡県,西鉄天神大牟田線
fd32f840-a1f4-4409-bfa8-1a129897050f,開,33.097275,130.453087,福岡県,西鉄天神大牟田線
810fe000-66ce-46a7-acce-173e2a8de3ee,西鉄渡瀬,33.086848,130.458729,福岡県,西鉄天神大牟田線
58472faf-cc54-40eb-a55a-b42fac33576b,倉永,33.07215,130.463749,福岡県,西鉄天神大牟田線
9abbd24c-1060-4741-9f81-8b9489eef4a9,東甘木,33.062756,130.464491,福岡県,西鉄天神大牟田線
170beee6-7a08-4964-b967-1dc2f7dfd61f,西鉄銀水,33.050935,130.458139,福岡県,西鉄天神大牟田線
3063ef3d-3fb9-4692-be58-5651bc7413e8,新栄町,33.038453,130.450001,福岡県,西鉄天神大牟田線
e99d2ad7-af86-4093-b6bf-ca56b5395c36,大牟田,33.029701,130.443249,福岡県,西鉄天神大牟田線
de2abd63-7f3b-4d7c-93c0-185298c5bfec,西鉄二日市,33.502192,130.517871,福岡県,西鉄太宰府線
283e105f-4260-491a-87dd-5ef27ef62474,西鉄五条,33.51111,130.526106,福岡県,西鉄太宰府線
8bec3e03-1dda-4565-a2e0-0552e3dc7513,太宰府,33.51904,130.531406,福岡県,西鉄太宰府線
1688d59b-ef56-448c-a57f-c9ed5448de2b,宮の陣,33.329456,130.530902,福岡県,西鉄甘木線
ba2bfa07-87c3-4385-a000-a4f2ee0a9825,五郎丸,33.330433,130.539863,福岡県,西鉄甘木線
9397df8a-edbe-4343-9265-c0fa7514541b,学校前,33.336305,130.547431,福岡県,西鉄甘木線
d785eddb-2432-4e5e-8dc4-b39ce1a3205b,古賀茶屋,33.34346,130.566388,福岡県,西鉄甘木線
4a5eaf7c-66a7-4860-91ed-e6b57a16a156,北野,33.345379,130.582822,福岡県,西鉄甘木線
788e8e55-787c-40d5-9d4e-a761aa524ad2,大城,33.350915,130.607812,福岡県,西鉄甘木線
6d5a9fd0-1b53-4151-a884-20dcbd9831b3,金島,33.353232,130.623016,福岡県,西鉄甘木線
87ef8100-0add-4d36-8bd3-e56022a0eaaa,大堰,33.372278,130.624022,福岡県,西鉄甘木線
fb154e83-8db3-4d4b-8048-93ce10dcfe32,本郷,33.385013,130.628893,福岡県,西鉄甘木線
745c4d7d-b358-427e-9770-4545aa5b9da4,上浦,33.398681,130.637115,福岡県,西鉄甘木線
f5c7ad84-4c96-4bef-b408-b2499c872ee7,馬田,33.407541,130.640656,福岡県,西鉄甘木線
344cc8bb-9d55-4bd8-bc3e-3390f327b1f7,甘木,33.418399,130.655074,福岡県,西鉄甘木線
60cdf3b1-ee28-4095-92ae-d82f085fa08e,貝塚,33.632906,130.425612,福岡県,西鉄貝塚線
26e494fb-97d2-41b7-b954-c099e9c4a031,名島,33.642733,130.431687,福岡県,西鉄貝塚線
a0b5b720-625c-4e64-879e-b0a4ae02e696,西鉄千早,33.649199,130.440105,福岡県,西鉄貝塚線
5f5ea931-a952-4525-b7c7-b79ad927e8b0,香椎宮前,33.65529,130.442674,福岡県,西鉄貝塚線
e8aa973c-7e6e-41a5-a374-285011088ce7,西鉄香椎,33.659809,130.441429,福岡県,西鉄貝塚線
d494d728-28ae-42d5-bc76-2d292cefee97,香椎花園前,33.669924,130.434396,福岡県,西鉄貝塚線
e6444c28-8cfd-4352-8451-f319909385b5,唐の原,33.680059,130.43449,福岡県,西鉄貝塚線
a724a8dd-855e-471c-bcd1-e866a430c771,和白,33.688741,130.42976,福岡県,西鉄貝塚線
4e5d7fb9-b474-4ae9-8ff3-be9ac0aceccf,三苫,33.702081,130.422521,福岡県,西鉄貝塚線
622433eb-2784-4362-b983-626702491ffe,西鉄新宮,33.714067,130.436856,福岡県,西鉄貝塚線
a4112797-dd52-4aa7-9ecc-2c49f3014976,古賀ゴルフ場前,33.724259,130.454741,福岡県,西鉄貝塚線
72e62d6f-381a-4a52-a40a-fe4670e4d89d,西鉄古賀,33.732555,130.461527,福岡県,西鉄貝塚線
d00abac5-d751-4a10-87c4-9047aafc8a57,花見,33.744179,130.46642,福岡県,西鉄貝塚線
5dcb11d0-fb1d-4799-aed1-42b25b31381d,西鉄福間,33.766591,130.475903,福岡県,西鉄貝塚線
28630ae8-ab0f-4ea7-a9d2-35ba798de192,宮地岳,33.777889,130.477777,福岡県,西鉄貝塚線
bd934d22-80c6-4267-8a97-026afed8317d,津屋崎,33.786835,130.468247,福岡県,西鉄貝塚線
2e33f180-c8ee-44d8-a704-ad1fdc64958a,宮の沢,43.089962,141.27717,北海道,札幌市営地下鉄東西線
2e41f8de-b3d7-4efd-b003-986a6494b81e,発寒南,43.081732,141.289312,北海道,札幌市営地下鉄東西線
9c841d8a-7a1d-42ce-ad12-00b70df8705f,琴似,43.075941,141.303931,北海道,札幌市営地下鉄東西線
05c14bfc-13e5-42f0-b2ee-21f5b725f9bf,二十四軒,43.070221,141.314093,北海道,札幌市営地下鉄東西線
db799911-3f7b-40d2-9e1c-3b20a552fa41,西２８丁目,43.060345,141.314522,北海道,札幌市営地下鉄東西線
2aabbe84-ab44-4b30-b5da-582fd52ef005,円山公園,43.055582,141.318863,北海道,札幌市営地下鉄東西線
b8dd5aa2-51f0-4a11-bf74-e03a71712352,西１８丁目,43.057168,141.330204,北海道,札幌市営地下鉄東西線
eb588c80-20ae-4be8-b254-d5305db4a750,西１１丁目,43.058557,141.341036,北海道,札幌市営地下鉄東西線
3ea5b0a7-11a4-4082-a3b1-e27aa7ede51c,大通,43.060479,141.354526,北海道,札幌市営地下鉄東西線
351f41f8-e178-4213-b3a7-ff430c9572f8,バスセンター前,43.061268,141.360473,北海道,札幌市営地下鉄東西線
15b11099-001d-45c7-a7fa-7b3d66c3a234,菊水,43.057169,141.3727,北海道,札幌市営地下鉄東西線
d46a8299-749a-4c5c-a0ae-4e3da7a7fb1f,東札幌,43.051614,141.384922,北海道,札幌市営地下鉄東西線
224d7982-c0ea-4c25-aac0-0cb51fc9760e,白石,43.046076,141.396242,北海道,札幌市営地下鉄東西線
c8a4df9e-f3f8-4f33-b8b2-1220fc776011,南郷７丁目,43.040091,141.411759,北海道,札幌市営地下鉄東西線
b7993a70-1036-4f53-8090-143e7b6aebb8,南郷１３丁目,43.035783,141.422697,北海道,札幌市営地下鉄東西線
a5d1116f-e1c9-45f6-9ff4-c46f5a432fd8,南郷１８丁目,43.030229,141.435196,北海道,札幌市営地下鉄東西線
6f821bfe-d740-4953-a4a3-003825b913f5,大谷地,43.028008,141.452972,北海道,札幌市営地下鉄東西線
ae15dfef-dc6c-4d43-a0f8-31e6370b5157,ひばりが丘,43.032175,141.464638,北海道,札幌市営地下鉄東西線
f2fd594d-e1a9-49e3-a207-692c0f930104,新さっぽろ,43.039141,141.473106,北海道,札幌市営地下鉄東西線
a975ae64-ab80-456a-9d5f-f76fc88b1392,麻生,43.109106,141.338255,北海道,札幌市営地下鉄南北線
bec0cfee-965a-477a-8658-7e7682abeeda,北３４条,43.099883,141.342028,北海道,札幌市営地下鉄南北線
d3f0cd8d-5f54-4cfb-b20c-72bdb6c021d8,北２４条,43.089811,141.344604,北海道,札幌市営地下鉄南北線
b194169f-e14b-47f1-9f20-1d1ad5f8e9ab,北１８条,43.081568,141.346686,北海道,札幌市営地下鉄南北線
b25d7458-086b-4065-8728-a6ef59e2e903,北１２条,43.074829,141.348403,北海道,札幌市営地下鉄南北線
d59ca75e-ffc1-4e46-ba2d-ef3e88f34ac1,さっぽろ,43.06637,141.350299,北海道,札幌市営地下鉄南北線
da4f121d-673d-45eb-9bcb-6579c9369d2f,大通,43.060479,141.354526,北海道,札幌市営地下鉄南北線
9d5f11b0-6f5d-4b30-91f5-bd187bf71fc5,すすきの,43.05578,141.353257,北海道,札幌市営地下鉄南北線
d6f00df6-f116-498c-a68b-299f974eb3a1,中島公園,43.048892,141.354913,北海道,札幌市営地下鉄南北線
321dca32-41c2-4382-aca6-d20d8e9225a9,幌平橋,43.040073,141.355886,北海道,札幌市営地下鉄南北線
812aa81f-b974-441b-b5bf-b5aa759ad23c,中の島,43.037727,141.360758,北海道,札幌市営地下鉄南北線
5c96c391-7bfe-4956-8ca0-70022e31ec09,平岸,43.034666,141.36853,北海道,札幌市営地下鉄南北線
5feb78f3-46c0-4d9b-9b94-3152a6c80eaf,南平岸,43.026842,141.371355,北海道,札幌市営地下鉄南北線
48d56957-118f-4008-93ea-93f8ef5a9c24,澄川,43.016845,141.367308,北海道,札幌市営地下鉄南北線
4848a4d8-226a-4ba8-852c-ad1321a15a03,自衛隊前,43.006038,141.364776,北海道,札幌市営地下鉄南北線
b257e128-5277-49d7-a939-ec537abcde00,真駒内,42.991134,141.358499,北海道,札幌市営地下鉄南北線
4478a02f-906a-44c7-b35e-02b68f997c85,栄町,43.112995,141.367142,北海道,札幌市営地下鉄東豊線
aed0a002-28c3-4b90-b993-9cd4d8af7df2,新道東,43.104663,141.369086,北海道,札幌市営地下鉄東豊線
826ff072-17b5-4701-8a76-9e8ecafa9846,元町,43.094355,141.371598,北海道,札幌市営地下鉄東豊線
3b7258ab-01be-405e-9704-c36b321bfccf,環状通東,43.082166,141.374643,北海道,札幌市営地下鉄東豊線
bc8c8f41-3b1e-4a65-a04a-0cd741b670de,東区役所前,43.078197,141.364769,北海道,札幌市営地下鉄東豊線
c7679ab6-397e-44c4-ab80-85ed597a08e2,北１３条東,43.07689,141.354851,北海道,札幌市営地下鉄東豊線
116e3752-4653-4f71-9604-acf02c417e82,さっぽろ,43.06637,141.350299,北海道,札幌市営地下鉄東豊線
434ada6a-82e9-421a-a0ee-f5eaf1aff1ac,大通,43.060479,141.354526,北海道,札幌市営地下鉄東豊線
3dbcaa34-c298-4e02-a662-0e3bf9fe6300,豊水すすきの,43.055008,141.356838,北海道,札幌市営地下鉄東豊線
e33a18ee-ddc4-4e78-b590-3843bf40503b,学園前,43.047448,141.36909,北海道,札幌市営地下鉄東豊線
f7a0e838-ad43-48bd-818d-34db4641cb71,豊平公園,43.041929,141.376573,北海道,札幌市営地下鉄東豊線
398c7797-b8a6-4307-af60-57bdebbcf4d2,美園,43.036338,141.385756,北海道,札幌市営地下鉄東豊線
3ba4bdaa-15ab-49cd-9d73-9a5ec9aed256,月寒中央,43.030553,141.396263,北海道,札幌市営地下鉄東豊線
cc62186b-c19f-4dc1-ac52-ab3f51cdcc72,福住,43.021621,141.403105,北海道,札幌市営地下鉄東豊線
58e0862c-41f0-4653-b242-6fb23e73f4df,西４丁目,43.0589036005005,141.352148205041,北海道,札幌市電山鼻線
51779abd-571a-429f-9e48-5595a8cc22a9,西８丁目,43.058033,141.345358,北海道,札幌市電山鼻線
b38c205f-999a-4bce-8dc4-d05450eb0f83,中央区役所前,43.057823,141.34224,北海道,札幌市電山鼻線
b8b5a850-22b5-4846-9720-e1fbec771613,西１５丁目,43.056955,141.336108,北海道,札幌市電山鼻線
25ba57f1-a75c-4226-8f4a-f6c3764e244a,西線６条,43.051352,141.335088,北海道,札幌市電山鼻線
bfdb972f-7d8b-44b8-9797-1e5e49bd1069,西線９条旭山公園通,43.04722,141.336365,北海道,札幌市電山鼻線
cd29b755-6703-4ccf-ba83-698e522da5e8,西線１１条,43.044664,141.335957,北海道,札幌市電山鼻線
665e1f5f-187a-421a-a08c-56123d4acdfd,西線１４条,43.040775,141.336429,北海道,札幌市電山鼻線
879cc4b7-9b11-4311-8932-b50e21bf49ef,西線１６条,43.037733,141.336772,北海道,札幌市電山鼻線
20d467d0-312c-49af-8534-528c2057b05e,ロープウェイ入口,43.03367,141.337287,北海道,札幌市電山鼻線
05b04073-aca8-46fc-9b92-e4bc6fc513eb,電車事業所前,43.031271,141.337609,北海道,札幌市電山鼻線
01e57c09-70fa-4c7b-b348-dbb72ff42614,中央図書館前,43.030455,141.340227,北海道,札幌市電山鼻線
ba6cadf7-d722-431c-8d9a-eca7fec9b23b,石山通,43.030706,141.344175,北海道,札幌市電山鼻線
4287f6ab-8156-473c-841f-bea7dccfb9e4,東屯田通,43.031051,141.347501,北海道,札幌市電山鼻線
a6484f4f-932f-42c8-9bd8-06257f331fa7,幌南小学校前,43.032196,141.351814,北海道,札幌市電山鼻線
c8e328f7-ba93-4b5f-9091-e0b748c18829,山鼻１９条,43.034706,141.351514,北海道,札幌市電山鼻線
5a1e3663-abe8-4c2e-94ff-727a9e4e9e8f,静修学園前,43.038329,141.351063,北海道,札幌市電山鼻線
271b99aa-9fdd-4b9f-8ab2-52a1570bd9b3,行啓通,43.041544,141.35072,北海道,札幌市電山鼻線
3108f11e-4e03-4872-9dca-8549615f6092,中島公園通,43.045652,141.350269,北海道,札幌市電山鼻線
34ad9aca-817f-423a-bf00-c9168ee022c6,山鼻９条,43.048067,141.349862,北海道,札幌市電山鼻線
5f31be6d-d31f-46cc-80b3-ef9b3f508d7a,東本願寺前,43.051783,141.34939,北海道,札幌市電山鼻線
5c53c23e-5117-4354-831a-9a035294a987,資生館小学校前,43.055217,141.34969,北海道,札幌市電山鼻線
97c18dee-3049-4184-82c4-cca0cea9faae,すすきの,43.05578,141.353257,北海道,札幌市電山鼻線
5dc90165-7554-4d2f-b511-539dba7f10c0,狸小路,43.0572789363944,141.35292738676,北海道,札幌市電山鼻線
6078fa7f-3d35-4a64-bdb2-0fe728c10302,湯の川,41.781073,140.789902,北海道,函館市電２系統
b3fa4d9e-0739-4705-b628-6137c681ebba,湯の川温泉,41.780129,140.784881,北海道,函館市電２系統
6d0758ff-7a29-4234-8894-9150e397f048,市民会館前,41.782065,140.782006,北海道,函館市電２系統
1b915339-de47-48c5-ad58-df2b19e4caad,駒場車庫前,41.783265,140.779216,北海道,函館市電２系統
010b4f19-055c-4d68-a73c-abc39f98a50d,競馬場前,41.784657,140.775268,北海道,函館市電２系統
60d6dc88-a361-4706-a39f-8768ef24ce60,深堀町,41.787153,140.769947,北海道,函館市電２系統
f388c25b-df99-4c63-9e16-9560cedc5b1e,柏木町,41.787937,140.765226,北海道,函館市電２系統
76f4537d-0f94-4992-aea2-e7480e3a1618,杉並町,41.788689,140.759304,北海道,函館市電２系統
1b9be67a-be28-4b10-8b47-883532045bf4,五稜郭公園前,41.789313,140.75175,北海道,函館市電２系統
6daed262-43d1-4c73-bd24-baf52b322e5a,中央病院前,41.787121,140.751021,北海道,函館市電２系統
b200e95d-0090-4d11-8a54-926871b387cf,千代台,41.784257,140.748532,北海道,函館市電２系統
cb8a4b3b-90c6-4bb0-9c77-c4eab0dbf95b,堀川町,41.780433,140.74394,北海道,函館市電２系統
047844fb-b0cb-46ed-9bf0-273a4dce30e3,昭和橋,41.778017,140.740893,北海道,函館市電２系統
c0733f23-d57e-44c9-8e72-c41556edcaec,千歳町,41.776161,140.738575,北海道,函館市電２系統
686df96d-31d1-419e-8e4f-646fa414ac37,新川町,41.77464,140.736601,北海道,函館市電２系統
d817acae-6473-4678-a010-ee3ab565fd3c,松風町,41.771296,140.733039,北海道,函館市電２系統
b468aeaf-26d3-492c-a783-e28768d7fc5f,函館駅前,41.77264,140.727997,北海道,函館市電２系統
db80c494-3a8d-4113-ac00-b4396746508c,市役所前,41.768943,140.72495,北海道,函館市電２系統
b4130ed1-980c-42a6-8948-4dd9b83ec8bf,魚市場通,41.765838,140.721731,北海道,函館市電２系統
9f65690b-4733-49be-b9a1-9c1f8bdd4e9b,十字街,41.763998,140.718513,北海道,函館市電２系統
32fbed52-682b-4525-8cd2-d7e56d541caf,宝来町,41.761085,140.7198,北海道,函館市電２系統
ff1eb325-d342-42e3-970f-0e172485a257,青柳町,41.756235,140.718255,北海道,函館市電２系統
4d3b4b11-dcd1-4e76-b4ff-9b983349b8eb,谷地頭,41.753273,140.71641,北海道,函館市電２系統
49466c60-0a4b-4cec-b0a1-4e232824af50,湯の川,41.781073,140.789902,北海道,函館市電５系統
b7e15f32-f27f-4b98-95b6-21938e76f9a0,湯の川温泉,41.780129,140.784881,北海道,函館市電５系統
6fd8eb3b-9e51-47a1-9753-7eb6551d6e9d,市民会館前,41.782065,140.782006,北海道,函館市電５系統
866a5408-d37a-4a40-a67f-a966449c19cf,駒場車庫前,41.783265,140.779216,北海道,函館市電５系統
9e198073-5078-45d5-9a15-c16f89e1d5fa,競馬場前,41.784657,140.775268,北海道,函館市電５系統
24843e24-44c8-4477-8812-a8376a106b5a,深堀町,41.787153,140.769947,北海道,函館市電５系統
4b82a639-4c62-40fa-9abd-723105573cdf,柏木町,41.787937,140.765226,北海道,函館市電５系統
df0fc03c-300c-4ad4-a828-43cb376bf559,杉並町,41.788689,140.759304,北海道,函館市電５系統
f717ced5-beab-4219-9082-1ecdb4207617,五稜郭公園前,41.789313,140.75175,北海道,函館市電５系統
e3c8d4a8-8202-46d9-b332-c6586ab4d3cf,中央病院前,41.787121,140.751021,北海道,函館市電５系統
ec8ab25c-3f90-401f-bd5b-ee78634c5d6e,千代台,41.784257,140.748532,北海道,函館市電５系統
8f35fc69-8297-4e47-9d17-e5064acac0b0,堀川町,41.780433,140.74394,北海道,函館市電５系統
e8e3e439-8ac4-4340-b8f0-b6fa0f5d7f70,昭和橋,41.778017,140.740893,北海道,函館市電５系統
a9f7f06a-73ac-440a-b86a-65ebe43f9325,千歳町,41.776161,140.738575,北海道,函館市電５系統
6849ad98-d749-40da-90db-688badd5092c,新川町,41.77464,140.736601,北海道,函館市電５系統
016edf4b-aa65-4200-b903-18882a81237b,松風町,41.771296,140.733039,北海道,函館市電５系統
0a82ee44-0639-425b-84d6-e43fd64c7bac,函館駅前,41.77264,140.727997,北海道,函館市電５系統
a9bcb883-713d-402a-9b25-d15b4de465a6,市役所前,41.768943,140.72495,北海道,函館市電５系統
f46dce1a-1afe-42f9-96de-7f0e51bcfc4f,魚市場通,41.765838,140.721731,北海道,函館市電５系統
26917f53-2ff1-4e76-a585-237740437cdb,十字街,41.763998,140.718513,北海道,函館市電５系統
52d9839b-5386-4f94-b6fc-21e46e4b3696,末広町,41.766879,140.711989,北海道,函館市電５系統
0c4b0300-30f8-429a-9a29-cbad795a3137,大町,41.770207,140.7092,北海道,函館市電５系統
5d2b4e2d-9e01-4c9e-86e9-0a9c03f86c51,函館どつく前,41.772992,140.704393,北海道,函館市電５系統
03795746-b5df-4d69-92e9-a539c4568032,池田,42.922186,143.453033,北海道,ふるさと銀河線
9bffcc92-4333-49af-b950-5598798032fb,様舞,42.97211,143.450322,北海道,ふるさと銀河線
3f272f0c-eb73-4130-8e75-91dbf3c60181,高島,43.02304,143.45973,北海道,ふるさと銀河線
8ecb0d86-80ae-422d-917d-fa45038a0deb,大森,43.045829,143.476943,北海道,ふるさと銀河線
726638b4-e26a-4fad-8610-e73b12fc77c2,勇足,43.089155,143.525248,北海道,ふるさと銀河線
7898bd03-5418-4f28-bfc3-56bc3e80cabd,南本別,43.105462,143.549901,北海道,ふるさと銀河線
2c41cf1f-00a4-40fd-9411-400e3990ec1b,岡女堂,43.110668,143.594367,北海道,ふるさと銀河線
99bc92f1-2387-4267-89b5-877948bb3dc5,本別,43.126031,143.613436,北海道,ふるさと銀河線
541f86de-e32a-4b76-9698-2f8c33b06335,仙美里,43.179323,143.590962,北海道,ふるさと銀河線
39cb43f8-16f9-4e88-bb15-4c5b9a064d20,足寄,43.243859,143.546342,北海道,ふるさと銀河線
897caafc-9dd3-402b-9cbc-2444c201df8e,愛冠,43.292236,143.566789,北海道,ふるさと銀河線
c2306b2d-729c-49c8-8f36-0ac5759cf2c4,西一線,43.319215,143.580367,北海道,ふるさと銀河線
9188a83b-5c3f-432b-90d2-a31a07a2a3d9,塩幌,43.331631,143.596195,北海道,ふるさと銀河線
1c005c4c-a0a2-4109-942d-60d4905b89a1,上利別,43.351862,143.605326,北海道,ふるさと銀河線
49fd33d9-534a-438f-943b-affdae973a06,笹森,43.369097,143.641098,北海道,ふるさと銀河線
96772b58-3682-4368-99aa-9e0939f8ba3c,大誉地,43.391976,143.681901,北海道,ふるさと銀河線
2d47b6f0-1579-46bc-9892-00eb74df3869,薫別,43.415096,143.717033,北海道,ふるさと銀河線
6d8f02fd-db7f-448d-b38c-5a04d0cbd229,陸別,43.467372,143.742427,北海道,ふるさと銀河線
999a03ed-dc3d-4b08-b907-2f219d10d46d,分線,43.514427,143.71963,北海道,ふるさと銀河線
a5ce0aba-9701-4a80-856d-2e053a48b437,川上,43.54651,143.720969,北海道,ふるさと銀河線
67bea731-beff-4c24-998e-96141eb467f7,小利別,43.588123,143.67922,北海道,ふるさと銀河線
2fd012d9-96cb-4c3f-815d-278a463241db,置戸,43.676906,143.589961,北海道,ふるさと銀河線
39d1e019-a792-4410-b43b-c1d86352d1dd,豊住,43.701376,143.631082,北海道,ふるさと銀河線
4eee2b22-6228-4b63-836c-cae36014605f,境野,43.71407,143.66008,北海道,ふるさと銀河線
ac2f4a9a-e3c4-4e4d-a239-7942681b2239,西訓子府,43.715301,143.680396,北海道,ふるさと銀河線
606fadc6-b30e-49e3-9774-dbdb6642f1bb,西富,43.72746,143.712602,北海道,ふるさと銀河線
77e9bf3c-e25f-46b2-b98f-617821bd6751,訓子府,43.728913,143.737939,北海道,ふるさと銀河線
26a7ecdf-8379-48f4-8ef8-d4318cd8dc98,穂波,43.730749,143.761892,北海道,ふるさと銀河線
b12a9b63-e238-4ad4-953c-a71d9f33b508,日ノ出,43.737147,143.78549,北海道,ふるさと銀河線
511cff5c-64e1-4d63-a662-041731f6db0a,広郷,43.743714,143.808829,北海道,ふるさと銀河線
70ff5b7e-8ac0-4cab-b0f7-30919a44fc06,上常呂,43.757543,143.836343,北海道,ふるさと銀河線
33412c05-7f12-4420-8e1c-ee7dda1338a4,北光社,43.775901,143.869721,北海道,ふるさと銀河線
4779d580-3f29-45ba-a0a2-01dade033104,北見,43.805504,143.898167,北海道,ふるさと銀河線
fc1bc970-a03d-46e6-aa61-3adfc00c68ca,津軽五所川原,40.809684,140.448489,青森県,津軽鉄道線
ed40d22d-4820-4869-99c4-0fdbd9b78218,十川,40.817526,140.457044,青森県,津軽鉄道線
a587eef6-8c93-408b-9d8e-dc534e1ed97a,五農校前,40.821146,140.478753,青森県,津軽鉄道線
abc8b252-8058-43bd-840d-88cd109938f3,津軽飯詰,40.829884,140.479586,青森県,津軽鉄道線
b34c9085-072b-4d44-8822-c396ed428921,毘沙門,40.857903,140.47778,青森県,津軽鉄道線
dfd0a215-175a-4656-8dc1-23420907931f,嘉瀬,40.881058,140.469316,青森県,津軽鉄道線
5eeb3260-a045-4843-9045-c0e7d2bc440c,金木,40.902875,140.459971,青森県,津軽鉄道線
fe6f6a60-d6d5-4130-a446-8df17e2b9e31,芦野公園,40.912283,140.451657,青森県,津軽鉄道線
20eb80c1-cdff-4813-b048-200854c88c43,川倉,40.926356,140.44368,青森県,津軽鉄道線
2f712bbf-2b43-4d93-b6d5-2fe7e6f3bbdb,大沢内,40.940243,140.437396,青森県,津軽鉄道線
955d6b4f-3c76-4373-8ea3-99f08b81ce2c,深郷田,40.951203,140.441043,青森県,津軽鉄道線
ff3d011d-951b-4647-a800-1ad2802df746,津軽中里,40.964848,140.44102,青森県,津軽鉄道線
fc0f30c9-6584-48c5-ab36-ffdf05acd7f8,弘前,40.59899,140.485708,青森県,弘南鉄道弘南線
fa8b95df-25a1-4538-bd3a-25e0f55bd496,弘前東高前,40.592301,140.488529,青森県,弘南鉄道弘南線
4610866c-574e-44fa-a696-c82c0f3e1706,運動公園前,40.589527,140.502875,青森県,弘南鉄道弘南線
99d0a2ae-3aea-41fd-b26a-6096d344bb72,新里,40.587445,140.519879,青森県,弘南鉄道弘南線
0b3c4328-1861-41b4-82e1-40282b251df0,館田,40.585135,140.538617,青森県,弘南鉄道弘南線
5905ad10-19d6-4dad-857c-c9355d6ad3cb,平賀,40.585044,140.561048,青森県,弘南鉄道弘南線
ce6cb223-1cdd-4817-a2d5-1c0abf3815b5,柏農高校前,40.601867,140.564367,青森県,弘南鉄道弘南線
7da5f1b4-2be6-4619-8c5c-907609ca0175,津軽尾上,40.613869,140.576068,青森県,弘南鉄道弘南線
88b7271c-0f13-4de0-839b-fdd5f5081b23,尾上高校前,40.627634,140.576806,青森県,弘南鉄道弘南線
85b1f455-4d8d-4d88-a475-d425c9af83e0,田んぼアート,40.632833,140.573694,青森県,弘南鉄道弘南線
23656ce9-4923-46f5-8f06-8970f952f5c0,田舎館,40.637274,140.57097,青森県,弘南鉄道弘南線
516d6985-f4e9-42bc-850e-e0898d0515a6,境松,40.648609,140.575691,青森県,弘南鉄道弘南線
acd3b880-2e6b-415a-b408-26489ee0968a,黒石,40.648342,140.591045,青森県,弘南鉄道弘南線
db28da8a-ac44-4782-8991-196287dcb471,大鰐,40.52182,140.566822,青森県,弘南鉄道大鰐線
48e26997-0147-4c08-9477-3eab92aab6c2,宿川原,40.525153,140.557559,青森県,弘南鉄道大鰐線
969f8d70-1827-4f2e-9615-246c21550607,鯖石,40.53561,140.5527,青森県,弘南鉄道大鰐線
b0779c6f-9ac7-4329-af9d-3fedd3cca1b2,石川プール前,40.543292,140.550278,青森県,弘南鉄道大鰐線
7a548d06-d7e9-4047-86ab-4af1a1e8df92,石川,40.550967,140.541337,青森県,弘南鉄道大鰐線
f691a965-9df7-44b9-8e68-109d8c17c6cb,義塾高校前,40.555824,140.527461,青森県,弘南鉄道大鰐線
3f44ef71-1f32-4b39-b223-d3252c324acc,津軽大沢,40.557865,140.516392,青森県,弘南鉄道大鰐線
7f9490cd-e95a-4448-b5db-1e3bba0d5ab6,松木平,40.560677,140.497097,青森県,弘南鉄道大鰐線
e09fd60d-098c-4864-bf27-802e4796366a,小栗山,40.564276,140.486704,青森県,弘南鉄道大鰐線
3a27aa02-9ca0-4b52-84a8-7654219f118d,千年,40.567387,140.480282,青森県,弘南鉄道大鰐線
85beb9ca-d7f2-4349-8eaf-5b6b86f67d0f,聖愛中高前,40.577202,140.47269,青森県,弘南鉄道大鰐線
7d02642a-50d2-4502-9e0e-c855f59e83b1,弘前学院大前,40.583363,140.470654,青森県,弘南鉄道大鰐線
e45c0f41-2c75-487c-b727-21efbcee90bc,弘高下,40.593078,140.468212,青森県,弘南鉄道大鰐線
d476cc97-c741-4945-945d-4e2ff788afd2,中央弘前,40.599144,140.472203,青森県,弘南鉄道大鰐線
04c6d26b-3a15-466b-b66e-98a81e226b76,三沢,40.668498,141.353638,青森県,十和田観光電鉄
a94fdbb0-a574-4580-9adc-977d578beae4,大曲,40.648069,141.343038,青森県,十和田観光電鉄
3ccd6cc9-aed7-48d5-8597-fc5e5c2ec49b,柳沢,40.642973,141.320889,青森県,十和田観光電鉄
c95acf83-e9e7-4fcb-9674-cf4d840983f5,七百,40.643631,141.305855,青森県,十和田観光電鉄
018e5a2e-b8c9-4d35-9d6c-8bfc2abe1f16,古里,40.63877,141.28486,青森県,十和田観光電鉄
2fa68cf7-7250-416b-896a-f0133e780afe,三農校前,40.636861,141.267245,青森県,十和田観光電鉄
6635a1ce-7578-4dac-8769-d494baae37a5,高清水,40.635,141.259046,青森県,十和田観光電鉄
b75c6841-234d-4e39-9755-0ca0866ed6a6,北里大学前,40.628666,141.236837,青森県,十和田観光電鉄
d8767213-a4dc-4131-b00c-226e24556811,工業高校前,40.627338,141.22926,青森県,十和田観光電鉄
09755152-07fd-44c7-b602-2a9fc1b69325,ひがし野団地,40.626624,141.223714,青森県,十和田観光電鉄
cf234493-b797-432d-a8ed-3614c1b2d950,十和田市,40.623747,141.214062,青森県,十和田観光電鉄
aac722a0-3260-4d0c-8222-b51736ab1239,盛岡,39.701547,141.136599,岩手県,いわて銀河鉄道線
2480b896-f707-4d51-b704-07820895a485,青山,39.725029,141.118462,岩手県,いわて銀河鉄道線
2be0d1ec-724a-4683-a7e1-5cc1e153e5cc,厨川,39.744637,141.129354,岩手県,いわて銀河鉄道線
8d3afe70-46ca-4c41-97c0-1146054f672c,巣子,39.783345,141.148674,岩手県,いわて銀河鉄道線
28f6ba91-467e-412d-82c3-09076ee4ac7b,滝沢,39.798953,141.149362,岩手県,いわて銀河鉄道線
469e75b9-452b-4efc-a5f6-71ba875197a3,渋民,39.8348057661292,141.154489517211,岩手県,いわて銀河鉄道線
90fae435-eff5-4249-b844-a0616f595678,好摩,39.874037,141.173685,岩手県,いわて銀河鉄道線
46377fc3-dc77-44e6-999f-f1a195c98291,岩手川口,39.918696,141.199337,岩手県,いわて銀河鉄道線
7d15d32e-741d-4a96-aa82-7a29943e5ac1,いわて沼宮内,39.960155,141.216955,岩手県,いわて銀河鉄道線
cab391c9-426c-4b9d-afae-7d87f19aef38,御堂,40.004412,141.23703,岩手県,いわて銀河鉄道線
672db5ff-0b96-4270-8605-b3eb9dce03d9,奥中山高原,40.066235,141.22844,岩手県,いわて銀河鉄道線
9a2f0d27-6c2d-4037-9f8f-08c1e4cc83f2,小繋,40.123173,141.260437,岩手県,いわて銀河鉄道線
7c18ef2c-c8d5-4844-8ab9-603ed8589b8f,小鳥谷,40.171061,141.307735,岩手県,いわて銀河鉄道線
af32d551-e345-45bc-bcea-aa746cb31743,一戸,40.210092,141.297419,岩手県,いわて銀河鉄道線
8ff0f35b-8f02-40a6-b10b-a8650c2a180d,二戸,40.25997,141.286211,岩手県,いわて銀河鉄道線
1368d53d-be96-4798-a8b9-15c84bd1b2c9,斗米,40.285158,141.291123,岩手県,いわて銀河鉄道線
e769b3d1-39a8-4299-aaa5-e9260491cd83,金田一温泉,40.323503,141.303943,岩手県,いわて銀河鉄道線
77113ef5-e22a-49d3-8b2a-c065b9f72763,目時,40.351908,141.289504,青森県,いわて銀河鉄道線
f99c5829-2455-4f2b-a63b-137e019434a3,目時,40.351908,141.289504,青森県,青い森鉄道線
6b59557c-47eb-400e-a68e-dfc0cc9af07c,三戸,40.395941,141.27322,青森県,青い森鉄道線
47f4bd4c-5e80-49ab-8b43-24987c075398,諏訪ノ平,40.414889,141.304599,青森県,青い森鉄道線
bb4115fe-1110-437c-b4b6-6332743f5ed8,剣吉,40.449025,141.346805,青森県,青い森鉄道線
bf6a3490-13d1-46ad-aaeb-748980e7de68,苫米地,40.466926,141.374903,青森県,青い森鉄道線
f229012b-0c0b-444e-932d-ab2f38072547,北高岩,40.475126,141.405233,青森県,青い森鉄道線
bf325a47-b9fa-44ef-90da-5e44c16473bc,八戸,40.5092,141.431499,青森県,青い森鉄道線
c8870307-151c-4707-a35a-8375ff78227d,陸奥市川,40.563235,141.439308,青森県,青い森鉄道線
13c7022d-3183-4b9a-b9d7-c694a911a7e8,下田,40.591958,141.407965,青森県,青い森鉄道線
2aa512b3-5204-4c9f-8a74-f6bdb117a69e,向山,40.629544,141.370392,青森県,青い森鉄道線
3a234682-a840-4b19-a3e4-9a0b244abb33,三沢,40.669735,141.353649,青森県,青い森鉄道線
b1f50064-9f24-4770-9da0-44b6a8ad3f09,小川原,40.709893,141.29972,青森県,青い森鉄道線
d29b1de7-44cc-44d7-a57c-487dad75e197,上北町,40.732993,141.264801,青森県,青い森鉄道線
786873dd-c4aa-46d5-8420-085dc60effe1,乙供,40.780328,141.213039,青森県,青い森鉄道線
578291d4-f3b9-46ba-9948-d19e4c398e4c,千曳,40.804662,141.152876,青森県,青い森鉄道線
b47554e1-3f5b-4b8d-b67c-178328b88463,野辺地,40.855142,141.119603,青森県,青い森鉄道線
9bc4247c-97f0-4c96-83bc-c9363afc1e22,狩場沢,40.900335,141.071274,青森県,青い森鉄道線
89be1fc2-1899-4cd9-8a6b-95888e256f1a,清水川,40.921801,141.02465,青森県,青い森鉄道線
04649e2f-3093-4745-87c9-422d2c6fa156,小湊,40.929703,140.953953,青森県,青い森鉄道線
99883217-4eb0-4a3e-92c0-d9a28f7747a9,西平内,40.918138,140.913146,青森県,青い森鉄道線
651e551e-613e-4f06-9395-92cc65179c1a,浅虫温泉,40.890976,140.862221,青森県,青い森鉄道線
03e47377-03cb-4d1f-9230-1cee40f3409f,野内,40.8461594833798,140.816906690597,青森県,青い森鉄道線
98b1097a-b049-4ad0-b863-b57f6d2c47ef,矢田前,40.833744,140.807151,青森県,青い森鉄道線
86ca84b6-9d49-449b-b0b1-399a5e9ac9db,小柳,40.818223,140.798149,青森県,青い森鉄道線
16bf210e-5d61-4d92-a5f3-a6cd210a1254,東青森,40.810402,140.782143,青森県,青い森鉄道線
594a8d58-45a0-4d57-854a-baa1aea400ff,筒井,40.805556,140.77,青森県,青い森鉄道線
393ad0f2-23c3-46e9-995d-5ecbc31c19d1,青森,40.828668,140.734738,青森県,青い森鉄道線
d5a8603a-a692-4156-a40f-596bce1e66f9,宮古,39.640287,141.946454,岩手県,三陸鉄道北リアス線
b365eafb-dd3d-4168-b8bb-fa54b56d2f8c,山口団地,39.648464,141.93284,岩手県,三陸鉄道北リアス線
d6763e26-8eda-4a17-b6a0-fc5d414b475b,一の渡,39.686895,141.94264,岩手県,三陸鉄道北リアス線
5bb8ff98-f80f-4f14-a441-780a9ebf63bd,佐羽根,39.711131,141.935868,岩手県,三陸鉄道北リアス線
69ee58ef-39f9-4a8f-aef0-f2320969b549,田老,39.731848,141.964556,岩手県,三陸鉄道北リアス線
b1978816-ade7-4d0a-9dbc-efbbf4915afe,摂待,39.809453,141.962182,岩手県,三陸鉄道北リアス線
8cae1f0e-e163-4810-af9b-713182650e04,岩泉小本,39.842724,141.958453,岩手県,三陸鉄道北リアス線
ee1493cc-f2ee-40b3-bce8-97c5b3f70f75,島越,39.915737,141.93968,岩手県,三陸鉄道北リアス線
8c748c5b-ce2c-4079-8d1f-673e70b4eb9a,田野畑,39.934276,141.933847,岩手県,三陸鉄道北リアス線
64badf6a-8aad-49bd-b675-72d3bd5c7b82,普代,40.002492,141.886269,岩手県,三陸鉄道北リアス線
050869a3-e825-4e63-a1e7-14979cb619f0,白井海岸,40.032628,141.883121,岩手県,三陸鉄道北リアス線
8cfca447-7cbb-4af6-aaef-0329973bbe77,堀内,40.051895,141.859481,岩手県,三陸鉄道北リアス線
b6d18f47-c118-432e-a605-894cc0a78d45,野田玉川,40.082728,141.828874,岩手県,三陸鉄道北リアス線
45b46058-e5b4-45d8-a3c4-e42874f9f2a2,陸中野田,40.116115,141.81899,岩手県,三陸鉄道北リアス線
a145a18a-9cb6-4727-9d3d-bf1b843553ae,陸中宇部,40.132441,141.785904,岩手県,三陸鉄道北リアス線
4878d5c0-964b-4ea8-a99b-6c287549d604,久慈,40.190391,141.770891,岩手県,三陸鉄道北リアス線
86422a32-9c3c-4ef9-a82c-fb0bab1890a1,盛,39.086372,141.710734,岩手県,三陸鉄道南リアス線
4ff5b9b2-84e3-4b28-a89d-8319d0d9da9a,陸前赤崎,39.068623,141.741086,岩手県,三陸鉄道南リアス線
97b12dc1-dce7-4027-8440-77b1591c5744,綾里,39.054318,141.799012,岩手県,三陸鉄道南リアス線
f393b2d4-f1ab-4cf5-a625-a715b8653b57,恋し浜,39.07453,141.816365,岩手県,三陸鉄道南リアス線
75c6ace0-4ed5-4494-8e38-dd6dc1fa4500,甫嶺,39.093394,141.806571,岩手県,三陸鉄道南リアス線
b4aa9fb1-1c06-47af-90c8-99169480f9af,三陸,39.117194,141.809836,岩手県,三陸鉄道南リアス線
90f7d4f8-6ec2-4f2c-9a7f-b4c845f6c2d5,吉浜,39.151122,141.836382,岩手県,三陸鉄道南リアス線
603c78a5-a484-4019-a8c6-0c19317bdf1f,唐丹,39.201816,141.86123,岩手県,三陸鉄道南リアス線
2232d614-5ca9-4528-8e29-7729a501852d,平田,39.245686,141.885923,岩手県,三陸鉄道南リアス線
c4e35ce7-2ad8-4260-843b-77f3453c1a9e,釜石,39.273321,141.87267,岩手県,三陸鉄道南リアス線
dab6f8e8-7a77-4fac-9ebb-0a983818a268,鷹巣,40.232059,140.369816,秋田県,秋田内陸線
0e495d6c-fe2a-46c9-941b-97d888f6bd76,西鷹巣,40.224615,140.357918,秋田県,秋田内陸線
c0a36d26-d437-43d0-9437-92c535658b29,小ヶ田,40.204973,140.349206,秋田県,秋田内陸線
0713d691-3ecc-439d-97fb-65bdd49c7275,大野台,40.186975,140.340777,秋田県,秋田内陸線
c42a22ca-314b-4b33-a306-5892de21f7c4,合川,40.161033,140.330148,秋田県,秋田内陸線
7b07539b-b93d-4f25-936a-14dcdaefcb3b,上杉,40.146533,140.349495,秋田県,秋田内陸線
7385e128-bdf6-4740-abd2-4cfcea373bdf,米内沢,40.128199,140.373477,秋田県,秋田内陸線
98831fba-f0eb-4ef8-971c-23bdba002184,桂瀬,40.101634,140.417854,秋田県,秋田内陸線
f3ca5b3d-a639-4bb4-86bf-11c2f5224bb4,阿仁前田,40.061322,140.417731,秋田県,秋田内陸線
cab4f95c-44fb-4081-8850-002be80d73ba,前田南,40.050604,140.40227,秋田県,秋田内陸線
e4c4f360-7832-4e06-886d-966cd93943e9,小渕,40.033817,140.40117,秋田県,秋田内陸線
9a38f61b-7dc2-47f3-98dd-8e8097de4464,阿仁合,40.000782,140.401538,秋田県,秋田内陸線
966df792-3890-47b6-a36c-03e92d60c9da,荒瀬,39.980085,140.402486,秋田県,秋田内陸線
ed90d5ba-1bec-4bc0-a92a-a4611399ed51,萱草,39.95846,140.412528,秋田県,秋田内陸線
2bf0febf-994f-490e-b477-10a0b02849e8,笑内,39.935151,140.413071,秋田県,秋田内陸線
10883abb-b705-4dd6-b62c-6df0d7e05dd3,岩野目,39.921248,140.430639,秋田県,秋田内陸線
0151214d-b2cc-4a73-bdb9-7f96c085959d,比立内,39.905078,140.452643,秋田県,秋田内陸線
53b46dca-8043-4ad6-92f8-37f9d5349a2f,奥阿仁,39.911567,140.48946,秋田県,秋田内陸線
7f6f413b-3cd0-4c55-b412-fca32cb4da85,阿仁マタギ,39.91952,140.515793,秋田県,秋田内陸線
e2218674-e2b9-4ba5-aa13-b4fc260b6da7,戸沢,39.859084,140.581208,秋田県,秋田内陸線
fe8a97be-d494-4725-bb4a-8fc66a6aa2e6,上桧木内,39.815858,140.584937,秋田県,秋田内陸線
221c45c5-ab73-4115-8206-72b7225d34d0,左通,39.801867,140.586118,秋田県,秋田内陸線
81908622-254d-4646-8a86-73fce49674eb,羽後中里,39.771049,140.602775,秋田県,秋田内陸線
f64c9a18-70bf-44c6-8236-2f7f4366c336,松葉,39.744107,140.590288,秋田県,秋田内陸線
e126ae12-93dc-409b-9160-d66a20b3cde8,羽後長戸呂,39.727689,140.565383,秋田県,秋田内陸線
8e1407bc-bbda-4783-8aac-2e32305e8217,八津,39.687701,140.552805,秋田県,秋田内陸線
3f487061-99df-4be8-b1bb-30ec14637460,西明寺,39.653175,140.563191,秋田県,秋田内陸線
0beffcd6-7850-4d12-b83b-5df137304ba0,羽後太田,39.627304,140.574249,秋田県,秋田内陸線
ce8540e8-3b33-4f7b-afdd-d0dc64d9ac25,角館,39.591716,140.570988,秋田県,秋田内陸線
e7c1f295-e8f8-43a8-9c46-cd9b4a69fb33,羽後本荘,39.386877,140.057632,秋田県,鳥海山ろく線
16a9b8f3-d46b-400c-958f-c20d0558205b,薬師堂,39.368008,140.048788,秋田県,鳥海山ろく線
217da7b8-31f3-4b52-aeb0-3d05c3a06fd8,子吉,39.350399,140.059913,秋田県,鳥海山ろく線
06eb23c4-9a5b-4565-a2f4-ee071fa3436e,鮎川,39.328693,140.071254,秋田県,鳥海山ろく線
3f34d53f-218c-4371-af8a-694a62a647d1,黒沢,39.320388,140.093365,秋田県,鳥海山ろく線
88a4e60f-422d-49ca-8ba3-cd09dbcfdb54,曲沢,39.321081,140.102178,秋田県,鳥海山ろく線
144da810-aea0-4129-afe6-cb2cbafac97c,前郷,39.312649,140.112727,秋田県,鳥海山ろく線
4bcecb89-79d1-4604-8cff-8d2712b17928,久保田,39.296231,140.111067,秋田県,鳥海山ろく線
3dd9ed7b-da86-4107-ba00-27fe10476699,西滝沢,39.278319,140.116448,秋田県,鳥海山ろく線
ddeced2a-4dae-4d6a-adff-71499aa1924d,吉沢,39.268145,140.116323,秋田県,鳥海山ろく線
e8f48a7b-e032-4cf8-8f4f-feaeaa8da6f3,川辺,39.248842,140.12036,秋田県,鳥海山ろく線
a5ee869f-25cf-461a-82f9-5a0d3b92671b,矢島,39.230305,140.13897,秋田県,鳥海山ろく線
46e01afd-2748-41b2-8c4b-a5814875f5ef,赤湯,38.047081,140.148978,山形県,フラワー長井線
ea6eff23-d75c-411d-aacc-d7ab9b174c94,南陽市役所,38.056138,140.148569,山形県,フラワー長井線
50252457-777a-4fa6-a8ca-2a9a913cdc4c,宮内,38.070849,140.135293,山形県,フラワー長井線
bc24a5dd-b791-4259-b951-2e1bfc583d51,おりはた,38.066359,140.12239,山形県,フラワー長井線
b33566ef-1681-4538-847a-8ce725af7204,梨郷,38.057307,140.098051,山形県,フラワー長井線
3a159b81-e2a9-4377-aaa0-2a7e69265cde,西大塚,38.055489,140.064644,山形県,フラワー長井線
2a43e8f4-4fb8-4e0d-87b4-b89bac84fb47,今泉,38.056697,140.04412,山形県,フラワー長井線
a354114c-2f78-4a8d-a2a1-4b8e9bb1d757,時庭,38.076727,140.029498,山形県,フラワー長井線
9cde9780-c24c-4ee9-a62f-46c998c3273b,南長井,38.097592,140.034541,山形県,フラワー長井線
7a8ac0b0-f6c1-4cc6-b3cd-1decd27bd3d9,長井,38.106505,140.033486,山形県,フラワー長井線
88babe5f-3e2d-4842-98ca-595a2a0e156f,あやめ公園,38.113971,140.032749,山形県,フラワー長井線
bfddf901-511a-447e-b772-b6539df38e94,羽前成田,38.131038,140.034987,山形県,フラワー長井線
c217b697-cddf-4303-8456-ebf0092de9f6,白兎,38.149984,140.041013,山形県,フラワー長井線
9e811719-31d1-4070-b251-4ef4f968191c,蚕桑,38.161588,140.046757,山形県,フラワー長井線
6daa394a-5e51-4061-be61-b167170fbbff,鮎貝,38.182517,140.071095,山形県,フラワー長井線
b8ef8172-8cb2-4fc0-bd25-d55cd5d1a469,荒砥,38.188,140.097401,山形県,フラワー長井線
27b3509c-af24-4907-9c03-73d2361d192b,四季の郷,38.185763,140.077561,山形県,フラワー長井線
dae77595-d8c7-4286-a09f-b6137568af52,石越,38.769008,141.158803,宮城県,くりはら田園鉄道線
83ed8579-2849-4118-a9b5-8b7182f7793c,荒町,38.77729,141.148421,宮城県,くりはら田園鉄道線
05c4a278-7397-466f-badc-5a458d6d2313,若柳,38.774798,141.132245,宮城県,くりはら田園鉄道線
3a6b172f-44e5-4170-947d-6d3012cbe42f,谷地畑,38.78138,141.116518,宮城県,くりはら田園鉄道線
430d4ba9-0339-4d26-9764-711c67471760,大岡小前,38.785482,141.105414,宮城県,くりはら田園鉄道線
2832ba6b-6556-44b5-a407-3f57495309a7,大岡,38.790042,141.088629,宮城県,くりはら田園鉄道線
c2f70026-af74-48d7-bde4-a3b84f17288d,沢辺,38.798327,141.067292,宮城県,くりはら田園鉄道線
2ae38357-55f5-4663-9045-1cf959641ad3,津久毛,38.81834,141.035797,宮城県,くりはら田園鉄道線
3f6572fa-f6d0-498a-8dd7-780f2bc53039,杉橋,38.827428,141.02282,宮城県,くりはら田園鉄道線
55e219af-b6d3-4ea1-bbfa-95f4f950d492,鳥矢崎,38.829833,141.011321,宮城県,くりはら田園鉄道線
a09dab57-c57b-469e-a2e9-3f92e68b3a74,栗駒,38.829793,140.991401,宮城県,くりはら田園鉄道線
c340e7f4-6ba2-46ce-bb77-24427582dd01,栗原田町,38.824854,140.985905,宮城県,くりはら田園鉄道線
57fd3e5a-c38f-4b05-be7f-718b9f1f1096,尾松,38.819649,140.975589,宮城県,くりはら田園鉄道線
d314f191-6943-448e-8463-928b0d4ad11c,鶯沢,38.809985,140.94878,宮城県,くりはら田園鉄道線
6c5aae60-2567-4680-ba0f-749af9dfb69e,鶯沢工業高校前,38.807049,140.9254,宮城県,くりはら田園鉄道線
65a52d64-65b2-4c13-ba38-56689384df61,細倉マインパーク前,38.803269,140.905825,宮城県,くりはら田園鉄道線
52711c61-40c2-4600-9071-3c20b788828d,福島,37.755388,140.460055,福島県,阿武隈急行線
124f9db2-f3ff-4183-9926-670167a6dc77,卸町,37.795472,140.479463,福島県,阿武隈急行線
8130ba23-9582-4887-bfd6-67168506d44e,福島学院前,37.798994,140.489095,福島県,阿武隈急行線
196a7748-6b44-43ac-a06a-7fa61d33b1f8,瀬上,37.802303,140.498397,福島県,阿武隈急行線
207d6136-35a0-4692-b653-fcfee3c87c0c,向瀬上,37.806683,140.510532,福島県,阿武隈急行線
b2f9dbc4-a875-48a5-987e-9ac84e755ee1,高子,37.808561,140.52755,福島県,阿武隈急行線
07c365fa-3701-488b-aa2d-6fa58d726b3a,上保原,37.809628,140.542749,福島県,阿武隈急行線
002ed560-4905-4c3d-9e95-1531400414cc,保原,37.81463,140.556651,福島県,阿武隈急行線
629f312b-517a-41ef-a7da-676ce40fff03,大泉,37.819966,140.566805,福島県,阿武隈急行線
1da9944f-cd5c-42e7-abd8-3b82c1fd3cad,二井田,37.828424,140.581151,福島県,阿武隈急行線
5141f136-3960-466c-8c24-79df24819b0a,新田,37.83776,140.592986,福島県,阿武隈急行線
2d47eb22-4c1e-4f50-b54f-6e262f946643,梁川,37.845815,140.603279,福島県,阿武隈急行線
7be8341b-64be-4782-a987-40ecbd16395e,やながわ希望の森公園前,37.857867,140.615552,福島県,阿武隈急行線
638548e4-218b-4725-b7b2-4546aef6e43b,富野,37.874788,140.62737,福島県,阿武隈急行線
32ae80d3-53c7-42d1-8a5a-f520e37077cf,兜,37.895375,140.646466,福島県,阿武隈急行線
a506ce45-abf8-4375-bf46-e4af15847dcf,あぶくま,37.913443,140.68576,宮城県,阿武隈急行線
4ae681b3-75f0-49b3-9d29-f73fc5214119,丸森,37.930641,140.761606,宮城県,阿武隈急行線
a71333f7-3cec-42f0-9bd1-bac8035f7f84,北丸森,37.943103,140.771832,宮城県,阿武隈急行線
0d0942f6-46a3-4826-9e65-73e74197c42d,南角田,37.964895,140.769578,宮城県,阿武隈急行線
58014230-de55-45e3-8352-480d304a0e19,角田,37.979282,140.772388,宮城県,阿武隈急行線
f6b1e193-45db-4b27-b3ea-7b5edf61820f,横倉,37.996999,140.776045,宮城県,阿武隈急行線
4a447016-1f33-48c0-8183-d73dd108e0f3,岡,38.019246,140.782755,宮城県,阿武隈急行線
995560dc-10f9-48ae-b9a6-172268282b75,東船岡,38.050095,140.789824,宮城県,阿武隈急行線
c6b23851-51ad-42f2-bbd8-bc9f6c2dbfe6,槻木,38.07864,140.809992,宮城県,阿武隈急行線
1097de65-69c7-49f1-98f0-e3f790d796e8,泉中央,38.323167,140.880796,宮城県,仙台市営地下鉄南北線
89e95dbc-dbc7-4550-a33d-1f96945e4e30,八乙女,38.312899,140.884037,宮城県,仙台市営地下鉄南北線
fe4398b1-67b0-45bc-9492-2084d180cd3e,黒松,38.303142,140.886285,宮城県,仙台市営地下鉄南北線
62e818fb-3801-44c4-9f01-46905e05a51b,旭ヶ丘,38.295593,140.883633,宮城県,仙台市営地下鉄南北線
900e0968-1bcb-476a-bc32-759a75fb6efd,台原,38.288524,140.878512,宮城県,仙台市営地下鉄南北線
5c1d1561-744a-473e-8bb5-23c0be67e182,北仙台,38.28245,140.868899,宮城県,仙台市営地下鉄南北線
9374de00-ad30-47f4-8ed1-299bcab831b6,北四番丁,38.272137,140.86907,宮城県,仙台市営地下鉄南北線
6ab8ca49-5442-401a-bb02-9f72a3ea2fd4,勾当台公園,38.266304,140.871292,宮城県,仙台市営地下鉄南北線
9ab3c945-28f2-4b59-b5e8-4af17c43b42f,広瀬通,38.262971,140.875736,宮城県,仙台市営地下鉄南北線
f4d85282-13fe-4266-bb97-b924dbae020f,仙台,38.259901,140.879928,宮城県,仙台市営地下鉄南北線
e10b6433-17c3-454a-967a-21791564512e,五橋,38.251861,140.881014,宮城県,仙台市営地下鉄南北線
5ac38a1d-2621-4186-b704-6ac0881dc6a8,愛宕橋,38.24729,140.882036,宮城県,仙台市営地下鉄南北線
840ea929-699f-4be6-8251-832060029654,河原町,38.241112,140.887702,宮城県,仙台市営地下鉄南北線
f7955ccd-7fcd-4a00-82de-122b6429f91e,長町一丁目,38.234085,140.887402,宮城県,仙台市営地下鉄南北線
21940473-d4df-47a7-9f17-f7c8e05aefaa,長町,38.228244,140.884842,宮城県,仙台市営地下鉄南北線
7b52d7b7-8a5b-4af2-9ab9-d6e06de02589,長町南,38.224642,140.87657,宮城県,仙台市営地下鉄南北線
d17b6183-93b3-420b-8a15-8b3f8cb22a41,富沢,38.214087,140.87046,宮城県,仙台市営地下鉄南北線
b74ab21c-b687-42c6-ba16-f87ffbca4054,福島,37.754239,140.460012,福島県,福島交通飯坂線
4c551aa8-73cc-4894-8424-ae6c614a8e0b,曽根田,37.760289,140.459466,福島県,福島交通飯坂線
e5f81dd2-bccb-4ae2-8b6a-5ae73f8dfa88,美術館図書館前,37.767074,140.455246,福島県,福島交通飯坂線
b9de3516-4e7c-4920-8cc0-a96e4e15ec0a,岩代清水,37.776304,140.44743,福島県,福島交通飯坂線
a5b3bb8a-8e5d-42b3-853f-a93de40c0f47,泉,37.778551,140.445635,福島県,福島交通飯坂線
abd1e77b-d88f-4681-9616-a1f7318839bf,上松川,37.783619,140.441011,福島県,福島交通飯坂線
b37bf965-22dc-4ea0-9dcf-953b7def6f5b,笹谷,37.7873,140.439628,福島県,福島交通飯坂線
2f01cbc3-a516-4921-abef-2885d7f0523a,桜水,37.796682,140.441369,福島県,福島交通飯坂線
cf3ba6fe-ad2e-41ad-8780-17a573c8ab08,平野,37.805427,140.442781,福島県,福島交通飯坂線
4bb6e000-6211-4c61-b33d-79740e3ffe65,医王寺前,37.816544,140.446395,福島県,福島交通飯坂線
cd4d5d74-4432-4340-9e90-592dba2d80e9,花水坂,37.827043,140.450739,福島県,福島交通飯坂線
30ea9d7e-ef93-4c0b-afd7-ac4ee8348884,飯坂温泉,37.830265,140.454696,福島県,福島交通飯坂線
b3c9f9c5-518f-4705-a461-5e7e1049b393,西若松,37.486034,139.914172,福島県,会津鉄道会津線
4dc53766-5a7a-44f5-8fe0-732e45aa3f17,南若松,37.458876,139.914479,福島県,会津鉄道会津線
ca419f3d-ebd8-4769-8e22-9754b7297e7e,門田,37.442616,139.913769,福島県,会津鉄道会津線
cb60e7af-88e5-4465-b09f-c62c8bcfd51c,あまや,37.416736,139.917661,福島県,会津鉄道会津線
7a43cb41-6863-47ea-9cd6-d70ae1bf9900,芦ノ牧温泉,37.395456,139.932277,福島県,会津鉄道会津線
2820549a-03f5-49d6-826b-3a283774c2ae,大川ダム公園,37.34685,139.920806,福島県,会津鉄道会津線
3349ea85-54cc-4ece-b826-70ec8ede834d,芦ノ牧温泉南,37.334573,139.918668,福島県,会津鉄道会津線
bb2d2283-e22e-49e8-a71f-162679cf98a5,湯野上温泉,37.304056,139.895169,福島県,会津鉄道会津線
a8898d3e-4f74-4085-8afa-ca54fb599c94,塔のへつり,37.274695,139.901636,福島県,会津鉄道会津線
615aa32f-d0dc-4764-8c0e-83bc37e33410,弥五島,37.26629,139.889924,福島県,会津鉄道会津線
592abf82-51a2-4549-bfcf-ff76f7c54c93,会津下郷,37.255166,139.864937,福島県,会津鉄道会津線
9cb84acf-1f72-421a-8254-4ba60c01a92a,ふるさと公園,37.243051,139.858958,福島県,会津鉄道会津線
1cbdbe55-2b84-40bc-bd5c-1b88302a940a,養鱒公園,37.224499,139.841794,福島県,会津鉄道会津線
71fccc65-c27e-44e9-9f5c-569cf7e074d7,会津長野,37.21525,139.823887,福島県,会津鉄道会津線
58fdc70f-c9f7-499c-91cf-bdf4a7eb78d0,田島高校前,37.209525,139.800776,福島県,会津鉄道会津線
c0f3b897-2e54-4684-b1e3-97e39130046c,会津田島,37.203261,139.774279,福島県,会津鉄道会津線
135d9066-2f4d-47c2-a244-acbe03176a86,中荒井,37.180289,139.75096,福島県,会津鉄道会津線
1498d499-40f5-44b5-bd71-4814f7c6fbf3,会津荒海,37.153317,139.733683,福島県,会津鉄道会津線
6c316226-5af9-4a6d-b8b5-e64d4c25756c,会津山村道場,37.144787,139.732114,福島県,会津鉄道会津線
eec7d187-973e-41bb-8f45-4de903ca00b7,七ヶ岳登山口,37.124184,139.717388,福島県,会津鉄道会津線
dc05fa3f-8325-4aa6-83d9-b68336d71964,会津高原尾瀬口,37.090026,139.705153,福島県,会津鉄道会津線
4ba05a26-c678-4f32-b970-e775ea936d27,名取,38.173129,140.882771,宮城県,仙台空港線
fa489cf8-66cb-4dd0-bbc5-99ae9e9cd1e6,杜せきのした,38.165482,140.895738,宮城県,仙台空港線
9a86f821-b3e4-4758-8bc5-51395d697a4b,美田園,38.15965,140.917404,宮城県,仙台空港線
b048c48c-b611-4298-9e7d-1a056c7820ea,仙台空港,38.138122,140.930029,宮城県,仙台空港線
f979f7ae-5771-4c44-8f76-d26dc4d51ba2,八木山動物公園,38.242778,140.843472,宮城県,仙台市営地下鉄東西線
ad5412c4-549c-4c59-9dbf-8981a9d25313,青葉山,38.254972,140.835222,宮城県,仙台市営地下鉄東西線
fccffcb4-b56d-464f-a342-ad29ae42f68c,川内,38.260556,140.85,宮城県,仙台市営地下鉄東西線
d4781675-0bed-46f6-a27c-90e646dc36d6,国際センター,38.260167,140.856944,宮城県,仙台市営地下鉄東西線
f5f0881c-648a-43da-8510-2bc1a48704a2,大町西公園,38.258889,140.864167,宮城県,仙台市営地下鉄東西線
3efcb149-2149-4f43-b335-ba75cefdb499,青葉通一番町,38.259722,140.872222,宮城県,仙台市営地下鉄東西線
af025d77-bb0c-43fb-a0b1-7f4c11eeedf9,仙台,38.259901,140.879928,宮城県,仙台市営地下鉄東西線
31b82caf-2ae8-4284-b41a-79f713608569,宮城野通,38.258333,140.885833,宮城県,仙台市営地下鉄東西線
7a00e4ab-6d38-4cfc-b22e-7d8f92ce9751,連坊,38.251111,140.893056,宮城県,仙台市営地下鉄東西線
4834b5b2-022b-415e-87ed-346ba8a8c2f1,薬師堂,38.249583,140.906111,宮城県,仙台市営地下鉄東西線
f36cd4d3-6ce8-4fd3-b9e1-ae03dfaf28af,卸町,38.251528,140.920833,宮城県,仙台市営地下鉄東西線
ff9eb516-35c2-40f4-a0fb-2a21c5058416,六丁の目,38.250972,140.935556,宮城県,仙台市営地下鉄東西線
c99a6d51-9b25-45c9-89d7-e2e282735b61,荒井,38.244861,140.948611,宮城県,仙台市営地下鉄東西線
1986e7c3-7af7-4e2f-a9a1-34950485d4a0,都庁前,35.690551,139.69257,東京都,都営大江戸線
1387aa4d-198a-4ebc-9f17-94e0d7fa186b,新宿西口,35.693315,139.699155,東京都,都営大江戸線
398fe786-84b9-4c8b-9a57-d0cb6b295a1a,東新宿,35.69792,139.707549,東京都,都営大江戸線
32b8ac39-d85a-4872-85c6-630efae2e843,若松河田,35.699218,139.718184,東京都,都営大江戸線
1351e495-a969-4174-9797-d13c5df1faf9,牛込柳町,35.699518,139.725027,東京都,都営大江戸線
760bc87b-e4b8-45c4-9696-f099e461f83e,牛込神楽坂,35.700851,139.735802,東京都,都営大江戸線
8a11de49-f3cf-4544-8539-163a8e6be405,飯田橋,35.702927,139.744999,東京都,都営大江戸線
b6769a79-41dc-4486-bc79-2bfc7e69d48d,春日,35.709598,139.75325,東京都,都営大江戸線
f277bcf9-1fab-463e-8963-a66eaec22d31,本郷三丁目,35.707462,139.760095,東京都,都営大江戸線
a266fef7-47c7-4eb6-8828-30f2fdfc2778,上野御徒町,35.707893,139.774332,東京都,都営大江戸線
cd754ee6-1962-4522-b2d5-d29506ffd0df,新御徒町,35.707045,139.781958,東京都,都営大江戸線
f48c08c3-c216-4e5c-bdd9-4b2ee9c19706,蔵前,35.703236,139.790931,東京都,都営大江戸線
6dba0e7b-01b9-41f5-b8ca-7c8edfdcb768,両国,35.696881,139.797421,東京都,都営大江戸線
eb10bbab-9c5a-45a1-94fe-0d52ffedb8fe,森下,35.68796,139.797042,東京都,都営大江戸線
580403e7-b0d6-43bf-9a9f-9a9cf260097b,清澄白河,35.682105,139.798851,東京都,都営大江戸線
1fb1a850-eccc-46b4-83a2-a7fa4b036674,門前仲町,35.671851,139.796209,東京都,都営大江戸線
48aa23ae-1ec8-4bdd-bc83-a6811ccfa512,月島,35.664871,139.784233,東京都,都営大江戸線
52a73d56-e7af-478a-84e0-4bf464ebc540,勝どき,35.658507,139.776442,東京都,都営大江戸線
9f9f4a14-d086-4b36-b046-b2398e78edc3,築地市場,35.664895,139.766915,東京都,都営大江戸線
cf0b2684-0505-48ab-9c58-e48531dc2fb0,汐留,35.663703,139.760642,東京都,都営大江戸線
d49e2549-8695-4e3c-9e8b-c0da4d22bd1c,大門,35.656785,139.75466,東京都,都営大江戸線
d99f29a6-b39a-47b9-a57f-724023702666,赤羽橋,35.655007,139.743642,東京都,都営大江戸線
485da398-6a78-4bf0-8f3d-87b3e015e3c7,麻布十番,35.656503,139.736116,東京都,都営大江戸線
919db323-c417-43dc-a623-9ea6468e2363,六本木,35.663921,139.731567,東京都,都営大江戸線
cc1b62fc-620a-4eff-a2a5-55b34c6201a2,青山一丁目,35.672929,139.72396,東京都,都営大江戸線
a62410fa-76b9-4434-9c10-124205314868,国立競技場,35.679831,139.714932,東京都,都営大江戸線
7314cba0-d763-4360-ac0b-84c4076be8a3,代々木,35.683218,139.701666,東京都,都営大江戸線
d2a7e7af-08ec-43f8-9efa-1c46ee38a5e9,新宿,35.68869,139.698812,東京都,都営大江戸線
cdcdcc61-fd15-4564-97c8-5d4008759596,西新宿五丁目,35.689798,139.684304,東京都,都営大江戸線
cb0e9ec9-4828-487f-91be-943ab7bdd299,中野坂上,35.69709,139.682279,東京都,都営大江戸線
daa6c2a3-cc3f-43dc-81b5-571b3a108e60,東中野,35.706891,139.682987,東京都,都営大江戸線
4f3b71a2-f9ba-4542-98ac-937a64a54dce,中井,35.714035,139.686356,東京都,都営大江戸線
ff186958-52f6-4788-a3f1-df27ce86b25b,落合南長崎,35.723608,139.683303,東京都,都営大江戸線
687b51bc-0cc0-4014-ba6a-b01a6fcd4f9e,新江古田,35.732538,139.670653,東京都,都営大江戸線
8b153ebd-4b80-4038-8533-391dd3005a1f,練馬,35.737404,139.65477,東京都,都営大江戸線
1c96a40f-5dc4-4a34-b6c3-d12f251529b3,豊島園,35.742067,139.64911,東京都,都営大江戸線
81091052-03b4-4cc3-9fec-c87b98ce7df3,練馬春日町,35.751452,139.640236,東京都,都営大江戸線
9156a39e-b033-45af-b13b-a5755148c4b1,光が丘,35.758526,139.628603,東京都,都営大江戸線
86d27a08-22d8-4039-bc18-bae1a724129d,西馬込,35.586859,139.705942,東京都,都営浅草線
63ab16e0-b014-425f-965d-ec9fb9030b65,馬込,35.596435,139.711772,東京都,都営浅草線
bd4bedbd-4c8c-4356-a534-c398f04e1adc,中延,35.605769,139.713736,東京都,都営浅草線
c3430e1d-15af-40d4-bc3f-be51b7e61a41,戸越,35.614633,139.716495,東京都,都営浅草線
ef05f322-8155-4671-afcc-f92296ccbb7d,五反田,35.627102,139.724175,東京都,都営浅草線
fcb9061b-72a0-4467-b5eb-5b7fb2fc240a,高輪台,35.631679,139.730305,東京都,都営浅草線
a5525009-13cf-48bb-94f2-1e039cf845dc,泉岳寺,35.638692,139.74002,東京都,都営浅草線
8e50f192-e5c2-475d-ab07-6e6d8e914d0b,三田,35.64818,139.748775,東京都,都営浅草線
2986ea46-c112-4379-8230-355867dcaf25,大門,35.656785,139.75466,東京都,都営浅草線
f90c6d77-b888-40f2-bfbe-7daa3a44054b,新橋,35.665577,139.759451,東京都,都営浅草線
4e4f95f3-5120-4c1e-85a3-f69779a3346d,東銀座,35.669464,139.767253,東京都,都営浅草線
4b9045cd-1fee-4b5b-9f23-5a070ab3108f,宝町,35.675461,139.771767,東京都,都営浅草線
42d32875-b4a2-41c7-98cd-99cda21e08e7,日本橋,35.681688,139.775721,東京都,都営浅草線
f653b269-07fe-48fb-aaf9-ce884235527d,人形町,35.686307,139.782285,東京都,都営浅草線
5dc85d65-34e7-41b7-8362-562532a9ff08,東日本橋,35.692126,139.784821,東京都,都営浅草線
3d54ab4e-e843-4838-95a9-c4473e7e2efd,浅草橋,35.697451,139.786305,東京都,都営浅草線
4a47aca3-9ff6-4e2c-9305-38d0009afc88,蔵前,35.703236,139.790931,東京都,都営浅草線
404bc8bf-09c5-4cc1-ba37-f644710e3939,浅草,35.709461,139.79697,東京都,都営浅草線
39378e8b-41b4-4d2a-9e27-f6811fe7042a,本所吾妻橋,35.70858,139.804624,東京都,都営浅草線
44b49584-d912-40f4-b19d-311ba67789dc,押上（スカイツリー前）,35.710702,139.812935,東京都,都営浅草線
6dca4864-436e-49d0-9532-04a7516382cb,目黒,35.633272,139.7155,東京都,都営三田線
86f27dfc-5988-43da-8818-b96b7757f7b2,白金台,35.637917,139.726133,東京都,都営三田線
171a3544-4c2b-4a18-8e96-123724f00dcd,白金高輪,35.642903,139.734104,東京都,都営三田線
7a4d5566-c3ec-434f-be53-984a16286023,三田,35.64818,139.748775,東京都,都営三田線
ae0b62cc-5f91-463c-8ec3-86ca53229447,芝公園,35.654074,139.749824,東京都,都営三田線
f7bc6645-df80-4e97-8cb7-6db7befbc801,御成門,35.661215,139.751535,東京都,都営三田線
e54736ef-acf6-4bac-8b79-f14374d699e2,内幸町,35.66975,139.75561,東京都,都営三田線
58859e63-b3ee-453f-a9d6-0dbff4c0b850,日比谷,35.676036,139.759998,東京都,都営三田線
fbea017a-0619-495d-b2ef-fd5b2cbc61a3,大手町,35.684856,139.762959,東京都,都営三田線
c65546a6-cbaa-4227-aa47-b7de4f71ad40,神保町,35.695492,139.75812,東京都,都営三田線
21bfefb9-10d8-4cb5-9f99-57f726316915,水道橋,35.703398,139.75516,東京都,都営三田線
f84f87bb-1adb-4472-96eb-75fbf0b7b021,春日,35.709598,139.75325,東京都,都営三田線
78f27300-031d-4054-8b85-ec942f9c6717,白山,35.721408,139.752136,東京都,都営三田線
3c8799fe-9655-4966-8588-a09233c93862,千石,35.727957,139.744792,東京都,都営三田線
218db7bf-96e1-43a6-8c3b-65b36ad633b5,巣鴨,35.733502,139.738519,東京都,都営三田線
15c57640-4bc2-4665-8308-cb575f0315b4,西巣鴨,35.743508,139.728712,東京都,都営三田線
b2f1b456-83af-455a-9e5b-23224cd6e60a,新板橋,35.748785,139.720101,東京都,都営三田線
eca336ed-86bd-4fdc-bbaa-002c08fdd6ba,板橋区役所前,35.751284,139.710102,東京都,都営三田線
c90379b3-99e4-472d-90f5-e010f994c0e5,板橋本町,35.761339,139.705535,東京都,都営三田線
f289b689-5d4a-43a2-ac59-710b2206ae44,本蓮沼,35.768782,139.702324,東京都,都営三田線
418128cf-0cd5-4b89-ab17-c4f292475f7a,志村坂上,35.775725,139.69538,東京都,都営三田線
8c6cf16a-fc91-4fe9-8779-cb0a297aad72,志村三丁目,35.777391,139.685937,東京都,都営三田線
4cb7e2a4-bd8a-4896-868c-ef919961577d,蓮根,35.784335,139.678993,東京都,都営三田線
4d0c8484-24cd-46fb-8775-e9008c2c1339,西台,35.78699,139.673971,東京都,都営三田線
19bd2718-9edb-4395-85aa-b8659bc35351,高島平,35.789056,139.661216,東京都,都営三田線
cbd03564-354a-4c75-9218-111dee901cc5,新高島平,35.790189,139.654275,東京都,都営三田線
fd168e94-5007-4db3-944c-29e2eb457b2e,西高島平,35.791833,139.64594,東京都,都営三田線
f1062e17-e7b7-4b69-bf3d-702760eb34ae,新宿,35.68869,139.698812,東京都,都営新宿線
63ddaf19-243d-4864-8d8f-034912fba5e7,新宿三丁目,35.690616,139.706271,東京都,都営新宿線
2d1a4e4e-e121-40fd-b274-bfada7d26e85,曙橋,35.692402,139.722881,東京都,都営新宿線
63cdc6c7-a819-493f-8715-aa62fa2c470e,市ヶ谷,35.692594,139.735794,東京都,都営新宿線
0286a80f-1b04-430a-a962-1f8a2bb7acb0,九段下,35.695589,139.751948,東京都,都営新宿線
5602ad91-ff0d-4c2d-b056-65b91cbea9d1,神保町,35.695966,139.757606,東京都,都営新宿線
5e9d9df2-89fa-4524-b6d5-94c8384fb559,小川町,35.695487,139.767551,東京都,都営新宿線
d6b7ffc2-6e28-4d14-8e11-790055e0b2f7,岩本町,35.695534,139.775866,東京都,都営新宿線
2b735138-a8cd-4601-abf6-b0a8a4340b4e,馬喰横山,35.69212,139.782768,東京都,都営新宿線
c1fbcddd-d0cb-41cf-a753-23d84435d5a5,浜町,35.688516,139.788154,東京都,都営新宿線
c2ec6de4-4024-4cdf-aed3-e470ab33e737,森下,35.68796,139.797042,東京都,都営新宿線
f55e0777-d5b1-43e1-bc87-27bd88e497f5,菊川,35.688379,139.806016,東京都,都営新宿線
bcc03a0a-c5e3-4e07-8329-170ac3860f3b,住吉,35.689073,139.815681,東京都,都営新宿線
1c65a29d-be47-4885-ae3a-73ea38e9492f,西大島,35.689349,139.826206,東京都,都営新宿線
6aad0d20-f3b8-4e5f-b84c-5fd220fc1d0a,大島,35.689905,139.83565,東京都,都営新宿線
9c68b0a6-54bf-48ca-83ee-68d249a0a2bc,東大島,35.690355,139.845963,東京都,都営新宿線
c24f76fd-203c-4bc2-b51d-8884df380de9,船堀,35.683795,139.864258,東京都,都営新宿線
4c5de4ab-5bd7-4f37-a366-6da68e4ca56a,一之江,35.686055,139.882934,東京都,都営新宿線
238f99d5-552d-4c3d-be4e-065d86e50a4a,瑞江,35.693318,139.89761,東京都,都営新宿線
2f0728ab-e1ba-42fa-9e24-af98b84f1781,篠崎,35.706017,139.903698,東京都,都営新宿線
ca10d262-b7b5-48b0-914a-636a1d7cff2b,本八幡,35.722929,139.926628,千葉県,都営新宿線
66dda29e-a9f6-45ab-a96a-d843108c6457,三ノ輪橋,35.732248,139.791412,東京都,都電荒川線
66bbcdba-97d0-4ef2-8273-289a3f12ca7b,荒川一中前,35.733659,139.788988,東京都,都電荒川線
156c3aa3-5d36-48ec-8617-02764be06c96,荒川区役所前,35.73493,139.786456,東京都,都電荒川線
9905d437-fcb3-4ee8-b27a-133f09f3471d,荒川二丁目,35.738623,139.784696,東京都,都電荒川線
b4c8b1b4-8ee5-4315-ba43-8980a68fa727,荒川七丁目,35.741975,139.78417,東京都,都電荒川線
bda7bc9f-e748-4f43-88e5-ccf23e422b84,町屋駅前,35.74275,139.781145,東京都,都電荒川線
42b3f5cd-65a5-4453-a0e6-e95f68a0ce99,町屋二丁目,35.743837,139.776625,東京都,都電荒川線
cf008572-2761-494c-b56d-18d59c18d33e,東尾久三丁目,35.745398,139.774386,東京都,都電荒川線
739286e4-0f2a-4a52-9d90-6619aafe19c9,熊野前,35.749212,139.769204,東京都,都電荒川線
eed5e337-2ff8-4a8c-a4fe-7835311b59bc,宮ノ前,35.750135,139.764955,東京都,都電荒川線
41b308c6-90e6-4525-9b78-3c446609d08f,小台,35.750579,139.761779,東京都,都電荒川線
2fa5e1d5-55e8-4243-91ba-9e3d41da3522,荒川遊園地前,35.750744,139.757767,東京都,都電荒川線
b96e2440-a5e7-44cc-921d-f3425aaa8684,荒川車庫前,35.750909,139.752617,東京都,都電荒川線
664e28a2-d6e4-4387-b029-39079850fbc9,梶原,35.751162,139.747403,東京都,都電荒川線
8d4109d6-8f35-46a2-b48f-94aa0106a279,栄町,35.750909,139.742124,東京都,都電荒川線
f889f68a-5195-4b39-a547-c039539c7190,王子駅前,35.753199,139.737661,東京都,都電荒川線
355db605-120e-4f47-acee-52c22b9b5976,飛鳥山,35.750248,139.737382,東京都,都電荒川線
e8ae1b24-d094-442d-83b2-dec312b54467,滝野川一丁目,35.747374,139.735376,東京都,都電荒川線
1ca22b8b-0943-4545-bf3a-ab34437ad867,西ヶ原四丁目,35.744501,139.732779,東京都,都電荒川線
8443012e-aba1-41c7-a017-4e0efe6a8b7a,新庚申塚,35.741348,139.730451,東京都,都電荒川線
8415fa54-e911-4d6f-a90b-7622fad8ec3e,庚申塚,35.739563,139.729743,東京都,都電荒川線
8297cbed-6cdf-4788-bc0d-dba74d25c366,巣鴨新田,35.735488,139.727769,東京都,都電荒川線
96b77cec-d83a-45ee-ab2c-9eddf3baae4f,大塚駅前,35.732082,139.729593,東京都,都電荒川線
b0662b4e-e889-4599-83be-86c7dd74ff65,向原,35.728938,139.724894,東京都,都電荒川線
8b48c228-6ddd-4139-b90a-c5af0b8924bc,東池袋四丁目,35.72528,139.720012,東京都,都電荒川線
915d51ed-6442-4d07-8c20-bf11ac9d0878,都電雑司ヶ谷,35.724261,139.718006,東京都,都電荒川線
614784c3-1340-4f01-9e4e-a396f30c390d,鬼子母神前,35.720403,139.714916,東京都,都電荒川線
8bdc53d7-a161-4df5-b0df-f7b6d97f06ce,学習院下,35.716248,139.71247,東京都,都電荒川線
f51edda5-98c7-4ccc-baa0-91310cbf8540,面影橋,35.712981,139.714444,東京都,都電荒川線
f5ab8c5a-decc-4036-be92-e0945368aba4,早稲田,35.711848,139.718928,東京都,都電荒川線
927b42c1-6df4-495c-b30b-5653563b6640,羽生,36.170345,139.533949,埼玉県,秩父鉄道秩父本線
9f6c6665-ab0f-4611-b356-5d6bf498e00f,西羽生,36.17635,139.523986,埼玉県,秩父鉄道秩父本線
a1aecf4b-ab93-4535-a022-a585969ca536,新郷,36.171317,139.510474,埼玉県,秩父鉄道秩父本線
7e51bb08-f87d-475c-b160-d3b4371fb5de,武州荒木,36.162614,139.488569,埼玉県,秩父鉄道秩父本線
89640bdb-9a2f-4521-b4c2-ca28214e412a,東行田,36.147265,139.468394,埼玉県,秩父鉄道秩父本線
5daba7cb-3329-40bb-8c91-1c2866b963bb,行田市,36.143759,139.458851,埼玉県,秩父鉄道秩父本線
8e6584cd-ea6f-4286-86db-5c16a155c21f,持田,36.137615,139.44155,埼玉県,秩父鉄道秩父本線
a5e81f89-e0e6-4568-99a7-7ceee6ab3d9b,熊谷,36.139313,139.389542,埼玉県,秩父鉄道秩父本線
1d56cd7c-020e-4fb0-b682-b5664ae66958,上熊谷,36.142657,139.38134,埼玉県,秩父鉄道秩父本線
24a20538-e615-40ca-bd28-dd2200f17237,石原,36.147612,139.368901,埼玉県,秩父鉄道秩父本線
9ec8cb07-588f-47d2-99d6-dd82a016e579,ひろせ野鳥の森,36.146242,139.352086,埼玉県,秩父鉄道秩父本線
3f90fbc2-512c-42d6-b466-805c05d148f6,大麻生,36.144612,139.331859,埼玉県,秩父鉄道秩父本線
c0b01ce7-d60c-4112-b45e-da5f89a4e272,明戸,36.142958,139.303306,埼玉県,秩父鉄道秩父本線
a48ec24c-d0d9-4d1e-a157-60863861c3ad,武川,36.142197,139.281714,埼玉県,秩父鉄道秩父本線
52d616b7-106d-4ae6-9a11-2a174f595041,永田,36.135314,139.259516,埼玉県,秩父鉄道秩父本線
7affc560-4278-41ac-b418-f8126a3cf7ed,小前田,36.12895,139.222386,埼玉県,秩父鉄道秩父本線
bad5f607-2e73-4b54-9b7f-0af523b57511,桜沢,36.128672,139.206981,埼玉県,秩父鉄道秩父本線
0fba568f-e018-4934-ace0-b92ed09ae1ea,寄居,36.117801,139.194197,埼玉県,秩父鉄道秩父本線
817cef6b-46e8-4c19-af9b-df858a471ed5,波久礼,36.126728,139.158078,埼玉県,秩父鉄道秩父本線
5e53c2bd-76cd-47c8-956c-38357b4b0dd0,樋口,36.131076,139.122226,埼玉県,秩父鉄道秩父本線
0a5765b0-30a3-4165-8b07-a0e4813754b5,野上,36.11157,139.110865,埼玉県,秩父鉄道秩父本線
8a6d55fd-fe92-471c-84bf-ed3255dacb31,長瀞,36.095462,139.112346,埼玉県,秩父鉄道秩父本線
3bc51b9a-36be-4e20-af4f-78220ce83442,上長瀞,36.086169,139.11319,埼玉県,秩父鉄道秩父本線
b61b2fe3-7a2e-4ddd-b03a-a6a921dbea7c,親鼻,36.077539,139.106103,埼玉県,秩父鉄道秩父本線
7c452aee-6853-4637-b45b-74ffd7044f00,皆野,36.068682,139.09394700000001,埼玉県,秩父鉄道秩父本線
5048d4f6-8c50-443f-ba89-b4ccd06e2e03,和銅黒谷,36.046671,139.101666,埼玉県,秩父鉄道秩父本線
5b43f420-5bf9-4a54-8ca8-c1a7ccfa67f8,大野原,36.018586,139.094071,埼玉県,秩父鉄道秩父本線
ef432dc6-37ba-469c-b514-5e583ec1745d,秩父,35.99883,139.086044,埼玉県,秩父鉄道秩父本線
24644a60-7043-4504-b2bf-d51626a616c5,御花畑,35.992369,139.083614,埼玉県,秩父鉄道秩父本線
9c607957-7ba1-4731-93cb-f761c73c361f,影森,35.972015,139.068413,埼玉県,秩父鉄道秩父本線
f481c90a-215f-471a-b9c6-00530cf925f3,浦山口,35.963922,139.058134,埼玉県,秩父鉄道秩父本線
8d0769a7-cca2-46b6-a923-28cb4e0d79cd,武州中川,35.958347,139.035439,埼玉県,秩父鉄道秩父本線
601082cb-209a-453b-b5b3-305902cc09fa,武州日野,35.953867,139.021888,埼玉県,秩父鉄道秩父本線
7a16176c-fbef-4265-a936-bd479ad277de,白久,35.95895,138.993263,埼玉県,秩父鉄道秩父本線
3281a249-9135-4061-b0af-2cf8c8e13006,三峰口,35.960075,138.978706,埼玉県,秩父鉄道秩父本線
d45225cf-cea4-4661-ab00-28e8019cc3ee,赤羽岩淵,35.783417,139.722103,東京都,埼玉高速鉄道線
61bb6f5a-ef86-44cb-acb7-b4004474614a,川口元郷,35.800187,139.730043,埼玉県,埼玉高速鉄道線
bc5fce40-5d8e-4db3-bec3-6e28ea635568,南鳩ヶ谷,35.816839,139.736059,埼玉県,埼玉高速鉄道線
e6da1dbb-48a7-4156-9fde-fccd80979fb1,鳩ヶ谷,35.830859,139.735967,埼玉県,埼玉高速鉄道線
ea25dceb-45df-4da8-bb15-f2d72259fab0,新井宿,35.842974,139.737908,埼玉県,埼玉高速鉄道線
e3a33eda-0e2d-41ba-9532-3d3ed208423c,戸塚安行,35.858873,139.753689,埼玉県,埼玉高速鉄道線
ddfe498c-362c-4729-9400-7c8dbaf38cf9,東川口,35.876211,139.74398,埼玉県,埼玉高速鉄道線
2e111dfa-5cdc-423a-9570-af3df2dfb9f5,浦和美園,35.893677,139.72779,埼玉県,埼玉高速鉄道線
456ed039-5544-4d77-89f1-6f6f76b51eb4,大原,35.251097,140.390864,千葉県,いすみ線
e5c60b32-fcc9-4ee2-a1ee-6f8f63a09ff5,西大原,35.260407,140.378029,千葉県,いすみ線
0ebd93dd-b844-460a-9424-0bcdaa6981d8,上総東,35.263313,140.344974,千葉県,いすみ線
e463f431-e556-48de-bbd3-d494e4c3e2c5,新田野,35.276408,140.328081,千葉県,いすみ線
e595077c-586e-4cba-90da-8532e06e0773,国吉,35.280497,140.314046,千葉県,いすみ線
e1223bcd-54b1-48c0-8098-989cdba4b638,上総中川,35.282763,140.280636,千葉県,いすみ線
53a92a9a-e8fb-4acf-9508-d50b62fcddf7,城見ヶ丘,35.291741,140.252693,千葉県,いすみ線
6aeb717d-0ac2-428d-9097-60d184cad0f2,大多喜,35.286466,140.243833,千葉県,いすみ線
d1c89dbd-aea7-4587-92be-acd3aa1aad32,小谷松,35.268938,140.251142,千葉県,いすみ線
3292a5cf-711e-4f68-a86c-74fe677e788f,東総元,35.259314,140.247381,千葉県,いすみ線
9b179e4e-e0c3-45c3-9507-5e970a34a3d1,久我原,35.250265,140.247718,千葉県,いすみ線
59d2f9b9-8b08-4d40-8c1e-aa0a30ea8b9a,総元,35.240588,140.240413,千葉県,いすみ線
526153d6-26e3-4e1d-a185-76c6ca77ac5c,西畑,35.25051,140.215176,千葉県,いすみ線
272c5095-8c65-4dee-873a-69775245b8ef,上総中野,35.250051,140.199571,千葉県,いすみ線
f2808a29-6c96-49e5-beb1-072974c160f4,秋葉原,35.698889,139.774273,東京都,つくばエクスプレス
4abd099b-74d2-4a98-8d56-df93ed3d20da,新御徒町,35.707045,139.781958,東京都,つくばエクスプレス
d2fb62a4-ae83-4fb3-b64a-0c737c208d67,浅草,35.713817,139.79238900000001,東京都,つくばエクスプレス
025843ac-d366-42f5-9443-e877e1572ec6,南千住,35.732413,139.798783,東京都,つくばエクスプレス
628c8c28-4317-42cc-add5-b67f6dc2d55a,北千住,35.74949,139.805092,東京都,つくばエクスプレス
d703180d-2cd4-4287-9f31-082e6c581cc8,青井,35.771782,139.82038,東京都,つくばエクスプレス
0b0decf9-f117-4294-bde4-14f9fd22697b,六町,35.784963,139.821816,東京都,つくばエクスプレス
cb975712-cfe1-4477-8568-cf6fd0837da4,八潮,35.807905,139.845017,埼玉県,つくばエクスプレス
536a4024-1b09-47a7-b721-55ea724a019a,三郷中央,35.824514,139.878344,埼玉県,つくばエクスプレス
7d27a601-2cea-41f7-ad17-a334cdc66958,南流山,35.83869,139.903271,千葉県,つくばエクスプレス
cea5a08f-7049-4d1e-bd2a-4b0018ccf9f0,流山セントラルパーク,35.854552,139.915223,千葉県,つくばエクスプレス
1e85cb0b-3e7b-46b4-a8ac-cb92d2f71a68,流山おおたかの森,35.871799,139.925044,千葉県,つくばエクスプレス
9dcd5c17-a94c-4038-9478-f237e57e570a,柏の葉キャンパス,35.89308,139.952454,千葉県,つくばエクスプレス
6736389b-ec2e-4b62-9513-dc0bdfcff177,柏たなか,35.9109,139.957533,千葉県,つくばエクスプレス
e30af640-e061-4d5a-924f-cde4131685ad,守谷,35.950626,139.992209,茨城県,つくばエクスプレス
da11fa2b-96f1-4113-b61e-dc4b92803c32,みらい平,35.99514,140.038555,茨城県,つくばエクスプレス
8bd9f4db-8974-49aa-b271-3e20111bc3f1,みどりの,36.03025,140.056276,茨城県,つくばエクスプレス
84521636-4f2d-45ed-9635-d79e473efb49,万博記念公園,36.05841,140.059256,茨城県,つくばエクスプレス
da9ea925-6e92-4e36-80ef-9b7f4902192b,研究学園,36.0821,140.082256,茨城県,つくばエクスプレス
324850f6-8f52-4f15-ba8b-85086fef783c,つくば,36.0825,140.110604,茨城県,つくばエクスプレス
db1c2879-2163-4272-9e7e-6e6a4ad54b26,横浜,35.466372,139.622299,神奈川県,みなとみらい線
0a977dbc-a7b5-4336-a13a-6ec0b041f165,新高島,35.46192,139.626499,神奈川県,みなとみらい線
519304b7-7510-4d21-b6b7-4435fb255f44,みなとみらい,35.458028,139.632386,神奈川県,みなとみらい線
0e5f039e-06c4-49d0-a276-c41b593fd98e,馬車道,35.450135,139.636175,神奈川県,みなとみらい線
27ddb960-424c-4983-a96b-b12e160fb9ce,日本大通り,35.446821,139.642608,神奈川県,みなとみらい線
f8fa1898-0a22-4e63-9c03-405bc030293d,元町・中華街,35.44243,139.650446,神奈川県,みなとみらい線
9ff3d109-a320-4e25-91d7-8512806399dd,新橋,35.665503,139.759644,東京都,ゆりかもめ
6bd1c46a-be8a-4e94-8320-72d6564231d0,汐留,35.662871,139.759985,東京都,ゆりかもめ
561624fc-09c4-406f-9146-f01d3ff94289,竹芝,35.654099,139.762037,東京都,ゆりかもめ
122bc410-524c-464f-b59d-bc0b449a1bb3,日の出,35.649136,139.75906,東京都,ゆりかもめ
468adbdf-c38b-4e05-9986-880f62de8e09,芝浦ふ頭,35.641773,139.757852,東京都,ゆりかもめ
53e34175-94c1-4eb7-a073-8cbedf9d1ec5,お台場海浜公園,35.629813,139.778607,東京都,ゆりかもめ
276ee8b3-935d-48be-834e-bc976e36829f,台場,35.625908,139.771435,東京都,ゆりかもめ
6db94ab4-c156-4b7d-ac9e-1d3f5ba037ca,船の科学館,35.621462,139.773157,東京都,ゆりかもめ
0b04457a-b4f4-4f57-98ce-0e03767896f9,テレコムセンター,35.617593,139.779327,東京都,ゆりかもめ
baf67ac1-2497-4312-9cee-ea65bde1d6c5,青海,35.62467,139.781132,東京都,ゆりかもめ
ff43a61b-f498-4701-848e-cb46abd998b3,国際展示場正門,35.630158,139.791228,東京都,ゆりかもめ
8cfa4472-04c9-4a4b-b687-aa8c872f3abe,有明,35.634596,139.793269,東京都,ゆりかもめ
1164eacb-1747-4591-921b-d2ac1cb7f6cd,有明テニスの森,35.639964,139.78888,東京都,ゆりかもめ
316d3457-3043-4ed5-bde5-12de3a3e3882,市場前,35.645684,139.78564,東京都,ゆりかもめ
ba41deec-0312-4fcd-9c3a-72ed7ab816c5,新豊洲,35.648718,139.789996,東京都,ゆりかもめ
468ac3af-dd47-47cd-81b5-36f341f10969,豊洲,35.653792,139.795414,東京都,ゆりかもめ
5396fe3e-24cd-4ee2-b28c-99fb108bcdd4,桐生,36.41109,139.33319,群馬県,わたらせ渓谷線
bb97a657-f7b4-4588-9ac3-fe362ad95fdd,下新田,36.407776,139.315086,群馬県,わたらせ渓谷線
fc0bd604-d130-424c-b0de-1b871b6ea60d,相老,36.410216,139.304449,群馬県,わたらせ渓谷線
9cd0e941-50f2-4d98-a2f7-cb0b43b8d3e3,運動公園,36.42038,139.300852,群馬県,わたらせ渓谷線
c7a8d079-f017-48c3-9f6b-b1345a766416,大間々,36.434617,139.277559,群馬県,わたらせ渓谷線
ff66dc18-a2e5-40c4-bf15-bad6be41451f,上神梅,36.470053,139.257696,群馬県,わたらせ渓谷線
8eca3535-e729-45b3-aa24-4854cd61f961,本宿,36.481391,139.259306,群馬県,わたらせ渓谷線
ca2763f7-536d-4b92-ad7a-b9da1147930b,水沼,36.499866,139.277579,群馬県,わたらせ渓谷線
ddd3e1ff-d781-4653-8332-abf141363c90,花輪,36.520809,139.30769,群馬県,わたらせ渓谷線
363aba8b-4f0a-4db5-85eb-cfdb4d724ad1,中野,36.524243,139.317219,群馬県,わたらせ渓谷線
7d65bf96-98b3-4f13-81e7-9c0240254f13,小中,36.535644,139.337842,群馬県,わたらせ渓谷線
9370dc40-45ea-4e38-a26c-9e086370c028,神戸,36.537467,139.35653,群馬県,わたらせ渓谷線
e589331b-fe81-41b3-815a-b19f83f11694,沢入,36.58064,139.396314,群馬県,わたらせ渓谷線
c9615c15-d56c-4bb8-bc10-0e526d5303e7,原向,36.617284,139.420593,栃木県,わたらせ渓谷線
3b423aa7-2485-4c2b-9d42-8b78b5084888,通洞,36.636837,139.439671,栃木県,わたらせ渓谷線
4619b4e1-470f-4c80-b70d-14b7209f2a06,足尾,36.641853,139.447773,栃木県,わたらせ渓谷線
6b99aa20-19bd-444a-b5da-fafaf6d0475e,間藤,36.653507,139.450078,栃木県,わたらせ渓谷線
d80ee996-183b-4b99-9dbe-b2eeade942f2,ユーカリが丘,35.722247,140.157019,千葉県,ユーカリが丘線
3aae115b-1d35-42f8-9a16-94a3012f1ee8,地区センター,35.726225,140.155041,千葉県,ユーカリが丘線
26508fae-ba8b-42eb-a162-5c3b2ef89890,公園,35.730758,140.153755,千葉県,ユーカリが丘線
6d1ffe74-5e72-4fdf-a145-6f37701ae837,女子大,35.738357,140.155054,千葉県,ユーカリが丘線
4b01ebfe-17cb-40e5-b614-8a25f2d96085,中学校,35.740123,140.14841,千葉県,ユーカリが丘線
3f48718f-a844-414f-b62b-03adb3f74253,井野,35.732605,140.148497,千葉県,ユーカリが丘線
00e46d93-5de9-4020-b643-8f5cfccff3d1,小田原,35.25658,139.156474,神奈川県,伊豆箱根鉄道大雄山線
93106142-2860-4416-927c-88747cda337e,緑町,35.259226,139.158578,神奈川県,伊豆箱根鉄道大雄山線
52db8784-f36f-4e51-9ded-884bbd2f5f2a,井細田,35.268964,139.157397,神奈川県,伊豆箱根鉄道大雄山線
2a18276a-9286-4c58-b5f9-bb3f9bdc9b89,五百羅漢,35.27519,139.155758,神奈川県,伊豆箱根鉄道大雄山線
3b376408-7b76-4ae6-9594-f53ee78d4e21,穴部,35.279887,139.148787,神奈川県,伊豆箱根鉄道大雄山線
37edab7f-ad66-4fd4-b6cf-61c3e91941a1,飯田岡,35.287913,139.139109,神奈川県,伊豆箱根鉄道大雄山線
3c18da6d-adc1-476f-b217-eee5e5081f93,相模沼田,35.292334,139.133945,神奈川県,伊豆箱根鉄道大雄山線
669680bc-9883-4d19-9644-201d8e7a5f4d,岩原,35.298825,139.12879,神奈川県,伊豆箱根鉄道大雄山線
baad9c94-ce40-4562-b9ff-fc75d38bbe05,塚原,35.301305,139.126632,神奈川県,伊豆箱根鉄道大雄山線
2d094375-9afa-4e74-a4e2-e27efdf24c51,和田河原,35.31585,139.118684,神奈川県,伊豆箱根鉄道大雄山線
e9e94e0e-884f-477d-a754-50b18c0ca6c8,富士フイルム前,35.317657,139.109483,神奈川県,伊豆箱根鉄道大雄山線
cea82b8f-b4fa-41b6-a446-1ab49e07acf9,大雄山,35.319046,139.10365,神奈川県,伊豆箱根鉄道大雄山線
2bf67cef-9a32-4f7f-9591-d8b2afe34589,阿字ヶ浦,36.383529,140.61244,茨城県,ひたちなか海浜鉄道湊線
c9fe177b-2445-4fd4-95e6-0244844544f7,磯崎,36.37781,140.617934,茨城県,ひたちなか海浜鉄道湊線
4d0ecd1e-44a5-4003-b8d1-bf2c5ba2342a,平磯,36.357546,140.607575,茨城県,ひたちなか海浜鉄道湊線
b186a398-3194-4c58-80d6-64d88bfcf9e5,殿山,36.349497,140.601087,茨城県,ひたちなか海浜鉄道湊線
58dd0cb9-c533-4e16-80ef-06fbbff65c52,那珂湊,36.345453,140.587716,茨城県,ひたちなか海浜鉄道湊線
7b51840c-f74c-4248-8714-607fa840ad27,高田の鉄橋,36.352556,140.580028,茨城県,ひたちなか海浜鉄道湊線
0d7999f7-70b4-4966-ad5c-9ccc2977c00d,中根,36.367488,140.562138,茨城県,ひたちなか海浜鉄道湊線
7be429f7-2dc0-4d55-a122-84e959a497e5,金上,36.382319,140.534132,茨城県,ひたちなか海浜鉄道湊線
bdcbe722-f6f3-4093-b482-54d8250dce33,日工前,36.388099,140.524542,茨城県,ひたちなか海浜鉄道湊線
b0501ff8-a9ef-4606-aa6d-4f0515e87424,勝田,36.394033,140.524482,茨城県,ひたちなか海浜鉄道湊線
a152f9a6-6850-4fa5-ad24-f135f155ac54,あざみ野,35.568076,139.553694,神奈川県,ブルーライン
2396ae2f-fb7d-4c73-9b87-f89421a56a44,中川,35.562973,139.569846,神奈川県,ブルーライン
7d754020-647d-4609-af5e-542dc77da884,センター北,35.55353,139.578457,神奈川県,ブルーライン
55648b20-39bf-41b3-a3e0-45a38b1038b5,センター南,35.545476,139.574291,神奈川県,ブルーライン
bf8048f3-d142-4ea4-ba39-766f720e5ecc,仲町台,35.535258,139.589715,神奈川県,ブルーライン
110b36e0-4169-4963-bf78-114bc6fff480,新羽,35.527701,139.612065,神奈川県,ブルーライン
57a8c6e6-c0df-4822-8b7b-49a2a2191956,北新横浜,35.519271,139.612818,神奈川県,ブルーライン
e17a6c48-3ac2-4264-ab0f-93dd9fcb7dd1,新横浜,35.508588,139.617745,神奈川県,ブルーライン
e7d6bbf7-001d-463e-b237-dedbc5c25eee,岸根公園,35.496038,139.617065,神奈川県,ブルーライン
ba42394c-675b-46ef-b5b3-58fe31cc2e87,片倉町,35.490205,139.606511,神奈川県,ブルーライン
9a64550b-ffbc-48e4-bb36-f994f93e6a2f,三ツ沢上町,35.476526,139.605395,神奈川県,ブルーライン
6224a970-71bc-4e48-91d5-06689cda3e17,三ツ沢下町,35.476512,139.61481,神奈川県,ブルーライン
1797b0a3-aeae-48cd-9e23-e61a4cfb48b5,横浜,35.465826,139.619912,神奈川県,ブルーライン
bb005798-1f70-45b3-8632-99233ce9f7d8,高島町,35.458575,139.623743,神奈川県,ブルーライン
0b1d253e-8bf2-4c2d-b23f-c47bb95bc88f,桜木町,35.449667,139.630791,神奈川県,ブルーライン
f13b7c97-e1ee-47d1-847f-dcbf857a87f9,関内,35.445821,139.635855,神奈川県,ブルーライン
c5178c66-088a-4e50-a07a-93d108ea9e1f,伊勢佐木長者町,35.441044,139.633176,神奈川県,ブルーライン
a4adcd94-5b1c-4967-be18-d529a1575479,阪東橋,35.437434,139.624843,神奈川県,ブルーライン
ce1caed2-3377-4c43-9fab-28cacc3f013a,吉野町,35.435489,139.618455,神奈川県,ブルーライン
605bcbaf-c3fe-467d-9e57-31c2939bcf4b,蒔田,35.429935,139.610123,神奈川県,ブルーライン
ccc6d413-9df1-44e4-987e-7f9a814bef10,弘明寺,35.423294,139.602081,神奈川県,ブルーライン
7f441843-3351-4108-ba08-f46bbe067791,上大岡,35.408745,139.595901,神奈川県,ブルーライン
7dfbb0c9-ddb3-4374-bf16-1cd34b458214,港南中央,35.401049,139.590958,神奈川県,ブルーライン
d6c9fc55-d96a-484f-ac32-4e3a94ad9f75,上永谷,35.401391,139.572713,神奈川県,ブルーライン
dba7db10-4eff-4b4f-bf93-e1ce5e836e0c,下永谷,35.402677,139.559389,神奈川県,ブルーライン
8ad4791b-336a-4bad-ac86-b9f3a899000b,舞岡,35.402685,139.551509,神奈川県,ブルーライン
f9733a18-3341-4271-91b1-0eeaf0c27eee,戸塚,35.400818,139.534328,神奈川県,ブルーライン
03cb12f6-91b9-4a61-a2d7-43d49a7dbd48,踊場,35.405922,139.518058,神奈川県,ブルーライン
6a99802c-c0fa-4aa7-aac7-de982a1eec63,中田,35.411161,139.511301,神奈川県,ブルーライン
93a72feb-f998-4f2a-829d-7f70c5ec9912,立場,35.414296,139.500177,神奈川県,ブルーライン
972e0576-5c55-4ef7-b748-418c7a174d8b,下飯田,35.403503,139.483195,神奈川県,ブルーライン
bd32153e-b991-4adc-bd3f-ad9406872b2d,湘南台,35.396471,139.467283,神奈川県,ブルーライン
4fea6af7-8c31-42b1-b102-50dbe20c6040,新杉田,35.385919,139.620502,神奈川県,金沢シーサイドライン
d024efc9-c5f0-4e2f-8c0a-b1dc1d736230,南部市場,35.380192,139.633163,神奈川県,金沢シーサイドライン
45d3d5cd-bcef-4ce1-ae9f-3ea4847de4c3,鳥浜,35.377187,139.641704,神奈川県,金沢シーサイドライン
985da686-3246-48ae-b22a-bfd6542899c3,並木北,35.372015,139.642743,神奈川県,金沢シーサイドライン
7929e14b-943c-4b1f-b868-298229912868,並木中央,35.365505,139.642945,神奈川県,金沢シーサイドライン
237f8b61-8a8f-40fa-9c2c-050f986daa67,幸浦,35.358406,139.643706,神奈川県,金沢シーサイドライン
7b8eaad3-3dfd-4c34-8b9b-f6b31fd68ae3,産業振興センター,35.35339,139.646326,神奈川県,金沢シーサイドライン
695481d1-2a4b-4a00-ac24-1cfd291c8a7b,福浦,35.349627,139.648517,神奈川県,金沢シーサイドライン
8f02287e-d1e0-4512-abc0-927568e61281,市大医学部,35.343966,139.650156,神奈川県,金沢シーサイドライン
0ee928f8-e59e-487d-a34d-f41a242ef93b,八景島,35.340914,139.64079,神奈川県,金沢シーサイドライン
a720e7d5-a5a6-4b45-a205-a5f7f9bbbd42,海の公園柴口,35.342086,139.635846,神奈川県,金沢シーサイドライン
44e6808c-ad40-433d-a7c1-f663de59aadf,海の公園南口,35.337225,139.632096,神奈川県,金沢シーサイドライン
8d12928b-a209-4a9c-a0b9-2f25fa1ebf25,野島公園,35.330559,139.631524,神奈川県,金沢シーサイドライン
88c074e8-5a94-4b69-8b0a-16e32c738622,金沢八景,35.331285,139.622133,神奈川県,金沢シーサイドライン
659e0ae9-a95b-4e3c-8d66-939c70e28fb1,取手,35.89553,140.063004,茨城県,関東鉄道常総線
35fa3521-269e-4855-b8a4-3b0593e17a74,西取手,35.908584,140.059437,茨城県,関東鉄道常総線
4920aed5-06b8-4ebd-bad3-fa4accb31b2c,寺原,35.911825,140.054551,茨城県,関東鉄道常総線
0cf4edfa-bd80-4ab7-9e56-ad4ac4681b62,新取手,35.917657,140.0421,茨城県,関東鉄道常総線
fc0cc3b4-48b6-4dfc-ab30-a1dd8cbf4b9b,ゆめみ野,35.921129,140.034789,茨城県,関東鉄道常総線
fa265eb9-d128-4e5d-b686-aee3ceef52ba,稲戸井,35.926142,140.02269,茨城県,関東鉄道常総線
1aa9a9c5-0082-47f9-93e5-9b61da801550,戸頭,35.92951,140.014263,茨城県,関東鉄道常総線
0b4ca6bb-3be2-4646-98e0-aa38bb04823b,南守谷,35.934224,140.00212,茨城県,関東鉄道常総線
2a66cd05-09f6-42d5-bbe8-b90a33e236f8,守谷,35.950626,139.992209,茨城県,関東鉄道常総線
f816291b-ac4a-4266-8434-ed9421fc1e5c,新守谷,35.966344,139.985864,茨城県,関東鉄道常総線
e1cae205-c3bb-48e1-96bc-a496c06d8a34,小絹,35.981151,139.983328,茨城県,関東鉄道常総線
c129348e-ad25-4d21-814d-bafd714e7394,水海道,36.017828,139.99137,茨城県,関東鉄道常総線
3d97c1b1-0168-4101-a71a-85f65e0bf598,北水海道,36.032123,139.9928,茨城県,関東鉄道常総線
2d3d3413-c08a-4f1a-83ac-62849bcb31b2,中妻,36.047291,139.990714,茨城県,関東鉄道常総線
c021a9a3-647c-47eb-8102-9d8b86e78eb6,三妻,36.073507,139.983052,茨城県,関東鉄道常総線
a765f0c3-1630-4d37-b2a7-5e360c388db2,南石下,36.102262,139.973938,茨城県,関東鉄道常総線
8b2dcfbc-acce-444e-9761-4511ca686479,石下,36.117041,139.974323,茨城県,関東鉄道常総線
8846795a-b1aa-4fe4-802c-4d1d8c8eb58f,玉村,36.135499,139.969959,茨城県,関東鉄道常総線
efa3064c-90f3-4947-979a-d56f80f8bea7,宗道,36.153589,139.970573,茨城県,関東鉄道常総線
1ea60302-2e1d-440c-87f3-6133a2d039c7,下妻,36.182325,139.964461,茨城県,関東鉄道常総線
ab396c68-0cb7-49a3-b333-53554b41f606,大宝,36.203159,139.970193,茨城県,関東鉄道常総線
4e51e500-c533-4b0b-8fbc-57dd6da9bf68,騰波ノ江,36.223232,139.976274,茨城県,関東鉄道常総線
33e0e1b4-3e28-4c9d-85ca-ffb1d22aa9dc,黒子,36.247396,139.97514,茨城県,関東鉄道常総線
aee5a7d1-1752-463f-918e-1ac86dabfaa2,大田郷,36.278258,139.959724,茨城県,関東鉄道常総線
30010a17-9a39-4ee7-bf4f-9cef0e064978,下館,36.303959,139.978268,茨城県,関東鉄道常総線
2bf19aa1-7be2-47ed-8b41-76298acab571,佐貫,35.929636,140.138292,茨城県,関東鉄道竜ヶ崎線
016f2cb4-af5f-40e8-b9fe-4e7704e5d0e5,入地,35.91899,140.157266,茨城県,関東鉄道竜ヶ崎線
855acdc6-cb36-4c0d-92ea-25e833991ab0,竜ヶ崎,35.908586,140.178937,茨城県,関東鉄道竜ヶ崎線
ea55a683-5e45-49f0-8571-d52eb0aec65d,藤沢,35.337227,139.487293,神奈川県,江ノ島電鉄線
695e398e-1de5-491e-98e4-2dc400226531,石上,35.332482,139.485572,神奈川県,江ノ島電鉄線
e912e4a2-e590-4e85-9e3f-854fbde504b4,柳小路,35.327352,139.485189,神奈川県,江ノ島電鉄線
6c8bb96e-2f40-4f05-bc5b-8cabdb144a45,鵠沼,35.321447,139.482637,神奈川県,江ノ島電鉄線
99a2a463-f52c-4946-85fa-a01c92085880,湘南海岸公園,35.315203,139.4833,神奈川県,江ノ島電鉄線
2d84e249-3a46-41c1-a21d-9b21d4c37b1d,江ノ島,35.311003,139.487581,神奈川県,江ノ島電鉄線
260d7945-e493-495f-82ba-fde59c1d7c6f,腰越,35.308287,139.493286,神奈川県,江ノ島電鉄線
cf330088-cf59-4d32-9e0c-c3db4eaabe09,鎌倉高校前,35.306698,139.500535,神奈川県,江ノ島電鉄線
88e6dbd8-4d7d-4a2a-aefa-d5f6f746c181,七里ヶ浜,35.306243,139.510101,神奈川県,江ノ島電鉄線
91bae436-e239-4990-b7d2-34bd631c72ab,稲村ヶ崎,35.30426,139.522322,神奈川県,江ノ島電鉄線
404e72f1-e445-42df-9bd3-a270a91e6ec5,極楽寺,35.309318,139.528721,神奈川県,江ノ島電鉄線
120efd42-53eb-4558-8fd8-24aa7c5c3cb9,長谷,35.311265,139.536168,神奈川県,江ノ島電鉄線
59ce9a16-38a3-43a0-a8e3-140543b44dff,由比ヶ浜,35.312857,139.54157,神奈川県,江ノ島電鉄線
ab00aea2-3ac2-409b-9854-646342b1fe3c,和田塚,35.31372,139.545362,神奈川県,江ノ島電鉄線
23242ed4-80f1-40eb-9c0d-2779a77a7415,鎌倉,35.318491,139.550121,神奈川県,江ノ島電鉄線
ef091682-eef5-445a-aa14-9c5184af3ab7,大宮,35.90751,139.62254,埼玉県,ニューシャトル
026f9435-c7cf-4f3e-bdf4-7b749a9843d8,鉄道博物館,35.920271,139.617796,埼玉県,ニューシャトル
27481f17-35a0-4283-a5cd-11407751e1e8,加茂宮,35.93568,139.616688,埼玉県,ニューシャトル
89a7ef6a-de7b-4179-92eb-dd08ee2e8416,東宮原,35.94262,139.618054,埼玉県,ニューシャトル
1b4d82ad-0a23-4e05-a387-6d46847cc2a9,今羽,35.949941,139.619443,埼玉県,ニューシャトル
09b4cfdd-ae0d-443c-b11a-40445cc45567,吉野原,35.957065,139.620862,埼玉県,ニューシャトル
a8d3c887-22cd-4612-adc9-3e4169813cf7,原市,35.964072,139.622531,埼玉県,ニューシャトル
eb6640b7-ee38-45b3-ad04-df198e194270,沼南,35.971165,139.623481,埼玉県,ニューシャトル
82426453-0373-44a8-a5cb-b8227c35b31a,丸山,35.97989,139.624711,埼玉県,ニューシャトル
bd0440d4-4b6a-4510-8380-6e34917e0c1c,志久,35.991099,139.62228,埼玉県,ニューシャトル
7250c963-dcce-450c-9899-99b662d637d8,伊奈中央,35.999537,139.617094,埼玉県,ニューシャトル
a1175706-c5ca-48d9-b271-9182cd97e896,羽貫,36.007311,139.608608,埼玉県,ニューシャトル
a34bcaa5-ffba-4fe3-846c-c59dc3c2c407,内宿,36.014163,139.599878,埼玉県,ニューシャトル
7eeda25c-b4be-491c-94df-a0921d657259,鉾田,36.153277,140.507626,茨城県,鹿島鉄道線
cb7e687f-4b9f-44b4-b623-240aad647bac,坂戸,36.154959,140.48619,茨城県,鹿島鉄道線
04f9102c-7f95-4f06-a505-bfc175b38651,巴川,36.158009,140.472866,茨城県,鹿島鉄道線
a22336f0-3567-4370-a422-099f99188eac,借宿前,36.140983,140.457324,茨城県,鹿島鉄道線
74250ea5-9d4b-4567-8b59-7e35b62a25e4,榎本,36.127803,140.444328,茨城県,鹿島鉄道線
1eb70def-244a-4e6b-a14d-447d7c1358f7,玉造町,36.111787,140.412684,茨城県,鹿島鉄道線
92108ac4-7158-4df5-a849-3b7e38785853,浜,36.116586,140.400557,茨城県,鹿島鉄道線
5112edcb-c386-4f93-b3f0-5645ab616690,八木蒔,36.130268,140.393763,茨城県,鹿島鉄道線
7a196ec7-e503-4b3b-a2e4-633653a65fd6,桃浦,36.142894,140.377944,茨城県,鹿島鉄道線
d8011b4f-55f6-4517-bdd3-fb71f209d530,小川高校下,36.160922,140.357159,茨城県,鹿島鉄道線
b8940dd6-ab2d-4ba8-9b21-98c7020b55a7,常陸小川,36.166385,140.34974,茨城県,鹿島鉄道線
baf8a7e0-6560-4932-a86e-1d075d401fb5,四箇村,36.176451,140.331266,茨城県,鹿島鉄道線
7e6795d0-d0f1-4936-9b4c-3ee533fc9551,新高浜,36.178281,140.321697,茨城県,鹿島鉄道線
252a9466-a134-4fb8-9d68-97a139ca6c41,玉里,36.179614,140.314609,茨城県,鹿島鉄道線
8f556c12-66a7-4e94-bf15-17a657bf8a6c,東田中,36.181683,140.304102,茨城県,鹿島鉄道線
3ec409de-2424-4bbb-b4d6-03f6722b394a,石岡南台,36.183949,140.291722,茨城県,鹿島鉄道線
746f4414-4565-4fdd-99e8-f55e0f7a4f60,石岡,36.191554,140.279709,茨城県,鹿島鉄道線
11a587b4-87c3-4caf-8b2f-638d6050dd00,水戸,36.370911,140.47676,茨城県,鹿島臨海鉄道大洗鹿島線
79cd9de8-4cc5-4a72-8dea-f309028e51d1,東水戸,36.361746,140.516012,茨城県,鹿島臨海鉄道大洗鹿島線
f6119587-15d9-43ae-beaa-97f3e0e1925e,常澄,36.340683,140.558997,茨城県,鹿島臨海鉄道大洗鹿島線
453d067b-bc37-4a24-be41-579e5b1d2018,大洗,36.315342,140.562675,茨城県,鹿島臨海鉄道大洗鹿島線
181301f2-a8c3-4c6b-b491-22f1a27113e6,涸沼,36.266054,140.527356,茨城県,鹿島臨海鉄道大洗鹿島線
86581ac3-30f0-4ab8-877c-6f9de67c0ed5,鹿島旭,36.224658,140.512601,茨城県,鹿島臨海鉄道大洗鹿島線
58422fc0-61a1-4dab-99cd-ec43907a87b7,徳宿,36.190356,140.514441,茨城県,鹿島臨海鉄道大洗鹿島線
7876c943-7a90-4139-8983-95db3562c875,新鉾田,36.152697,140.520408,茨城県,鹿島臨海鉄道大洗鹿島線
b8d62456-31e1-484c-a78e-b9fdc70173d9,北浦湖畔,36.120453,140.536841,茨城県,鹿島臨海鉄道大洗鹿島線
ed901364-1c46-4baf-b13d-1062b332d0b3,大洋,36.108341,140.576413,茨城県,鹿島臨海鉄道大洗鹿島線
cf72525c-3c2f-49e8-8bec-87b5b5e4a8e7,鹿島灘,36.075568,140.596789,茨城県,鹿島臨海鉄道大洗鹿島線
73a19b1f-8fcc-473c-a59a-7eaa37fecb99,鹿島大野,36.050674,140.609855,茨城県,鹿島臨海鉄道大洗鹿島線
9d826cdd-289e-4558-9ab2-3863e84bccfd,長者ヶ浜潮騒はまなす公園前,36.031336,140.618849,茨城県,鹿島臨海鉄道大洗鹿島線
5625a7d3-fdf1-4bca-8c90-1c15e4e00c37,荒野台,36.016804,140.625194,茨城県,鹿島臨海鉄道大洗鹿島線
fc8f0991-e992-42e6-9559-c006c1c155c9,鹿島サッカースタジアム（臨）,35.992707,140.63606,茨城県,鹿島臨海鉄道大洗鹿島線
19e29f1a-24ae-4f24-aaf1-b1669689d007,鹿島神宮,35.970614,140.625676,茨城県,鹿島臨海鉄道大洗鹿島線
be551999-830b-4c16-b573-8bc1bafb1012,東成田,35.770091,140.387225,千葉県,芝山鉄道線
fd75f643-20e0-4f75-ae51-ee1f1e0ff0e0,芝山千代田,35.754248,140.399215,千葉県,芝山鉄道線
2c8ce30a-6992-46d3-8d71-2978224f5af4,五井,35.512985,140.089522,千葉県,小湊鉄道線
cf25ec11-24bc-49e0-8395-2ad81cd4008e,上総村上,35.496171,140.100355,千葉県,小湊鉄道線
bf48517a-c50e-4416-a0ea-061637354e97,海士有木,35.481729,140.124264,千葉県,小湊鉄道線
48b73241-c936-49a2-a0b5-d7abcb200086,上総三又,35.46592,140.12672,千葉県,小湊鉄道線
c0794bd8-d7fa-4a51-a289-031fb6526915,上総山田,35.454105,140.126128,千葉県,小湊鉄道線
bb692cd7-e014-4233-a8af-873487bd6865,光風台,35.439662,140.114174,千葉県,小湊鉄道線
87282b43-c351-499f-8f2c-b1111d64a0ab,馬立,35.423795,140.114719,千葉県,小湊鉄道線
67ee2703-0e59-417e-99e7-5496e959eb13,上総牛久,35.400213,140.142255,千葉県,小湊鉄道線
00ac26b6-e9f4-4fb3-b51c-4617398612dc,上総川間,35.388047,140.150968,千葉県,小湊鉄道線
ca7bc919-e82a-4c70-9ca5-d7cdc1cabd6e,上総鶴舞,35.381346,140.165006,千葉県,小湊鉄道線
74c6b5cb-6475-437c-8cee-e64920cb6020,上総久保,35.367481,140.154438,千葉県,小湊鉄道線
1a237f1b-9685-4162-8837-2baa2d066453,高滝,35.353074,140.150246,千葉県,小湊鉄道線
3f0de3fb-7969-4396-befa-6e38d11d8dde,里見,35.336685,140.145505,千葉県,小湊鉄道線
c0a7f0ed-a87e-40e8-b800-995a33e6165a,飯給,35.320512,140.142358,千葉県,小湊鉄道線
ac7bdacf-e0bb-46a0-b8b6-b4f314b0d659,月崎,35.302203,140.139394,千葉県,小湊鉄道線
da4c17a6-17d7-448a-848a-f3e1d63e1102,上総大久保,35.283367,140.145924,千葉県,小湊鉄道線
fce63ab1-f82c-4227-a8b2-090173c0d2d5,養老渓谷,35.266409,140.159382,千葉県,小湊鉄道線
e5e8d9eb-8cc8-490a-89e4-4a6e423692de,上総中野,35.250051,140.199571,千葉県,小湊鉄道線
10a2d7a1-096d-4970-a786-96e5a3beb1f8,大船,35.352359,139.531367,神奈川県,湘南モノレール
bc58f253-b1ba-4776-9766-940d34812855,富士見町,35.345389,139.529277,神奈川県,湘南モノレール
65d255ac-6faf-4eb5-bb68-3af82761b642,湘南町屋,35.337832,139.522666,神奈川県,湘南モノレール
9f28cb15-8ef3-423f-8884-943f973ad7e2,湘南深沢,35.332865,139.518903,神奈川県,湘南モノレール
a7228be8-3b02-4975-bfae-a302aa4fac34,西鎌倉,35.319383,139.504365,神奈川県,湘南モノレール
7107d244-5bc0-4384-85aa-ccd5fa9eb506,片瀬山,35.317256,139.496052,神奈川県,湘南モノレール
b4542340-7d9e-4731-9cf2-27f33c78561e,目白山下,35.31402,139.491533,神奈川県,湘南モノレール
2054be38-759f-4606-83a6-69130a607f82,湘南江の島,35.311867,139.487794,神奈川県,湘南モノレール
ba8dbbf0-51e1-4500-b875-3f2a47e29bb0,高崎,36.320826,139.012225,群馬県,上信電鉄
80ac6f61-2641-4e46-8a76-345fc1893ebf,南高崎,36.31247,139.012315,群馬県,上信電鉄
bdd034b7-72d9-4b1c-ab5e-aa9ab5d63a97,佐野のわたし,36.302389,139.018139,群馬県,上信電鉄
eddabc63-18e4-478b-9f55-3c00091a4588,根小屋,36.291114,139.019177,群馬県,上信電鉄
a1e6d3c0-3708-4c0a-97d2-a2db6e74a9d3,高崎商科大学前,36.284295,139.029654,群馬県,上信電鉄
1ac2bf49-1ac7-41ac-b811-32616e53c31f,山名,36.277587,139.038098,群馬県,上信電鉄
97cddad6-07d0-4eb0-9fbd-23e32a0798ca,西山名,36.270841,139.032046,群馬県,上信電鉄
a597ea71-bad4-4890-8add-0f3c29f11f39,馬庭,36.261428,139.009321,群馬県,上信電鉄
78408f40-0894-458d-bbc5-301dc1ca08e3,吉井,36.256036,138.984418,群馬県,上信電鉄
e9e11c30-787e-4896-92a7-9fcbf93a9804,西吉井,36.255753,138.965914,群馬県,上信電鉄
207324c3-cb21-4a0f-a882-e9a63b9eeaf4,上州新屋,36.256036,138.951776,群馬県,上信電鉄
437f5b57-e2ae-48c0-ab39-6843a8290b88,上州福島,36.256408,138.92944,群馬県,上信電鉄
bbfbcc8f-bc66-4047-b489-4a3bf322281c,東富岡,36.260816,138.901898,群馬県,上信電鉄
79752045-a192-4fdb-a7e7-bdc267e85329,上州富岡,36.26046,138.891851,群馬県,上信電鉄
7ef0b846-b6c0-44ee-9850-1477e5a5748c,西富岡,36.260182,138.882786,群馬県,上信電鉄
f796c3f6-d527-4f9d-92d8-12df91ad56f5,上州七日市,36.258666,138.874536,群馬県,上信電鉄
9805ce4e-494c-4d60-9abb-1dc3c12c4621,上州一ノ宮,36.253053,138.863924,群馬県,上信電鉄
7c93deaf-6e52-445a-a348-3e63aad3938c,神農原,36.242629,138.843835,群馬県,上信電鉄
adb0c054-d008-4f72-b56b-ec6158f37f65,南蛇井,36.23826,138.813838,群馬県,上信電鉄
5cde0d37-6e6d-4967-be9e-e75e715aeae7,千平,36.230021,138.798543,群馬県,上信電鉄
55eeab9f-3c7c-4c40-ad72-3f12b1df383b,下仁田,36.210484,138.786681,群馬県,上信電鉄
61f24c13-11d7-4afa-96f5-4d3dde99e53e,中央前橋,36.390915,139.07531,群馬県,上毛電気鉄道上毛線
d1ad8c9a-5a61-49ba-87f6-59eff4c3cc64,城東,36.391212,139.081124,群馬県,上毛電気鉄道上毛線
c6916636-5102-4d56-9ded-6d15590ad0bd,三俣,36.393748,139.089192,群馬県,上毛電気鉄道上毛線
845ad5f4-8ce0-4a8f-b0de-666584b75db2,片貝,36.393982,139.095597,群馬県,上毛電気鉄道上毛線
9dc04928-5a76-4dd2-8916-cf173518baaf,上泉,36.39419,139.106598,群馬県,上毛電気鉄道上毛線
4369015a-0e2b-4f64-9495-4a52c4360bd7,赤坂,36.39721,139.117324,群馬県,上毛電気鉄道上毛線
189f4d4a-e7be-4234-944a-48d03d2a0dca,心臓血管センター,36.40559,139.129614,群馬県,上毛電気鉄道上毛線
0b0333cd-6b93-42fc-9565-8a4aed9a59c3,江木,36.407209,139.133391,群馬県,上毛電気鉄道上毛線
836a5e21-d609-4415-a695-b03edc68deee,大胡,36.412673,139.156263,群馬県,上毛電気鉄道上毛線
8a624a81-ed73-48db-954c-5cb616c506c7,樋越,36.415459,139.173308,群馬県,上毛電気鉄道上毛線
eb33267b-23bf-48dc-9450-22130a0014d3,北原,36.413681,139.184604,群馬県,上毛電気鉄道上毛線
c0c3993d-a97a-40d9-978c-615461551cb5,新屋,36.413704,139.19657,群馬県,上毛電気鉄道上毛線
a63a27a9-680d-4246-9414-88e4372c334b,粕川,36.416818,139.210943,群馬県,上毛電気鉄道上毛線
e7615bca-9e9a-4dc5-a257-68c20df4ad30,膳,36.416821,139.22197,群馬県,上毛電気鉄道上毛線
2f58c62a-a52e-4c95-8733-af4cf45473b3,新里,36.418543,139.236949,群馬県,上毛電気鉄道上毛線
0f2f4580-0045-4bf2-b810-52552b1b3915,新川,36.418288,139.257536,群馬県,上毛電気鉄道上毛線
b62f15b5-861e-4184-a79b-03e89c19c6e9,東新川,36.422002,139.267591,群馬県,上毛電気鉄道上毛線
5a7855f1-1cb5-4d4c-ad00-bec88c00a766,赤城,36.425615,139.276784,群馬県,上毛電気鉄道上毛線
6ab89d75-82e1-4891-a229-3825fbeebdcf,桐生球場前,36.41928,139.297864,群馬県,上毛電気鉄道上毛線
c7ae1dac-156a-46e2-99e5-da4514cb4435,天王宿,36.414975,139.308054,群馬県,上毛電気鉄道上毛線
e4c8c567-7a51-4bdc-bcbc-f040b834ab83,富士山下,36.413992,139.315828,群馬県,上毛電気鉄道上毛線
7e98be3a-857c-42a5-9c2c-ce43f7a66dda,丸山下,36.416842,139.32128,群馬県,上毛電気鉄道上毛線
ac6add31-85a3-4c5f-bdc0-c0f9bbf95e10,西桐生,36.414142,139.33269,群馬県,上毛電気鉄道上毛線
dadb1b01-cc4d-42bc-947b-37a223196053,京成津田沼,35.68364,140.024823,千葉県,新京成線
b4202b37-1a6f-49f9-9eda-ad51968c4e1d,新津田沼,35.690184,140.023745,千葉県,新京成線
5b3ede98-cfc9-4404-b8f5-edbbe29f02c9,前原,35.700666,140.027542,千葉県,新京成線
9d5a707d-965c-49de-8e4c-96ce747c8930,薬園台,35.710271,140.037599,千葉県,新京成線
43324fa8-4221-4d0d-99fe-83b6930b0e96,習志野,35.715293,140.042787,千葉県,新京成線
eae22b4a-f57a-4db4-9dfa-9add0d9d4492,北習志野,35.721328,140.042195,千葉県,新京成線
de15fae1-aa50-4e49-a684-2a61bec57822,高根木戸,35.726625,140.034923,千葉県,新京成線
8d5db1fa-f4b9-4f22-a2df-f71a838aa325,高根公団,35.730436,140.029382,千葉県,新京成線
6123fb08-50e0-4a67-bf32-6e21c8f333ba,滝不動,35.737957,140.02622,千葉県,新京成線
84743e7d-6064-46fd-bffa-d429601f230a,三咲,35.749217,140.028514,千葉県,新京成線
300a67e2-f142-4610-bbe2-c1b10163ada4,二和向台,35.753825,140.023731,千葉県,新京成線
dc5d66a4-4f24-428b-9bd9-599dbe2ef8e6,鎌ヶ谷大仏,35.757827,140.013823,千葉県,新京成線
4b90c536-32b2-4ca6-8074-781b4711166e,初富,35.771992,140.000493,千葉県,新京成線
ed0b1f86-7a54-4c47-b8ca-15d7bb606342,新鎌ヶ谷,35.77922,139.998661,千葉県,新京成線
114c0709-0513-4a98-a74c-0d62ef10571b,北初富,35.776692,139.989811,千葉県,新京成線
a0645135-3dcb-47ae-9a5b-722cc1c91457,くぬぎ山,35.782343,139.975707,千葉県,新京成線
7f83e083-1e81-464a-bd09-1fcb3a20df98,元山,35.790229,139.975831,千葉県,新京成線
5fa36ad2-259c-46a8-8cb2-aefc1932ef6b,五香,35.797281,139.965796,千葉県,新京成線
71fd9725-d2f4-41aa-b354-7200c2bb341c,常盤平,35.803191,139.949522,千葉県,新京成線
1753bc06-cd6e-4dcd-ab66-70c82fdd0f65,八柱,35.791394,139.937362,千葉県,新京成線
f269da73-2788-458f-b619-07da30b17731,みのり台,35.789346,139.929466,千葉県,新京成線
c4aa78bd-2117-40b1-aa97-fa5de8abfb4e,松戸新田,35.790652,139.922833,千葉県,新京成線
4b16b4d7-776c-4f2f-8233-f2200ba4422a,上本郷,35.789524,139.916031,千葉県,新京成線
6372aa38-9037-4d01-b9b7-adc281629eab,松戸,35.784472,139.900779,千葉県,新京成線
69cb59a2-8255-48df-9fc8-cbd3807a12fe,下館,36.304275,139.978582,茨城県,真岡鐵道真岡線
66e2fe5a-8687-4210-b709-aea37aaa3a83,下館二高前,36.319137,139.972193,茨城県,真岡鐵道真岡線
343042f8-676f-43b1-b538-353388280562,折本,36.340684,139.971232,茨城県,真岡鐵道真岡線
a9bb8015-9c40-46cd-8ea4-8e697cf0654a,ひぐち,36.357882,139.970057,茨城県,真岡鐵道真岡線
9f4feafd-cc0e-4ebd-9994-0c224ae84fe8,久下田,36.37606,139.971756,栃木県,真岡鐵道真岡線
8fb89069-ff79-4526-bd7a-b7d1537df1e5,寺内,36.410876,139.980077,栃木県,真岡鐵道真岡線
5210ea9a-259f-4075-a097-d8634b915f7a,真岡,36.439144,140.002632,栃木県,真岡鐵道真岡線
0b3b7770-b6d5-4614-966f-b7562ba836a3,北真岡,36.44909,140.014061,栃木県,真岡鐵道真岡線
80eb1fc7-2700-4d38-8217-af83826e5476,西田井,36.453407,140.04876,栃木県,真岡鐵道真岡線
5737ea92-0afe-4ec8-9c06-c2f9479747ca,北山,36.455665,140.067708,栃木県,真岡鐵道真岡線
00c813fc-506f-4825-975e-c04a58222326,益子,36.462965,140.088526,栃木県,真岡鐵道真岡線
a5c7548c-5d8c-4d3b-b96e-dc87bef3e186,七井,36.491814,140.09439,栃木県,真岡鐵道真岡線
947831ee-911b-4940-9eb2-a4580a73f167,多田羅,36.515922,140.089795,栃木県,真岡鐵道真岡線
90c073a6-1b8f-4ec0-9530-4018bb429b1b,市塙,36.538029,140.110218,栃木県,真岡鐵道真岡線
9d4600de-298f-4d7c-9aa7-89eed4d080b9,笹原田,36.533911,140.144837,栃木県,真岡鐵道真岡線
722c6ca4-468e-4028-a61c-462c9c8d59d5,天矢場,36.529292,140.156109,栃木県,真岡鐵道真岡線
022a1a57-778d-4cec-84ee-d5e4d7d73155,茂木,36.530851,140.181382,栃木県,真岡鐵道真岡線
a8108300-6872-4e7a-9b40-1891dd4e163b,千葉みなと,35.607391,140.102495,千葉県,千葉都市モノレール１号線
78a2c0db-9263-4a2f-8581-e8f2f142af55,市役所前,35.606878,140.107757,千葉県,千葉都市モノレール１号線
9c569f11-f1e2-4d8c-9704-061755317739,千葉,35.612084,140.114136,千葉県,千葉都市モノレール１号線
c513cca0-1e41-4e76-872f-7aff269a4283,栄町,35.612822,140.118592,千葉県,千葉都市モノレール１号線
182860b3-4627-438f-ba1a-d1fd77784d46,葭川公園,35.608551,140.120142,千葉県,千葉都市モノレール１号線
f052b79c-20d1-48b3-8959-b13b3a6ac5f9,県庁前,35.603958,140.12222,千葉県,千葉都市モノレール１号線
825c1fdc-d1b5-472d-a26c-d31a830964dd,千葉,35.612084,140.114136,千葉県,千葉都市モノレール２号線
508f5008-cdf2-4e38-a3bd-a2516d7f2292,千葉公園,35.619774,140.117944,千葉県,千葉都市モノレール２号線
bf76397e-0207-4215-b9b8-1c46fdd2cb80,作草部,35.625806,140.115314,千葉県,千葉都市モノレール２号線
7fc84b0e-a327-4022-a2a8-be651ad6eb2f,天台,35.631447,140.112902,千葉県,千葉都市モノレール２号線
8518edea-19e4-4f1a-a59c-8bab2a146ac6,穴川,35.639645,140.111849,千葉県,千葉都市モノレール２号線
e0deff21-2865-49a0-9beb-3ffb5f99ef3d,スポーツセンター,35.643164,140.11611,千葉県,千葉都市モノレール２号線
1ab7cb5b-0b55-4115-8850-5e4bca85f5a1,動物公園,35.642585,140.125437,千葉県,千葉都市モノレール２号線
013f721c-982a-4f53-97ef-107f55aa8cbc,みつわ台,35.6387,140.134873,千葉県,千葉都市モノレール２号線
6ee2ce93-83b5-4289-a290-a208d3821fbf,都賀,35.635491,140.148736,千葉県,千葉都市モノレール２号線
ba165b23-3569-4393-ad62-f4ab339a9188,桜木,35.631308,140.160935,千葉県,千葉都市モノレール２号線
841d1ba1-6938-4e3a-b8eb-91dcee765c6f,小倉台,35.627755,140.171873,千葉県,千葉都市モノレール２号線
15db269c-491b-440e-bc60-40b97cbbf505,千城台北,35.627436,140.181972,千葉県,千葉都市モノレール２号線
acae5e60-a3a6-40d7-b48a-a3bf43c7698f,千城台,35.622314,140.18856,千葉県,千葉都市モノレール２号線
ceac6cff-2a77-491a-a940-9a6bb01c3fc2,馬橋,35.811949,139.917042,千葉県,流鉄流山線
2b7e0a7c-f39f-49d4-8784-0f71db8779ab,幸谷,35.826642,139.919912,千葉県,流鉄流山線
90569505-be38-4aa0-bb98-8d880b3e9c64,小金城趾,35.83601,139.916887,千葉県,流鉄流山線
e5c6f2f1-a389-4cb9-8745-84f7466f388a,鰭ヶ崎,35.840948,139.911121,千葉県,流鉄流山線
23b2c94e-1fc6-47ca-8f31-bb8a5bf5db7c,平和台,35.85123,139.901108,千葉県,流鉄流山線
39048b7a-810c-474f-84f2-0a302e13a72e,流山,35.855771,139.901766,千葉県,流鉄流山線
cd108449-32d0-4737-b295-067ec197299f,多摩センター,35.623724,139.422782,東京都,多摩モノレール
0dad2c15-406c-49a0-8d28-288e6e827897,松が谷,35.63169,139.422201,東京都,多摩モノレール
8329ca4f-99eb-480e-9a78-200a2ff96883,大塚・帝京大学,35.636878,139.416461,東京都,多摩モノレール
43c25ee5-cd86-4ab7-a2b6-e625e10a60b0,中央大学・明星大学,35.64197,139.408672,東京都,多摩モノレール
f2355d63-3447-4320-8c62-b891ae05d58a,多摩動物公園,35.648666,139.403672,東京都,多摩モノレール
6daaf912-8096-405b-8ebf-6c800766af3e,程久保,35.655093,139.410698,東京都,多摩モノレール
cc78a023-7e10-4934-8f26-a8e11793c273,高幡不動,35.66148,139.415184,東京都,多摩モノレール
524e7eba-8fe2-4d69-bd45-8bc1fc78f52d,万願寺,35.671249,139.420079,東京都,多摩モノレール
ea852dd4-df69-487d-a87f-0b03f4258b5b,甲州街道,35.678262,139.409191,東京都,多摩モノレール
d5e0e407-3f68-4ef9-a48a-1702c67af9dc,柴崎体育館,35.689475,139.409191,東京都,多摩モノレール
e62be3eb-acb0-4c17-8ed4-1076ff5a424a,立川南,35.696077,139.412546,東京都,多摩モノレール
365a6b69-9450-440b-a563-8fa67d45c442,立川北,35.699502,139.41254,東京都,多摩モノレール
0f5bc0c8-568f-4419-b1e7-8bcfec04bb7c,高松,35.710158,139.413242,東京都,多摩モノレール
776b05db-e9a0-4068-80de-1dc957cb6cd6,立飛,35.714717,139.417387,東京都,多摩モノレール
715796d4-d891-4329-9660-2c6ac31751dd,泉体育館,35.718775,139.419525,東京都,多摩モノレール
5e3897b6-aefb-4e8e-bf48-e712f0e51a5a,砂川七番,35.723319,139.418097,東京都,多摩モノレール
b2292002-8467-44ba-a500-0ff17e8fbd00,玉川上水,35.73223,139.417866,東京都,多摩モノレール
56285eb7-f74e-42d7-9a61-8fd86529e944,桜街道,35.739,139.416653,東京都,多摩モノレール
ca6db333-9519-48ae-93dc-0856ea7d1ed9,上北台,35.745824,139.415822,東京都,多摩モノレール
cc564aec-cb41-45eb-bf23-df1331c46cf7,銚子,35.729449,140.827557,千葉県,銚子電鉄線
4f0e7ea6-41cf-4b1c-ba44-31c50061c5e6,仲ノ町,35.728813,140.833871,千葉県,銚子電鉄線
95474f3d-5f4d-4fd3-8d2d-06f9d9b99cf1,観音,35.728952,140.840112,千葉県,銚子電鉄線
b42ed010-0e59-424b-9d0e-d77dfc63a28c,本銚子,35.731055,140.847844,千葉県,銚子電鉄線
c2c81870-19fb-412a-8a6a-2e3c690f88d3,笠上黒生,35.728427,140.856893,千葉県,銚子電鉄線
e36d9191-3a32-4d65-b384-a3548fac08ea,西海鹿島,35.725131,140.860207,千葉県,銚子電鉄線
034e8dea-7c50-4c74-b579-90c6e7897737,海鹿島,35.722089,140.863096,千葉県,銚子電鉄線
a3bdc252-03f5-435e-ac53-f7901ab4c36f,君ヶ浜,35.714093,140.860527,千葉県,銚子電鉄線
4a3dd52f-7a19-4392-945b-ca886fca46da,犬吠,35.706258,140.860935,千葉県,銚子電鉄線
5d758f14-4454-4e5a-8667-cb4e3ab72598,外川,35.699314,140.857322,千葉県,銚子電鉄線
48bff8ef-ddf0-4731-9333-d406bb4d6c17,浜松町,35.655666,139.756747,東京都,東京モノレール
88217137-1e98-4657-bda2-c427aa157798,天王洲アイル,35.622908,139.750675,東京都,東京モノレール
cc1dc0e9-fb84-4b9c-af75-47b08d6e5d9f,大井競馬場前,35.595006,139.74708,東京都,東京モノレール
2351af01-2d50-4e2d-86bd-aea039357b6d,流通センター,35.58186,139.748964,東京都,東京モノレール
901cdd84-fa45-43d0-9e32-d92e25226466,昭和島,35.570656,139.749918,東京都,東京モノレール
db2e2cdb-14d8-4c03-9d15-0fe1b9f584e3,整備場,35.555125,139.753366,東京都,東京モノレール
8d08584e-b9d4-42e6-be7b-fff5325bbb2f,天空橋,35.548908,139.75423,東京都,東京モノレール
0b7d8b4b-3247-49ae-8bcb-fdf1f24e623e,羽田空港国際線ビル,35.544169,139.768206,東京都,東京モノレール
0209d967-587f-4de2-b9dc-356d6ae0a8f0,新整備場,35.542773,139.786777,東京都,東京モノレール
bcfb0f18-e580-4d3d-b29f-b2e800087825,羽田空港第１ビル,35.549163,139.784653,東京都,東京モノレール
112998f8-7292-4f14-9e35-f93757dc7d25,羽田空港第２ビル,35.550734,139.787979,東京都,東京モノレール
0cd7d64a-7aeb-465d-9c6f-e45761ed089b,新木場,35.646172,139.827402,東京都,りんかい線
e07c69f0-a13f-4a83-940a-c976d085c1fa,東雲,35.640987,139.804395,東京都,りんかい線
e5707627-e4aa-4cdf-9380-dcdce11c9ac4,国際展示場,35.63441,139.791617,東京都,りんかい線
dd826cd2-8c30-4a48-bb82-3236dea4a8a1,東京テレポート,35.62753,139.778896,東京都,りんかい線
25c17f5c-e99c-4775-89c0-9dab35230728,天王洲アイル,35.620562,139.750793,東京都,りんかい線
c63cc95f-261e-4352-8991-20b4aefe4a6f,品川シーサイド,35.608524,139.749549,東京都,りんかい線
8957df0d-cbe4-48aa-909e-c59ab6a0013b,大井町,35.607535,139.735025,東京都,りんかい線
4863a62d-fa6f-47ba-986c-1cedf54e25d5,大崎,35.619772,139.728439,東京都,りんかい線
ff1abe63-9a13-4453-bc24-0aee5ceb88ec,西船橋,35.707127,139.958972,千葉県,東葉高速線
dd5096c3-8916-4e0a-a14d-ee781efa53f4,東海神,35.705888,139.980343,千葉県,東葉高速線
3ef7e6d9-246e-4ca5-be4c-9ca11af9fb06,飯山満,35.71407,140.0223,千葉県,東葉高速線
dba8bafd-309d-4e9a-842f-23d413bc5076,北習志野,35.721674,140.04236,千葉県,東葉高速線
0a42065c-8236-4260-a683-607e85af545d,船橋日大前,35.726931,140.058962,千葉県,東葉高速線
b35fc689-7f97-4f19-b87f-b7a47c5cd617,八千代緑が丘,35.728884,140.073461,千葉県,東葉高速線
c7087bbb-7aa8-42a7-b64b-30e6438afc49,八千代中央,35.727807,140.103713,千葉県,東葉高速線
8bfb253d-7c89-4d4b-ae4b-cd9beabaecb0,村上,35.72371,140.118375,千葉県,東葉高速線
2a88f066-753b-4d24-b669-346fe954427c,東葉勝田台,35.715458,140.126075,千葉県,東葉高速線
ea966fe4-138f-4347-be1c-a028e89f8a3b,小田原,35.256229,139.155396,神奈川県,箱根登山鉄道鉄道線
a79fca08-c8a8-4a6c-9a30-75c2333fbe89,箱根板橋,35.245169,139.145169,神奈川県,箱根登山鉄道鉄道線
25030aa8-1493-4767-9ec1-6cb29b65cb62,風祭,35.246229,139.129104,神奈川県,箱根登山鉄道鉄道線
64710a15-d5e1-4595-b6c4-60909262094c,入生田,35.240894,139.121244,神奈川県,箱根登山鉄道鉄道線
53cf684a-b049-40c9-846e-0379c183224d,箱根湯本,35.233555,139.103743,神奈川県,箱根登山鉄道鉄道線
abefc8ba-03cc-4b09-9bd0-a83977b5e489,塔ノ沢,35.234521,139.094016,神奈川県,箱根登山鉄道鉄道線
2e1025fb-cc73-43a2-b96e-5bb7c7adc904,大平台,35.238664,139.073849,神奈川県,箱根登山鉄道鉄道線
1cc3b9c7-35a4-4174-ba9f-c3f0e1ff1f85,宮ノ下,35.241913,139.063052,神奈川県,箱根登山鉄道鉄道線
c5f061f6-e0d2-467e-9f27-ff25fc1732a5,小涌谷,35.240374,139.053162,神奈川県,箱根登山鉄道鉄道線
8cbe380b-1b9f-467a-a0e7-91e986288f5c,彫刻の森,35.246529,139.050856,神奈川県,箱根登山鉄道鉄道線
2132ca75-f2e4-443a-b00e-6250c8e8f692,強羅,35.25085,139.048162,神奈川県,箱根登山鉄道鉄道線
4ecca3da-179c-4995-b40b-8190d8c4c066,京成高砂,35.750932,139.866875,東京都,北総鉄道北総線
e21cb099-a1c6-4624-8cca-5d3a7c013733,新柴又,35.75101,139.879376,東京都,北総鉄道北総線
f3b564c8-8877-4036-9a74-3bf85ba46e56,矢切,35.757503,139.899742,千葉県,北総鉄道北総線
984bbaa4-4172-44c5-8990-c266eb20cd1b,北国分,35.762916,139.914252,千葉県,北総鉄道北総線
32a29a82-cb8b-4c41-ac88-31d7e5e20465,秋山,35.765299,139.930723,千葉県,北総鉄道北総線
18c0644d-2b28-4a16-bdae-2d8a4b26388c,東松戸,35.769954,139.942957,千葉県,北総鉄道北総線
0b35e64b-d034-4e77-8190-dc43c5bc2b0b,松飛台,35.775377,139.957739,千葉県,北総鉄道北総線
958e5858-3c04-4f48-8844-c6cb8ab11d89,大町,35.775103,139.973567,千葉県,北総鉄道北総線
6a4f1b46-5a07-4e43-811a-54475103943a,新鎌ヶ谷,35.779481,139.998361,千葉県,北総鉄道北総線
b7adb238-e493-4fd6-be8d-c7ae9103011c,西白井,35.784364,140.031545,千葉県,北総鉄道北総線
a1d109a5-db1a-41e9-aa49-33d1e1d3b5d8,白井,35.784723,140.0541,千葉県,北総鉄道北総線
04814523-09a7-4b15-b68d-f2ba6f431ff7,小室,35.787004,140.076073,千葉県,北総鉄道北総線
03af29c6-1021-48e0-9698-8048fd003c93,千葉ニュータウン中央,35.800175,140.116159,千葉県,北総鉄道北総線
28835dd4-dcae-4be9-9390-a09723b966e7,印西牧の原,35.803608,140.166911,千葉県,北総鉄道北総線
b6ac18a7-fbea-4195-97b6-3f17b4855f04,印旛日本医大,35.787512,140.203112,千葉県,北総鉄道北総線
34aabb66-9f0c-4bfe-853d-40e52de80e23,新藤原,36.852505,139.732963,栃木県,ほっとスパ・ライン
5b263160-398a-4c75-b47b-05a551b0acf2,龍王峡,36.860909,139.718542,栃木県,ほっとスパ・ライン
cf1b1085-73d5-4ca7-8567-6674611d09ba,川治温泉,36.884036,139.703775,栃木県,ほっとスパ・ライン
70d98587-6bc0-4787-806e-34f8301d8085,川治湯元,36.895126,139.702772,栃木県,ほっとスパ・ライン
c22629a2-7b87-4463-b1b0-bd2b7974fd56,湯西川温泉,36.929482,139.68824,栃木県,ほっとスパ・ライン
f783017a-b68f-443f-a0a2-9753ca14ab7e,中三依温泉,36.985843,139.69614,栃木県,ほっとスパ・ライン
701853d4-50fe-4d3d-834a-fc5440993ca6,上三依塩原温泉口,37.014461,139.727168,栃木県,ほっとスパ・ライン
dc5622c8-dbb3-4e54-bdf3-8cea45b5b4ef,男鹿高原,37.04784,139.723845,栃木県,ほっとスパ・ライン
1eca7e0b-0368-4e95-9ab7-88160e888a82,会津高原尾瀬口,37.089949,139.705067,福島県,ほっとスパ・ライン
6de4fdda-6bef-4db8-9a91-32177c83acec,日暮里,35.727908,139.771287,東京都,日暮里・舎人ライナー
147002b1-8d79-4161-94b5-79573891c712,西日暮里,35.731954,139.766857,東京都,日暮里・舎人ライナー
207d0f64-1789-46e9-b797-ff22d181274b,赤土小学校前,35.742454,139.768989,東京都,日暮里・舎人ライナー
73009242-a096-4278-a9dd-8d9072b169bc,熊野前,35.748972,139.769695,東京都,日暮里・舎人ライナー
48a0a3ca-634c-4b60-9474-86000f7109f3,足立小台,35.754658,139.770381,東京都,日暮里・舎人ライナー
bb03110d-d6e7-477d-9e3f-f501ba4a6ecb,扇大橋,35.763897,139.770808,東京都,日暮里・舎人ライナー
89defaa2-6285-41f2-a504-929b7ce05605,高野,35.768359,139.770679,東京都,日暮里・舎人ライナー
d778b8e9-2d98-4c60-ac35-4d531a5a7c6f,江北,35.774021,139.770306,東京都,日暮里・舎人ライナー
61dcac34-a9d3-4d7e-8b48-e1bfebac7d70,西新井大師西,35.781505,139.770094,東京都,日暮里・舎人ライナー
d99fd211-31a5-4dfc-9b68-8aaf5ab6e841,谷在家,35.788774,139.770043,東京都,日暮里・舎人ライナー
a5ae621a-c916-48fe-8072-f4985d60849f,舎人公園,35.79623,139.770183,東京都,日暮里・舎人ライナー
25eede11-f682-4649-9dde-c4f3ed7af886,舎人,35.8057,139.770108,東京都,日暮里・舎人ライナー
79caf2b7-8826-4316-adff-afa43a29318a,見沼代親水公園,35.814544,139.770719,東京都,日暮里・舎人ライナー
9c3bcf93-14e9-43eb-b6db-a82a4ed0076e,中山,35.515029,139.54032,神奈川県,グリーンライン
6ea42cb0-df19-4437-8092-448030af93c3,川和町,35.52802,139.548745,神奈川県,グリーンライン
ddd759f2-7645-4dfd-b9fb-c740fd24ade1,都筑ふれあいの丘,35.536583,139.561359,神奈川県,グリーンライン
0c48e10a-df8e-44bd-9bb5-9175d9cacf0d,センター南,35.545863,139.574325,神奈川県,グリーンライン
c186cc97-0c36-4276-98b7-d6ca0a80c987,センター北,35.553534,139.578386,神奈川県,グリーンライン
6553d23d-09af-40b8-8a9a-9a89fb746c93,北山田,35.561077,139.592258,神奈川県,グリーンライン
63f87078-eac6-4a44-b4a7-d1a9b13e60b0,東山田,35.554302,139.604369,神奈川県,グリーンライン
aca7b92c-2faa-45fe-b8ce-dbecf7cc0484,高田,35.549713,139.619944,神奈川県,グリーンライン
a32f2418-ed1c-472d-87bf-34ce8e9b8ea8,日吉本町,35.549883,139.633554,神奈川県,グリーンライン
836b45fc-d88e-45c2-868e-fb762a0fe483,日吉,35.553313,139.647008,神奈川県,グリーンライン
34abdf76-ad56-4c64-9009-cb8389ceeca0,強羅,35.25085,139.048162,神奈川県,箱根登山ケーブルカー
455d3843-cee5-4b48-ace0-b53c23138173,公園下,35.249944,139.045639,神奈川県,箱根登山ケーブルカー
2743ef64-0740-4f03-8336-8ce0e867dbce,公園上,35.249083,139.043167,神奈川県,箱根登山ケーブルカー
98e6b3ec-34a9-48eb-bd7d-ee47e1e4ddc3,中強羅,35.248167,139.040556,神奈川県,箱根登山ケーブルカー
45d58998-8ff4-44f4-a641-9ee463bcadf0,上強羅,35.247306,139.038056,神奈川県,箱根登山ケーブルカー
658924bf-69cf-49d7-bb9c-993a8325e05e,早雲山,35.246444,139.035611,神奈川県,箱根登山ケーブルカー
5f8f0e74-2c80-48bb-8963-1265b2a1e04e,大月,35.612938,138.942248,山梨県,富士急行線
c0495597-7c76-4b0a-8d0b-d9b4c7bc1ebc,上大月,35.609341,138.938128,山梨県,富士急行線
9286e713-7705-4b0b-8c68-76cdb3fb026d,田野倉,35.593456,138.931271,山梨県,富士急行線
6d6bcf8c-174f-49b4-9145-a1a5c971bce9,禾生,35.575175,138.929191,山梨県,富士急行線
eb163019-718d-42b1-a2bf-d57e0f68f49c,赤坂,35.566093,138.916035,山梨県,富士急行線
d187e6e7-5abc-400a-b7b3-247d24d9813e,都留市,35.557199,138.907525,山梨県,富士急行線
aa7f1bd6-a4f8-4ef7-bfcc-6ca475192606,谷村町,35.550744,138.904631,山梨県,富士急行線
c326d680-7d29-4826-a7a3-1236e73e6545,都留文科大学前,35.542531,138.896438,山梨県,富士急行線
b6e40e06-f78a-4e7f-903c-9efc3bd2f5c2,十日市場,35.538881,138.887489,山梨県,富士急行線
a0455a81-f7b5-4b08-afb2-9cc8462c9c0f,東桂,35.536334,138.870758,山梨県,富士急行線
a268e859-3ec0-48e3-834d-0c8ca4616ee0,三つ峠,35.524291,138.84555,山梨県,富士急行線
b4695e69-fe18-4d51-b672-4250bd86a7d3,寿,35.508442,138.82558,山梨県,富士急行線
6f7f26ad-1e71-47cf-9870-1b4fc1085013,葭池温泉前,35.502084,138.812212,山梨県,富士急行線
e23bc643-60c1-42f2-b3f0-427896c14baf,下吉田,35.497909,138.80366,山梨県,富士急行線
6bbf3961-c3d1-43d6-a960-e37fdc8f3a1f,月江寺,35.493313,138.798105,山梨県,富士急行線
1be62a77-faf2-4e9e-828c-661592cdb8ab,富士山,35.483536,138.795686,山梨県,富士急行線
f4e5bc13-c6d3-48a7-ad6f-70883a9791ed,富士急ハイランド,35.488974,138.782048,山梨県,富士急行線
a00c95bd-2c39-4d08-971d-2a43fe817559,河口湖,35.498231,138.768852,山梨県,富士急行線
d1258dbb-e13d-43da-ba30-a7c824a0c481,六日町,37.067065,138.875872,新潟県,北越急行ほくほく線
55196a0a-3af1-4769-bf17-813ed454e592,魚沼丘陵,37.09614,138.877619,新潟県,北越急行ほくほく線
7c9f4550-c161-4a98-88c0-a3a64339bbe9,美佐島,37.130996,138.789774,新潟県,北越急行ほくほく線
8fd70884-fb58-4e79-8dea-40987bc81d39,しんざ,37.139675,138.768339,新潟県,北越急行ほくほく線
1b3d52e1-2a1b-420f-9242-3e91cf305f08,十日町,37.134562,138.756188,新潟県,北越急行ほくほく線
338acc17-b1fb-4373-b52a-52b6608e246b,まつだい,37.132209,138.613884,新潟県,北越急行ほくほく線
b86fbe84-36e8-4573-8e88-e01adfa02137,ほくほく大島,37.146997,138.509551,新潟県,北越急行ほくほく線
76718c67-b706-4df0-b83d-d2c227d9af9a,虫川大杉,37.154897,138.441409,新潟県,北越急行ほくほく線
fcc5a4df-7255-411a-95b6-bcad9baacdb9,うらがわら,37.159285,138.419047,新潟県,北越急行ほくほく線
3fe696bb-7bf6-4a8a-ac9b-7a01173a5e07,大池いこいの森,37.18442,138.373406,新潟県,北越急行ほくほく線
513dd5a4-fdc3-4e5b-98e1-cb4e7f6bf100,くびき,37.198168,138.361689,新潟県,北越急行ほくほく線
2a988675-4145-434b-87e2-3e73c20fcfa8,犀潟,37.210345,138.305154,新潟県,北越急行ほくほく線
1180a6d6-bb8a-47e2-9be4-54f9534e0a3a,軽井沢,36.342889,138.635096,長野県,しなの鉄道線
577ff247-726b-4d96-a14c-fe4d598369d7,中軽井沢,36.347576,138.593147,長野県,しなの鉄道線
44dce3b1-48b9-4810-90f1-a19ba2734797,信濃追分,36.335538,138.558582,長野県,しなの鉄道線
dc59d9f7-31c2-469c-b5f3-ed5c613445bf,御代田,36.318986,138.50619,長野県,しなの鉄道線
c04e1fc6-da81-48b7-b2f1-4c8ad97d508a,平原,36.308606,138.453926,長野県,しなの鉄道線
2589396a-a3d8-4488-8559-2e8ecfe33f97,小諸,36.326903,138.421715,長野県,しなの鉄道線
1d09ddae-8df4-4634-afde-333e926d6702,滋野,36.342586,138.363543,長野県,しなの鉄道線
f9f21675-874b-4879-9c3a-8fcadaea2718,田中,36.354433,138.329414,長野県,しなの鉄道線
5375a52b-0a33-4af9-b97b-dbcd74730f71,大屋,36.369566,138.297109,長野県,しなの鉄道線
1ce5ff1c-2301-495d-b0fb-dce8123b1eb2,信濃国分寺,36.378592,138.273385,長野県,しなの鉄道線
ac192b3c-4479-42a3-b25a-120b5745f109,上田,36.396579,138.249298,長野県,しなの鉄道線
bf33bd6b-dd9c-453d-b9a2-50c99a77f407,西上田,36.417318,138.20855,長野県,しなの鉄道線
9e89bbb2-80a4-45c0-afef-eeabe5c64b7c,テクノさかき,36.440584,138.188204,長野県,しなの鉄道線
6c42a32c-66ec-4439-bef3-6054d8279829,坂城,36.46195,138.181315,長野県,しなの鉄道線
371c20f3-81b4-4574-8af0-29ed2b00bd1c,戸倉,36.492913,138.153017,長野県,しなの鉄道線
5af36085-813c-4230-9c86-0a4abc333771,千曲,36.509039,138.141661,長野県,しなの鉄道線
14c966ee-8559-4611-82d9-259066bfd167,屋代,36.532062,138.128191,長野県,しなの鉄道線
f525ab47-2ded-41ad-b747-58bc787b3cec,屋代高校前,36.547853,138.132489,長野県,しなの鉄道線
a7e70494-b728-4724-b0c8-0f6f36f74474,篠ノ井,36.5771,138.138046,長野県,しなの鉄道線
41c4c909-f357-4a00-9119-7b9bfd5f9d90,今井,36.595732,138.145347,長野県,しなの鉄道線
307cf8c6-a5d7-4935-b9a3-5ba5e0457718,川中島,36.614167,138.150679,長野県,しなの鉄道線
fd301a26-c7e3-4143-9779-e7f399507584,安茂里,36.630262,138.161791,長野県,しなの鉄道線
0e1c43ca-930d-4905-8ca5-54b6f3dbd644,長野,36.643307,138.189101,長野県,しなの鉄道線
6bc9ae13-7daf-49ae-9f95-a9cd705ecd67,上田,36.396691,138.24882,長野県,上田電鉄別所線
cccb123b-2aa7-495b-835a-dc4693a4f577,城下,36.392454,138.242712,長野県,上田電鉄別所線
fe07b847-165c-4fba-bf44-380d7fa7805f,三好町,36.391712,138.235585,長野県,上田電鉄別所線
4ef63452-bc8a-4596-8c13-b653aa481142,赤坂上,36.391301,138.227224,長野県,上田電鉄別所線
6127b013-f9c4-42e9-90c3-90dd82cc9ee3,上田原,36.390488,138.221439,長野県,上田電鉄別所線
84389841-4d35-42ba-809b-367533ef6fc2,寺下,36.38388,138.21634,長野県,上田電鉄別所線
ae144e08-a28c-4cab-9ff3-9cf7d1b57b04,神畑,36.377841,138.216965,長野県,上田電鉄別所線
38fbb130-7faf-4df1-8a71-4a426dd9b260,大学前,36.371287,138.215171,長野県,上田電鉄別所線
eb9b0145-dd83-4f32-a2d8-632433022f39,下之郷,36.363249,138.217227,長野県,上田電鉄別所線
d896e23e-f950-4987-835f-a0f6b673ef59,中塩田,36.363212,138.204728,長野県,上田電鉄別所線
b6fd1e1c-859f-4075-9c61-94b0f7481029,塩田町,36.360888,138.198445,長野県,上田電鉄別所線
26d4a9c0-9aee-4eca-86d3-cc720b681e5f,中野,36.360654,138.193438,長野県,上田電鉄別所線
2ce70d88-fb90-411f-a006-f07a7531c69d,舞田,36.359621,138.18288,長野県,上田電鉄別所線
47480a0d-e6aa-4bc0-9b30-743a346294ef,八木沢,36.358365,138.175786,長野県,上田電鉄別所線
e532b14d-fbc5-4113-8105-3459bfe534b2,別所温泉,36.353121,138.161924,長野県,上田電鉄別所線
cc9befb4-7c21-461a-829c-a97ea4732953,長野,36.644341,138.188396,長野県,長野電鉄長野線
a8a87934-df41-4a66-9a6e-0d73c1877b74,市役所前,36.649141,138.191488,長野県,長野電鉄長野線
83d933cf-d673-4929-b2f7-f024dbc7c43b,権堂,36.653088,138.19188,長野県,長野電鉄長野線
c00a35ee-913b-4352-a3f3-02445718ea7c,善光寺下,36.658673,138.193513,長野県,長野電鉄長野線
2207370c-3270-4595-bd35-73d16d14a0c0,本郷,36.662567,138.204014,長野県,長野電鉄長野線
82150b65-c91f-405c-851f-9bb8e8212c4b,桐原,36.665642,138.21303,長野県,長野電鉄長野線
4cb639e7-ce98-4cc7-98b6-1dcabab18ed9,信濃吉田,36.667428,138.220904,長野県,長野電鉄長野線
476d251d-58d7-43c5-a8ba-a32b4bf8a7bf,朝陽,36.666326,138.240635,長野県,長野電鉄長野線
a3cf9a9a-f9fb-4105-8d5d-039e0937d1f7,附属中学前,36.662488,138.248298,長野県,長野電鉄長野線
4e557480-90ec-405a-ab35-ab3a3bbe91ba,柳原,36.663438,138.258317,長野県,長野電鉄長野線
48f8c4a1-61ad-40ae-aa4a-70e4986c0a45,村山,36.659295,138.279556,長野県,長野電鉄長野線
fb1e766e-e509-48a2-a280-ed355d9eecbd,日野,36.655621,138.289574,長野県,長野電鉄長野線
87714865-59a0-4b36-8281-10b38fdfa565,須坂,36.656841,138.304239,長野県,長野電鉄長野線
8b6ed905-a5d0-48c4-b46a-790206191853,北須坂,36.678283,138.308705,長野県,長野電鉄長野線
3ea08610-2c11-4ca0-90da-c27455a535a6,小布施,36.698942,138.312771,長野県,長野電鉄長野線
0027d9d3-2834-4bb9-86f0-2b9dd8ad027f,都住,36.704122,138.322086,長野県,長野電鉄長野線
0034bbc2-148a-4753-b765-32169823fdd2,桜沢,36.712641,138.349642,長野県,長野電鉄長野線
f36818f9-85b6-4b26-97c0-11665a8dfe32,延徳,36.726973,138.362693,長野県,長野電鉄長野線
3e011a45-3f8a-4b73-b150-2dae343cc71d,信州中野,36.74476,138.364901,長野県,長野電鉄長野線
2ad5fb90-a8aa-4f4a-a9ff-68fe35bfe0ff,中野松川,36.750615,138.374252,長野県,長野電鉄長野線
d092fd37-62de-4450-b408-3d7b3e98d751,信濃竹原,36.761045,138.393672,長野県,長野電鉄長野線
755bc139-e5b6-4c07-bf17-4eb2823dbe6f,夜間瀬,36.759998,138.403322,長野県,長野電鉄長野線
807a1767-7598-40e1-b3a5-000613f60bad,上条,36.749641,138.407619,長野県,長野電鉄長野線
ff5c195b-288e-4bf0-839c-4a13479ac330,湯田中,36.741659,138.414877,長野県,長野電鉄長野線
f4045ebb-873a-4db5-9bcc-6ca08fb0701b,屋代,36.531972,138.128534,長野県,長野電鉄屋代線
c8608ed2-8f8c-42e4-b74d-22944eb01c1b,東屋代,36.542321,138.132084,長野県,長野電鉄屋代線
b2425d58-07cb-4cda-821b-700b8d441555,雨宮,36.548865,138.14809,長野県,長野電鉄屋代線
1263450b-5d33-46c8-9ac2-4f55fca649c4,岩野,36.560628,138.162877,長野県,長野電鉄屋代線
2545356b-fafe-480e-8c11-d92fe2356043,象山口,36.561209,138.188596,長野県,長野電鉄屋代線
04993ad8-2034-44fd-af3b-2a2758c40e85,松代,36.565876,138.198083,長野県,長野電鉄屋代線
866f7db1-dfdf-40a8-b445-7621a32dff46,金井山,36.591282,138.201443,長野県,長野電鉄屋代線
4fcd4825-271b-4798-864a-8170b960deb4,大室,36.601024,138.223692,長野県,長野電鉄屋代線
02d7d248-88be-4193-ab87-fde8e188ae96,信濃川田,36.605488,138.238512,長野県,長野電鉄屋代線
49f4c2e4-1719-4906-a9b4-744cd3cbabb1,若穂,36.610779,138.252938,長野県,長野電鉄屋代線
bcd00fd9-940c-4da4-86e2-91655cba5243,綿内,36.625075,138.25961,長野県,長野電鉄屋代線
03c78cda-64f0-43e7-b881-5688e87e6d8b,井上,36.638376,138.280758,長野県,長野電鉄屋代線
f2ccd1a3-f240-4d88-b39a-0f1a6bde3e9b,須坂,36.656841,138.304239,長野県,長野電鉄屋代線
3ac71cc2-969c-478e-ab10-ccfc48cb20d0,松本,36.231081,137.963846,長野県,上高地線
231e88ac-b964-4536-947c-c81e5d30c35f,西松本,36.227111,137.963299,長野県,上高地線
d6d58d62-8bfa-42ea-b1e4-f7020836d2ca,渚,36.227169,137.956006,長野県,上高地線
a5351186-400f-4b51-bec5-126fe3841c18,信濃荒井,36.229019,137.949484,長野県,上高地線
d2b4fcfc-80a7-4ef8-b8e3-20b95c596feb,大庭,36.226961,137.941346,長野県,上高地線
ea08f066-9817-4897-b069-9046c89e496f,下新,36.22513,137.922564,長野県,上高地線
99acb76e-6601-45c9-8ede-acbe77108eb6,北新・松本大学前,36.219816,137.913823,長野県,上高地線
a94f6779-8545-43c7-952e-f36ccb396740,新村,36.216441,137.905304,長野県,上高地線
34c64cd9-a0aa-4aad-b1ce-a0cc1a6130ab,三溝,36.212863,137.891469,長野県,上高地線
613e0c53-cfc7-49b1-bd40-7162718f6d1e,森口,36.208136,137.881315,長野県,上高地線
807b53eb-3ba1-4bcf-8985-869738d50299,下島,36.206131,137.871841,長野県,上高地線
64684901-82a5-4794-b782-f0dad7896043,波田,36.200358,137.856412,長野県,上高地線
3739cd8e-e659-4dc9-ab1c-f7c26ebd5b42,渕東,36.195325,137.840313,長野県,上高地線
8c39b9b4-ac3f-4c58-8e5a-ef5459b6a073,新島々,36.18977,137.821689,長野県,上高地線
67eb5514-626f-445d-94f4-30985ef893c8,電鉄富山,36.700757,137.214163,富山県,富山地鉄本線
7ccc7048-8533-4d7d-a671-acb59a214ff1,稲荷町,36.696597,137.231247,富山県,富山地鉄本線
5c66997c-afc2-40d2-ad42-2527a270f717,新庄田中,36.697972,137.241417,富山県,富山地鉄本線
8e48d345-3e0d-4ab8-8f46-56607c2fc424,東新庄,36.698644,137.253021,富山県,富山地鉄本線
f870db50-23a2-471b-8369-a78a50027970,越中荏原,36.698978,137.266222,富山県,富山地鉄本線
aca91a01-9d25-4d48-9637-3c3e7f203b0a,越中三郷,36.703309,137.290792,富山県,富山地鉄本線
5b6dbcae-c37c-483e-b249-7b9b4d4c325f,越中舟橋,36.705725,137.306632,富山県,富山地鉄本線
941b08b0-4a53-424b-b0bc-c4c971c22995,寺田,36.698852,137.319145,富山県,富山地鉄本線
335da677-71c5-4ff3-9442-11395f81e1d3,越中泉,36.699905,137.327245,富山県,富山地鉄本線
4c8fcae4-4dcc-4207-90b0-66fc348377ae,相ノ木,36.701963,137.335472,富山県,富山地鉄本線
fee0d121-2d8a-4c04-925d-8503f5d614ab,新相ノ木,36.703128,137.342278,富山県,富山地鉄本線
2d81c341-5354-4044-8ee6-b5247f0fbf6f,上市,36.704463,137.357603,富山県,富山地鉄本線
598b9218-5a48-47cd-b0a8-f6875b8c7d48,新宮川,36.717292,137.351128,富山県,富山地鉄本線
193e8ba9-225a-411f-959e-5327953bf231,中加積,36.735309,137.350947,富山県,富山地鉄本線
3f8766d3-9662-490b-bc6f-e9e235855c7b,西加積,36.746405,137.340139,富山県,富山地鉄本線
34dbddc9-361d-4837-8cfd-79c85454cb91,西滑川,36.755579,137.334617,富山県,富山地鉄本線
5ed701aa-26bf-4957-8bd4-7476bffc24b6,中滑川,36.761992,137.339963,富山県,富山地鉄本線
643871c4-c4c4-469c-bf8f-d8a50fe41925,滑川,36.768955,137.348676,富山県,富山地鉄本線
4686c42a-5fd2-4b9b-94f6-1bb8a6143b05,浜加積,36.77743,137.361411,富山県,富山地鉄本線
c13ae4e6-9044-4223-9f38-ace787dcdcbd,早月加積,36.784082,137.372079,富山県,富山地鉄本線
efac6df4-d8d9-4514-935b-6662724dcfb1,越中中村,36.790673,137.382688,富山県,富山地鉄本線
7e867683-c9a9-4476-ab77-3d79923c4900,西魚津,36.803775,137.394653,富山県,富山地鉄本線
36adcb11-4c90-41f0-b814-e408b42fca1d,電鉄魚津,36.815113,137.400288,富山県,富山地鉄本線
e55f8eed-b2e8-4235-aff5-f065a089cbc5,新魚津,36.82657,137.405459,富山県,富山地鉄本線
33711349-3b1d-4bb3-ad3b-5de02884c331,経田,36.848846,137.416203,富山県,富山地鉄本線
22eb616b-903e-469a-a5a0-afdcbb711783,電鉄石田,36.865928,137.423194,富山県,富山地鉄本線
936192a1-1489-4c89-bdfa-16d71bceca8c,電鉄黒部,36.874091,137.444125,富山県,富山地鉄本線
17c45b2b-53d9-4dee-b0ea-b1b2a5241050,東三日市,36.874677,137.450908,富山県,富山地鉄本線
eb45dddc-73fd-4087-b205-5d97dec615d0,荻生,36.875038,137.459221,富山県,富山地鉄本線
342f727e-325e-40e9-879e-eee5e2708b27,長屋,36.873678,137.470803,富山県,富山地鉄本線
001d53cd-0683-44cc-9f63-e73bdc85c723,新黒部,36.873162730075,137.480177408942,富山県,富山地鉄本線
1d584337-758f-402c-834d-35eb7afee519,舌山,36.87187,137.485948,富山県,富山地鉄本線
2b72233d-5d14-47ea-a503-e597c5f3c2e9,若栗,36.871151,137.493175,富山県,富山地鉄本線
aedb6de6-3d81-4f42-99a2-5ed429672161,栃屋,36.869788,137.505842,富山県,富山地鉄本線
dd10174a-7824-455a-a8bf-d9279ab61204,浦山,36.8634,137.519407,富山県,富山地鉄本線
d1a440ce-f53c-4b47-b8ab-da048d01af93,下立口,36.859571,137.532908,富山県,富山地鉄本線
e36ad753-c435-467c-aa04-45bbd7a82a75,下立,36.857707,137.541396,富山県,富山地鉄本線
45749103-481f-450e-8341-acbc361a7f47,愛本,36.855975,137.553769,富山県,富山地鉄本線
d132926b-7a2e-4801-af6a-dbd969df0391,内山,36.846826,137.556733,富山県,富山地鉄本線
c106b0dc-d199-4a8b-bc0e-5dc197e4f65f,音沢,36.840716,137.559833,富山県,富山地鉄本線
41477168-8380-46b0-9daa-ae1bf52ebba5,宇奈月温泉,36.815694,137.583541,富山県,富山地鉄本線
c0ea1be6-dd2e-4bf7-b5d2-aa83ccb2a6b7,寺田,36.698852,137.319145,富山県,富山地鉄立山線
7eac6800-0151-4902-a868-34b95e4922d4,稚子塚,36.686595,137.317515,富山県,富山地鉄立山線
4c47d8d2-85b5-4860-927d-9281b56d1250,田添,36.679759,137.317768,富山県,富山地鉄立山線
82ff4710-708a-4bdd-888c-3dcd12cf7434,五百石,36.665361,137.314097,富山県,富山地鉄立山線
73c1456d-8ee6-4eb3-8a0f-02da6b3e5275,榎町,36.657559,137.316519,富山県,富山地鉄立山線
d9e5ee87-ef0e-47f6-9c99-1257f97560aa,下段,36.647899,137.317735,富山県,富山地鉄立山線
2513faeb-4ee2-4d2c-b3c8-4455c3f90cc0,釜ヶ淵,36.633317,137.319288,富山県,富山地鉄立山線
293eefc6-58bf-4b6b-aba3-aa5585e15d80,沢中山,36.622207,137.320972,富山県,富山地鉄立山線
7692649d-e4d4-493d-a9b3-c276b2a3f512,岩峅寺,36.608214,137.319922,富山県,富山地鉄立山線
df098dc4-31f9-4a9e-883e-cdcde1f94fe0,横江,36.582175,137.335605,富山県,富山地鉄立山線
b1ae7d99-6380-432c-9b30-bdc5197541af,千垣,36.573752,137.373843,富山県,富山地鉄立山線
b8563cce-0d98-4d20-bcd6-eec3a8f66903,有峰口,36.573066,137.380218,富山県,富山地鉄立山線
5980abbf-5294-470c-8e35-d5e94b929e8c,本宮,36.574919,137.395716,富山県,富山地鉄立山線
af0d8295-6049-4030-bcd5-bc9066344950,立山,36.583253,137.445234,富山県,富山地鉄立山線
c7cd2491-c418-4a58-b015-7e63e8f005af,電鉄富山,36.700757,137.214163,富山県,富山地鉄不二越・上滝線
c0351eba-fb63-4663-ab1e-21f46657b7c5,稲荷町,36.696597,137.231247,富山県,富山地鉄不二越・上滝線
c2e88447-8afd-4efe-a7d2-0e91d35c7a32,不二越,36.687848,137.232453,富山県,富山地鉄不二越・上滝線
eebefabd-005d-470c-92bd-ff2c817909af,大泉,36.677719,137.228979,富山県,富山地鉄不二越・上滝線
d4b9dd58-5042-403a-ab35-feaf4c150ca2,南富山,36.670406,137.2205,富山県,富山地鉄不二越・上滝線
7d3ef8ca-59af-4322-b98e-abc11c0165e0,朝菜町,36.660579,137.224883,富山県,富山地鉄不二越・上滝線
1bc7c1e4-c0f1-4e74-8b16-d1e4667d2950,上堀,36.65338,137.230127,富山県,富山地鉄不二越・上滝線
1d4699ff-5976-494a-98eb-5df07768676c,小杉,36.649433,137.233164,富山県,富山地鉄不二越・上滝線
0c781b61-835f-4d9c-825c-f6d2017f6dea,布市,36.645178,137.235455,富山県,富山地鉄不二越・上滝線
25a60ae8-cc04-4255-919c-0e2df88aca65,開発,36.636207,137.242854,富山県,富山地鉄不二越・上滝線
8b2f3114-a862-4bd5-8606-4fb79b5ab65f,月岡,36.626475,137.263341,富山県,富山地鉄不二越・上滝線
26d498cd-b06f-4f2d-9939-5883aeca6835,大庄,36.619565,137.275618,富山県,富山地鉄不二越・上滝線
33ed1fe6-37f2-42ec-a715-20381b21a801,上滝,36.609622,137.295564,富山県,富山地鉄不二越・上滝線
4803c0b3-d58d-4945-b1a0-29f1e59426d4,大川寺,36.608322,137.308721,富山県,富山地鉄不二越・上滝線
66588698-a810-49de-a1a0-1ed7461919aa,岩峅寺,36.608214,137.319922,富山県,富山地鉄不二越・上滝線
72b7cab2-b75a-4b08-924c-096fc0b7d23a,猪谷,36.471625,137.237975,富山県,神岡鉄道神岡線
ba80177f-dfd7-4d3c-b457-1e331978768e,飛騨中山,36.453706,137.253351,岐阜県,神岡鉄道神岡線
f4d7c7cf-6669-4b8f-ada2-0d6851765fb0,茂住,36.434892,137.274001,岐阜県,神岡鉄道神岡線
d7ff6359-b191-4105-bcc2-0034336d04a8,漆山,36.399248,137.286866,岐阜県,神岡鉄道神岡線
43731e2f-67b6-4add-b142-289e50569120,神岡鉱山前,36.341154,137.294294,岐阜県,神岡鉄道神岡線
0051254d-afcb-4eb1-9f5f-4a3b1a928dd4,飛騨神岡,36.331511,137.294277,岐阜県,神岡鉄道神岡線
88e86456-4f43-4449-a413-0da972af5a32,神岡大橋,36.323998,137.300685,岐阜県,神岡鉄道神岡線
f455b3e9-a00d-4ea0-9b08-c3856ba6ca06,奥飛騨温泉口,36.319349,137.306931,岐阜県,神岡鉄道神岡線
1fb1c4a2-2438-4833-a775-005f4c8b778b,宇奈月,36.815038,137.58586,富山県,黒部峡谷鉄道本線
d2f302d4-7b56-4024-a451-8e1d703f77ee,黒薙,36.786638,137.624738,富山県,黒部峡谷鉄道本線
7ea2f260-1891-4e81-a1c7-9d1eadf48405,鐘釣,36.734378,137.651315,富山県,黒部峡谷鉄道本線
47688db0-7443-4d76-829f-fd73e4fe94e4,欅平,36.696732,137.658179,富山県,黒部峡谷鉄道本線
1f515c38-dd9f-4c5f-959d-12ecf727ce89,南富山駅前,36.670484,137.22044,富山県,富山地鉄市内線【１・２系統】
42f07191-52b4-48f1-8cbb-b82760fa749f,丸の内,36.692563,137.208896,富山県,富山地鉄富山都心線【３系統(環状線)】
312ccbde-4d49-4726-8c32-8a5eb9a93d15,大町,36.673066,137.220483,富山県,富山地鉄市内線【１・２系統】
bf1a0f7e-f7f2-40b9-977c-c9a5c00dc46f,国際会議場前,36.691654,137.21139,富山県,富山地鉄富山都心線【３系統(環状線)】
55b2b300-e645-406b-9676-61238cc7128a,堀川小泉,36.675647,137.219281,富山県,富山地鉄市内線【１・２系統】
4c73adf6-983f-4165-950a-7c30b442525c,大手モール,36.689388,137.211334,富山県,富山地鉄富山都心線【３系統(環状線)】
87ec81bd-11d8-4bb1-aa7d-c901fd996c30,小泉町,36.678745,137.217779,富山県,富山地鉄市内線【１・２系統】
dc918c03-4b5c-412a-b14b-2cc4cc3c84b5,グランドプラザ前,36.688923,137.213386,富山県,富山地鉄富山都心線【３系統(環状線)】
1f3c845f-5d50-4c77-9c0a-5fb86318ef76,西中野,36.680844,137.216663,富山県,富山地鉄市内線【１・２系統】
07d5917e-cbc8-45ce-988f-4494b1e375d1,広貫堂前,36.683357,137.215934,富山県,富山地鉄市内線【１・２系統】
5f7f1bff-9cd9-41b9-ac8e-1ac392da2971,中町（西町北）,36.690306,137.215722,富山県,富山地鉄富山都心線【３系統(環状線)】
9a0bb9a7-3b2c-4515-bada-5ab96ef80e0f,上本町,36.686282,137.215762,富山県,富山地鉄市内線【１・２系統】
324d85aa-1665-4336-bafc-7939f91d4946,荒町,36.691513,137.215805,富山県,富山地鉄富山都心線【３系統(環状線)】
7e234bbd-fc82-476a-919a-e86ff1b48877,西町,36.689001,137.215676,富山県,富山地鉄市内線【１・２系統】
eaf86268-dca2-46bf-b065-5712a19ea1a9,中町（西町北）,36.690306,137.215722,富山県,富山地鉄市内線【１・２系統】
5af6dc17-3463-4cbe-a7d2-1445a0ba7fbd,桜橋,36.69461,137.215934,富山県,富山地鉄富山都心線【３系統(環状線)】
71249028-9106-4566-a834-10d955b5472c,荒町,36.691513,137.215805,富山県,富山地鉄市内線【１・２系統】
e569bc55-1821-4f0d-807d-83729b543e37,電気ビル前,36.697432,137.216105,富山県,富山地鉄富山都心線【３系統(環状線)】
97822a62-0e17-4e20-9e3e-936c1450062f,桜橋,36.69461,137.215934,富山県,富山地鉄市内線【１・２系統】
0f9d618f-1c95-47f9-9579-fbd8ea5e532d,地鉄ビル前,36.698584,137.216105,富山県,富山地鉄富山都心線【３系統(環状線)】
5bb4892a-f65d-432f-bcc6-ced6fc17f5fa,電気ビル前,36.697432,137.216105,富山県,富山地鉄市内線【１・２系統】
5bcb41f7-1205-456e-bccc-8b6413af9c23,電鉄富山駅・エスタ前,36.700236,137.213316,富山県,富山地鉄富山都心線【３系統(環状線)】
cf9ecb2a-a089-4b43-ad23-7d77c2ab1205,富山駅,36.7016123629759,137.212864011526,富山県,富山地鉄富山都心線【３系統(環状線)】
6bd98687-b10a-4323-8c8b-282a411ac407,地鉄ビル前,36.698584,137.216105,富山県,富山地鉄市内線【１・２系統】
768fc526-ff2d-4d4b-a2d7-8ef8f9055a70,新富町,36.69886,137.211256,富山県,富山地鉄富山都心線【３系統(環状線)】
916af278-8e76-4770-a51b-79c5ee5f3937,電鉄富山駅・エスタ前,36.700236,137.213316,富山県,富山地鉄市内線【１・２系統】
638b229a-1686-4c93-ab87-b4757afefab3,富山駅,36.7016102124911,137.21288010478,富山県,富山地鉄市内線【１・２系統】
6cbfaef5-c77a-41c4-a84b-c62682ed51c1,県庁前,36.695728,137.20984,富山県,富山地鉄富山都心線【３系統(環状線)】
c81ee153-3533-444e-b050-2e37e35e1137,新富町,36.69886,137.211256,富山県,富山地鉄市内線【１・２系統】
5af325b9-b289-44e4-ae68-62c216c3739c,県庁前,36.695728,137.20984,富山県,富山地鉄市内線【１・２系統】
3ffd9268-363c-4724-986f-b591d958f05a,丸の内,36.692563,137.208896,富山県,富山地鉄市内線【１・２系統】
8e97b261-0c95-43d8-8268-efc8cc5f597d,諏訪川原,36.692322,137.206535,富山県,富山地鉄市内線【１・２系統】
c89764c3-69b3-4e57-8593-e3c3b02c078c,安野屋,36.692838,137.201772,富山県,富山地鉄市内線【１・２系統】
49a4773b-78d3-4f0e-81d4-e19c86eceb42,富山トヨペット本社前,36.694834,137.19542,富山県,富山地鉄市内線【１・２系統】
eee6a948-1a24-47af-9a00-b814e34617c7,大学前,36.698688,137.191129,富山県,富山地鉄市内線【１・２系統】
ef3285b1-b2a5-4f23-81a3-a62fb2fe677d,高岡駅,36.742173,137.014722,富山県,万葉線
7ca8867e-cea9-4377-9d64-251062ab73e8,末広町,36.744825,137.013148,富山県,万葉線
482c287f-e726-4bcb-bc18-00eab8d86c9d,片原町,36.746389,137.012838,富山県,万葉線
3dbaa473-8c30-48ef-9356-0431f0ab833f,坂下町,36.747367,137.014585,富山県,万葉線
ba7e2e6b-9506-4a21-a4bb-48ca92008690,急患医療センター前,36.749761,137.017788,富山県,万葉線
43c1c3b6-5081-4f9c-bb48-5acace58130f,広小路,36.752566,137.020615,富山県,万葉線
15b1a6e6-4f37-4b5d-91c1-fc3976ce9ddd,志貴野中学校前,36.755648,137.023759,富山県,万葉線
03849586-d42c-4f99-99cd-4e2f62c85464,市民病院前,36.758196,137.0261,富山県,万葉線
50ec9416-63ba-40b4-8e4f-49ee159b621f,江尻,36.761501,137.029761,富山県,万葉線
8332fc05-bfb1-4d2f-aafe-a05d12166316,旭ヶ丘,36.763965,137.032469,富山県,万葉線
6a96a98f-928a-4267-ae01-cf86f3d2277e,荻布,36.76682,137.035619,富山県,万葉線
dd192ff2-5049-4c28-bbe4-767bd26c3050,新能町,36.770258,137.037713,富山県,万葉線
bd2f2029-bbb0-4c56-988f-30ac9969331a,米島口アルビス米島店前,36.773,137.038718,富山県,万葉線
066427d9-6c17-43dd-a4d7-cad52c81d589,能町口,36.773239,137.049031,富山県,万葉線
28698934-35b8-4e2d-8617-3643ea25d20d,新吉久,36.776086,137.052839,富山県,万葉線
2b044c72-2c29-495e-bf64-e488993ddb1a,吉久,36.782018,137.056369,富山県,万葉線
9a24975c-6590-475b-ad8e-d475e27bfa90,中伏木,36.788224,137.061655,富山県,万葉線
f5554b79-6f0f-4b08-86b7-5731635e0e14,六渡寺,36.788935,137.066443,富山県,万葉線
54db4b96-1d19-4863-9870-74b06c672ed8,庄川口,36.784433,137.070729,富山県,万葉線
870b2631-ddeb-4ff2-bef5-2537e789d208,射水市新湊庁舎前,36.780056,137.0753,富山県,万葉線
3453516c-84ce-4a0b-b3c7-f961d3c7671c,新町口,36.778983,137.084259,富山県,万葉線
cfad7547-0c6f-4929-b27f-5413fdae5035,中新湊,36.775148,137.088617,富山県,万葉線
115789c5-21e0-4cb3-8675-375912ccc1e2,東新湊,36.777825,137.099368,富山県,万葉線
d6b7edbb-1539-465d-9259-151593e7e0d7,海王丸,36.776726,137.105331,富山県,万葉線
d57c06f5-265c-4775-829e-fec1fab8eb39,越ノ潟,36.774704,137.111839,富山県,万葉線
f11921b6-1a88-4af1-92b0-74ed1f17da1b,富山駅北,36.70249,137.214003,富山県,富山ライトレール
96e11f52-919c-4eb2-8a9d-e5b844fe560e,インテック本社前,36.703556,137.216685,富山県,富山ライトレール
7935a846-ac30-4242-8eb1-efb23d256ea5,奥田中学校前,36.703522,137.223637,富山県,富山ライトレール
eb25f5f8-dae9-4649-82d4-eedc6291416a,下奥井,36.711311,137.224478,富山県,富山ライトレール
0bddc3f5-3ca5-4a42-9eaa-1d9621132d96,粟島（大阪屋ショップ前）,36.719391,137.224796,富山県,富山ライトレール
94bcc680-b8c1-46f2-8153-29889915a2a8,越中中島,36.722121,137.224844,富山県,富山ライトレール
d13358b8-a4f7-4771-93c0-ac40592bfc0c,城川原,36.731103,137.226082,富山県,富山ライトレール
a6f0ea4c-02bb-43d1-8d35-b6dd30872a79,犬島新町,36.735445,137.22662,富山県,富山ライトレール
20094b7e-dc7c-4b29-9eed-c86e860c5edc,蓮町,36.742663,137.227463,富山県,富山ライトレール
83f4a926-25e1-4f87-a24d-ad31e83ac03a,大広田,36.748602,137.228643,富山県,富山ライトレール
f2f6f7d2-0b08-4b61-a8b1-8c2434f493f0,東岩瀬,36.751935,137.230479,富山県,富山ライトレール
e5b20140-8b0f-4e73-9c35-2ae015852b1f,競輪場前,36.757454,137.233907,富山県,富山ライトレール
46101a54-5852-4b83-b476-0eecb487b8fa,岩瀬浜,36.761212,137.23409,富山県,富山ライトレール
8bc4263b-63a6-409f-b13a-d30b998e94a1,野町,36.553779,136.644309,石川県,北陸鉄道石川線
3bde0382-cffe-464f-ba25-3833ccbecd2b,西泉,36.553445,136.633524,石川県,北陸鉄道石川線
8bce29da-966c-441e-823b-b733b94731a8,新西金沢,36.553067,136.622688,石川県,北陸鉄道石川線
e1c2ebe8-7c17-4859-91be-6acd556a4eff,押野,36.541805,136.622114,石川県,北陸鉄道石川線
8717c16a-1751-4dcf-bcd4-34929a11ba3b,野々市,36.536459,136.620891,石川県,北陸鉄道石川線
f5507bca-211e-4a43-886e-5f311a96803e,野々市工大前,36.532336,136.621767,石川県,北陸鉄道石川線
2955370a-e1cb-4146-87a6-136869723774,馬替,36.522935,136.620576,石川県,北陸鉄道石川線
8f8d7655-9390-49f0-a048-6aa051c3657e,額住宅前,36.518507,136.618851,石川県,北陸鉄道石川線
727d02c4-79d3-4274-a22e-6e5b5369fb28,乙丸,36.511853,136.617681,石川県,北陸鉄道石川線
f0dbad09-92b3-452d-ab9c-03f8cd2de964,四十万,36.498879,136.615684,石川県,北陸鉄道石川線
d4038335-bc11-4bae-a529-3319f741e2d5,陽羽里,36.493628,136.614869,石川県,北陸鉄道石川線
ba44c329-0ba9-4ef7-a8f8-719a61c754fd,曽谷,36.490028,136.614407,石川県,北陸鉄道石川線
fdfc7a26-defc-465f-8f6c-39a65347eb68,道法寺,36.484315,136.613535,石川県,北陸鉄道石川線
96b041ea-00c1-480e-9c3d-799085b88f61,井口,36.476282,136.612307,石川県,北陸鉄道石川線
6f128aa4-3b77-4650-8ee3-a408e8081d33,小柳,36.470639,136.611466,石川県,北陸鉄道石川線
1512673d-be2b-4587-867d-3143fb1a350a,日御子,36.46479,136.615199,石川県,北陸鉄道石川線
d3fd8b17-7592-4f67-8fef-1ef5d247bec3,鶴来,36.452178,136.623818,石川県,北陸鉄道石川線
cfbfa2eb-91aa-40b2-9054-e2a38243cfb9,中鶴来,36.446407,136.624412,石川県,北陸鉄道石川線
1c01a93b-db56-4f3e-929e-406ce78ac2f3,加賀一の宮,36.437691,136.632878,石川県,北陸鉄道石川線
86c5d5a0-2a82-43a7-8d11-d06f42c0d9d6,北鉄金沢,36.578637,136.649524,石川県,北陸鉄道浅野川線
70363a15-12e8-46cc-815f-c41037c410c9,七ツ屋,36.583108,136.651752,石川県,北陸鉄道浅野川線
5560c38b-0dfc-4686-ace4-ab9fcd7e8f93,上諸江,36.590835,136.648941,石川県,北陸鉄道浅野川線
cbb3c0e0-ed12-4433-a5af-8e51ab8d95fe,磯部,36.596554,136.648313,石川県,北陸鉄道浅野川線
05fb295e-95ae-4977-9c7c-b147907346e3,割出,36.602619,136.648474,石川県,北陸鉄道浅野川線
9e243136-fcda-4805-ad02-2219d637bf2e,三口,36.606572,136.647579,石川県,北陸鉄道浅野川線
b0addd77-8b0e-4ca5-aabd-bf21f2fc7fe3,三ツ屋,36.611941,136.645538,石川県,北陸鉄道浅野川線
815eb754-f1ab-4032-8210-b13a1668bb16,大河端,36.616701,136.643368,石川県,北陸鉄道浅野川線
c49f29b1-8585-494c-9f9c-a3a089d972ab,北間,36.622625,136.641265,石川県,北陸鉄道浅野川線
19e4587e-8854-4aa4-b027-eff12f19c8bf,蚊爪,36.625886,136.64319,石川県,北陸鉄道浅野川線
89a639d7-3975-4408-8ac4-809f482c7fb9,粟ヶ崎,36.630224,136.638149,石川県,北陸鉄道浅野川線
70fd6d43-3e3e-4d4d-8ea4-e6e262bdf21d,内灘,36.63336,136.63416,石川県,北陸鉄道浅野川線
1d202c39-e54e-4f84-93d3-d91fc39d3b08,七尾,37.041613,136.964501,石川県,のと鉄道七尾線
55c8568f-60ee-403b-8658-36dd284e3847,和倉温泉,37.074663,136.925884,石川県,のと鉄道七尾線
164f621c-2601-44fa-9a2f-57251a250d84,田鶴浜,37.065719,136.891193,石川県,のと鉄道七尾線
219c74b5-876b-4b19-bb26-f38ecc97f0f1,笠師保,37.079288,136.857587,石川県,のと鉄道七尾線
681d1e14-1f2c-446c-acca-a1e3627a3b93,能登中島,37.109174,136.853339,石川県,のと鉄道七尾線
9b206fcc-7d73-4391-b2f5-735d92feff22,西岸,37.147604,136.87443,石川県,のと鉄道七尾線
6fcafe61-2c00-47db-baab-e3ae91d385bc,能登鹿島,37.179723,136.897879,石川県,のと鉄道七尾線
d4a303e2-31a6-4c54-8e33-ed14289b1866,穴水,37.228015,136.904592,石川県,のと鉄道七尾線
3bd0911e-8481-4d3f-b3a4-2049f71a3130,福井,36.061711,136.223779,福井県,えちぜん鉄道勝山永平寺線
ea9b4a1c-8dde-4153-9e92-24c6a3d496d8,新福井,36.064714,136.226721,福井県,えちぜん鉄道勝山永平寺線
45038237-60fb-48e2-b993-891efbd13c26,福井口,36.071386,136.233176,福井県,えちぜん鉄道勝山永平寺線
2bc0eb85-cad7-4549-a559-89749958ead1,越前開発,36.075358,136.241275,福井県,えちぜん鉄道勝山永平寺線
98adca1a-72c9-4ed9-ba96-7024e8e90dd3,越前新保,36.080392,136.251314,福井県,えちぜん鉄道勝山永平寺線
81fa1435-e2dc-4ce5-b214-fca31c989fa4,追分口,36.082478,136.261507,福井県,えちぜん鉄道勝山永平寺線
9a101107-e111-4851-917b-ff02dd026755,東藤島,36.086686,136.269837,福井県,えちぜん鉄道勝山永平寺線
b8af6887-5e0a-4adc-8f5c-3670b380bf92,越前島橋,36.089967,136.277123,福井県,えちぜん鉄道勝山永平寺線
4ef57147-99b1-4fe0-a54d-c35744ff9e48,観音町,36.091726,136.289913,福井県,えちぜん鉄道勝山永平寺線
cdb5ed02-74e8-4f94-b8c5-1048233b5b27,松岡,36.09402,136.301703,福井県,えちぜん鉄道勝山永平寺線
0cb32b10-5eae-4451-8363-fb34678b03aa,志比堺,36.097792,136.311021,福井県,えちぜん鉄道勝山永平寺線
f5a16fad-e57a-4806-a70b-b1fc06eb27bf,永平寺口,36.095849,136.32678,福井県,えちぜん鉄道勝山永平寺線
0bbd1768-eb87-4df4-a0ff-f07f10077ef2,下志比,36.090674,136.336346,福井県,えちぜん鉄道勝山永平寺線
2c02863c-a037-45c5-b082-f70158537071,光明寺,36.088463,136.344586,福井県,えちぜん鉄道勝山永平寺線
14db74d7-0133-4dab-8b3a-35b43d00fab7,轟,36.08688,136.361071,福井県,えちぜん鉄道勝山永平寺線
734b1720-3493-4b71-ad4e-b716b5688dc2,越前野中,36.082887,136.37685,福井県,えちぜん鉄道勝山永平寺線
467c4915-7f32-4bc3-b9d3-908eb0be665d,山王,36.079143,136.39243,福井県,えちぜん鉄道勝山永平寺線
fa4a68e0-edb0-44fb-8663-a498ed06d53f,越前竹原,36.073945,136.413023,福井県,えちぜん鉄道勝山永平寺線
72aaed1b-1d21-4513-abcb-879688dadbca,小舟渡,36.075553,136.434054,福井県,えちぜん鉄道勝山永平寺線
ab51e4ca-b39d-42c8-89a1-7d5e376fc8b0,保田,36.069838,136.451611,福井県,えちぜん鉄道勝山永平寺線
5be6809d-d656-4c9b-baaf-ddee733772a8,発坂,36.072643,136.465684,福井県,えちぜん鉄道勝山永平寺線
c2cebdc8-847c-4ba2-9cf6-dfa833ddb411,比島,36.066011,136.483574,福井県,えちぜん鉄道勝山永平寺線
6efcbf82-48e8-4cf5-93d2-e86f88214845,勝山,36.056362,136.492079,福井県,えちぜん鉄道勝山永平寺線
a322211f-d145-4147-8821-b6d5d310d809,福井,36.061711,136.223779,福井県,えちぜん鉄道三国芦原線
b2419d86-bf7f-4d9e-991b-793c53a3acfa,新福井,36.064714,136.226721,福井県,えちぜん鉄道三国芦原線
809a0a6a-9ddd-4db5-9b30-a731aa8e7726,福井口,36.071386,136.233176,福井県,えちぜん鉄道三国芦原線
7287074c-8cc5-476e-8a77-a70ef40c5f8d,西別院,36.07516,136.222704,福井県,えちぜん鉄道三国芦原線
7a2dd1bf-6e3d-45a3-8708-90d30efe8de5,田原町,36.074888,136.21738,福井県,えちぜん鉄道三国芦原線
c166a3a5-7b65-463b-8ee9-baaefbc2ac5c,福大前西福井,36.074218,136.210339,福井県,えちぜん鉄道三国芦原線
9e96ed81-dd8f-4129-bc06-7d9738ae9fe2,日華化学前,36.080945,136.206479,福井県,えちぜん鉄道三国芦原線
afffdc52-2de5-43f7-8619-12639ef6fa40,八ツ島,36.086407,136.205943,福井県,えちぜん鉄道三国芦原線
c98d98ed-9a32-439a-af84-292c8633da2e,新田塚,36.092483,136.205299,福井県,えちぜん鉄道三国芦原線
54e90da2-7bfa-4bbb-98ba-7cec441026f5,中角,36.10111,136.204591,福井県,えちぜん鉄道三国芦原線
26983d6e-4f0c-4abb-9a08-71402c3d9668,鷲塚針原,36.12061,136.204793,福井県,えちぜん鉄道三国芦原線
f541abc6-012e-48be-a214-182b9ffd9775,太郎丸,36.131298,136.20574,福井県,えちぜん鉄道三国芦原線
6e17a9a6-9469-4ffb-af3a-3c2ecac84f40,西春江,36.138964,136.206187,福井県,えちぜん鉄道三国芦原線
515f849a-5c88-4fd2-8d94-a5af874340ad,西長田,36.153615,136.206472,福井県,えちぜん鉄道三国芦原線
e21a9b77-7591-4672-8655-5accbdb3b66e,下兵庫,36.170129,136.202507,福井県,えちぜん鉄道三国芦原線
8890dbac-9bac-4d62-9874-07f5ecac0cfb,大関,36.186574,136.203687,福井県,えちぜん鉄道三国芦原線
cb93888d-2143-49f3-be71-5591ed9fdb98,本荘,36.205011,136.202881,福井県,えちぜん鉄道三国芦原線
1079e433-ed76-4688-ab92-fd91629d029b,番田,36.212358,136.202333,福井県,えちぜん鉄道三国芦原線
eed0bd21-cf9d-4320-8d87-79dacc448941,あわら湯のまち,36.223159,136.193695,福井県,えちぜん鉄道三国芦原線
b9c7f8ac-4edc-4971-a19c-c49a35e4aeb5,水居,36.219081,136.172019,福井県,えちぜん鉄道三国芦原線
fba79ff4-56c6-4de0-97a3-401a2921bdea,三国神社,36.214773,136.158037,福井県,えちぜん鉄道三国芦原線
c2021953-ac65-4676-af2a-6b20a360c476,三国,36.217012,136.149615,福井県,えちぜん鉄道三国芦原線
b58f2908-139a-4ea8-a64b-98ef21fe76e1,三国港,36.220264,136.140049,福井県,えちぜん鉄道三国芦原線
d28ed258-4086-4964-ba0a-e488054f5ac4,越前武生,35.906426,136.170274,福井県,福井鉄道福武線
15676883-648c-4dce-a65e-7f15d7b1cb7f,北府,35.910114,136.166563,福井県,福井鉄道福武線
7474530e-9ca5-4c8d-9186-5d4eab90c131,スポーツ公園,35.919093,136.168105,福井県,福井鉄道福武線
bb7dddf5-eafc-46bf-854c-8049843feb41,家久,35.925988,136.17054,福井県,福井鉄道福武線
c22857ea-5885-4e85-9bd8-c18814593466,サンドーム西,35.936514,136.180564,福井県,福井鉄道福武線
1f4740fe-4269-419b-929c-1e9da0d45a9d,西鯖江,35.946352,136.1819,福井県,福井鉄道福武線
72a9ed3d-87e3-431a-b588-c2c7a8b29be7,西山公園,35.952437,136.185833,福井県,福井鉄道福武線
496c1f42-ce9c-4c52-80a2-7528a84f39ef,水落,35.962308,136.183191,福井県,福井鉄道福武線
4891393e-83da-49c6-b2c0-673308790144,神明,35.972731,136.181885,福井県,福井鉄道福武線
59b294ed-2355-466c-918d-9f02eb741053,鳥羽中,35.981522,136.187556,福井県,福井鉄道福武線
9e0ab0f9-7df6-41f3-9e03-900860ffedfe,三十八社,35.989143,136.193805,福井県,福井鉄道福武線
a5d9da4f-8991-487d-b9e3-fa20d441082c,泰澄の里,35.999444,136.198333,福井県,福井鉄道福武線
402d22d4-3bd1-4d03-8bf5-d9c3cf13f329,浅水,36.006724,136.201737,福井県,福井鉄道福武線
385f39e1-ff62-44cb-8942-862a86343f1c,ハーモニーホール,36.014187,136.205433,福井県,福井鉄道福武線
d81eae0d-6522-4b16-9feb-73291fd8a2c1,清明,36.022222,136.209444,福井県,福井鉄道福武線
6b5cb3b5-23e6-4c62-b059-6598e955ed26,江端,36.028391,136.212379,福井県,福井鉄道福武線
d53e006a-6a58-4028-b7c9-c3b13c0e0310,ベル前,36.033685,136.213882,福井県,福井鉄道福武線
42f39d51-a3e8-4af8-9df2-3cea2d027a28,花堂,36.040851,136.215176,福井県,福井鉄道福武線
78bac4ed-9cd4-4640-8f66-c64e686cb88e,赤十字前,36.048683,136.216623,福井県,福井鉄道福武線
6ac6f6a9-b490-4912-89fc-2bf6253e52aa,木田四ツ辻,36.053613,136.215014,福井県,福井鉄道福武線
6cd5eefe-3699-4942-8fdb-af51758b9288,公園口,36.057737,136.215109,福井県,福井鉄道福武線
46f3d267-2580-4e6a-8415-51e6e58320c7,市役所前,36.063523,136.217566,福井県,福井鉄道福武線
5469e6d8-3458-4cbb-9b8d-b1e192d68870,福井駅前,36.061871,136.220625,福井県,福井鉄道福武線
a75d6699-4ef4-4c14-adef-b7d445a927d9,仁愛女子高校,36.069319,136.218058,福井県,福井鉄道福武線
af68d988-25b5-47f7-a61f-b997aa1e2472,田原町,36.074888,136.21738,福井県,福井鉄道福武線
c706c48f-67e2-4dbd-b54f-9930ad14ae72,直江津,37.170251,138.242265,新潟県,日本海ひすいライン
ef11a647-eb2b-477a-9897-5794c0785014,谷浜,37.162399,138.173867,新潟県,日本海ひすいライン
8233557c-4a7e-4419-b518-b4821bde2bf1,有間川,37.163323,138.136553,新潟県,日本海ひすいライン
65f2f652-a00f-4b31-a1b3-b87de642b54a,名立,37.15584,138.092649,新潟県,日本海ひすいライン
c6076130-a23f-4a53-8c08-5740386cca1a,筒石,37.127473,138.060768,新潟県,日本海ひすいライン
53586bfe-f3dc-4151-9edf-c1837a9868d2,能生,37.096049,137.988405,新潟県,日本海ひすいライン
e0f648d1-c3c9-43cd-bae8-f6deb44a4942,浦本,37.073935,137.939659,新潟県,日本海ひすいライン
ad5b58cf-00f6-465a-b825-70c736801bcf,梶屋敷,37.056577,137.905738,新潟県,日本海ひすいライン
35f82a80-6e04-44f0-8f95-aecfdb314dfb,糸魚川,37.043631,137.861311,新潟県,日本海ひすいライン
c09416be-547e-4af9-a826-4426718a4979,青海,37.022469,137.795622,新潟県,日本海ひすいライン
d0523e2f-2c30-4096-809f-bc94c5148a7b,親不知,37.006818,137.738104,新潟県,日本海ひすいライン
079dec42-4f30-4cec-9db0-a97ee3f94a6d,市振,36.980448,137.650373,新潟県,日本海ひすいライン
39582277-1275-444c-a3d1-c4ef019ee90b,直江津,37.170251,138.242265,新潟県,妙高はねうまライン
674e7b6e-e4cc-4ea4-8064-b0ca135bd85d,春日山,37.148042,138.234922,新潟県,妙高はねうまライン
bec4d326-5a0f-4a1b-9856-be24fc9bfea6,高田,37.115226,138.242018,新潟県,妙高はねうまライン
7a570dff-0b19-4685-b4cf-c6e45966ed84,南高田,37.096766,138.242973,新潟県,妙高はねうまライン
43f06244-236a-46b8-b2d4-206d1a982f0e,上越妙高,37.081813,138.249476,新潟県,妙高はねうまライン
9d06eb0d-83c8-4036-8062-36a68209a2ab,北新井,37.05296,138.257699,新潟県,妙高はねうまライン
16ad6545-1207-4fc3-9ab4-b3c261bd5b5e,新井,37.026738,138.255614,新潟県,妙高はねうまライン
bac5f955-6790-4691-a1ad-a98da80561bc,二本木,36.989608,138.232765,新潟県,妙高はねうまライン
c891a7f7-c67e-4989-8b4b-f72813541732,関山,36.933048,138.226415,新潟県,妙高はねうまライン
da25455c-5dec-4f80-8fc5-c50830bab34e,妙高高原,36.872175,138.211953,新潟県,妙高はねうまライン
7423db79-61b4-4add-b8a1-77a704debb3a,倶利伽羅,36.672489,136.791605,石川県,あいの風とやま鉄道線
af36b808-fd34-4409-9277-84c9986dcf9f,石動,36.672492,136.865859,富山県,あいの風とやま鉄道線
cf37141b-0d39-402a-ba0a-b14b5ce57d35,福岡,36.708239,136.932079,富山県,あいの風とやま鉄道線
5a237a3e-9806-4baa-a384-74d8da178bb2,西高岡,36.724295,136.965295,富山県,あいの風とやま鉄道線
7a96a919-2f5a-4a4a-bb62-3bb51e6a3bb8,高岡,36.740948,137.015274,富山県,あいの風とやま鉄道線
ecf530ec-cb86-49ff-89ca-39ce57cfd924,越中大門,36.733818,137.055904,富山県,あいの風とやま鉄道線
782e1359-5d89-478a-bf36-495fdba3bf08,小杉,36.720947,137.092767,富山県,あいの風とやま鉄道線
7b9ba441-ff22-4884-ad41-b3f066870631,呉羽,36.718845,137.164874,富山県,あいの風とやま鉄道線
59e1be9d-9233-477c-81a8-55d1a7004492,富山,36.701384,137.213091,富山県,あいの風とやま鉄道線
b03f7a0b-9825-4c09-b6a9-15de3dfe905d,東富山,36.741589,137.248953,富山県,あいの風とやま鉄道線
cdf9f113-4780-43d3-99b2-3ea65396f4aa,水橋,36.743454,137.298404,富山県,あいの風とやま鉄道線
a8a91185-e51b-427c-9260-5e077315721e,滑川,36.769318,137.348666,富山県,あいの風とやま鉄道線
90406370-0148-4d76-a87b-d338d7ac9e8d,東滑川,36.787987,137.37805,富山県,あいの風とやま鉄道線
5d549186-69dc-4cf4-9a84-5a2d7be701ee,魚津,36.82642,137.405693,富山県,あいの風とやま鉄道線
d90c0a3d-8615-4994-955a-f7666b09812f,黒部,36.869322,137.434393,富山県,あいの風とやま鉄道線
c7975bef-26a9-4319-9902-80903f0e19a9,生地,36.906031,137.426534,富山県,あいの風とやま鉄道線
f8d82d46-223b-4796-b38e-c06268a0ed22,西入善,36.930124,137.459298,富山県,あいの風とやま鉄道線
46dda43f-b147-4efe-8b0f-1553509165c8,入善,36.941296,137.499,富山県,あいの風とやま鉄道線
52f55cc4-a619-41cd-83ed-978c41243904,泊,36.951897,137.556179,富山県,あいの風とやま鉄道線
987e7407-37a6-4421-997d-6b4b869afbb3,越中宮崎,36.973863,137.599423,富山県,あいの風とやま鉄道線
90351bd6-3d23-44ac-89b6-fbc7eb129e58,市振,36.980448,137.650373,新潟県,あいの風とやま鉄道線
4ab86fb7-cc9e-462a-9b68-c1fbaa1052bf,金沢,36.578117,136.648166,石川県,IRいしかわ鉄道線
15ee5d86-ef2e-4a0f-858a-e2e1dafcb0ec,東金沢,36.593652,136.669806,石川県,IRいしかわ鉄道線
6e4830c4-455a-47ab-a3ad-de71e97a6e35,森本,36.612144,136.689489,石川県,IRいしかわ鉄道線
cc9935a6-841e-47d9-a55e-0f277d88d8f4,津幡,36.657895,136.730759,石川県,IRいしかわ鉄道線
d416f8dc-f293-43e8-9d7c-56ee4d3cd70a,倶利伽羅,36.672489,136.791605,石川県,IRいしかわ鉄道線
6cec80a5-f4c0-44d6-a6db-992ad7a4a536,長野,36.643307,138.189101,長野県,北しなの線
dd76215e-d0d0-4be0-8448-e8034305af55,北長野,36.665123,138.222534,長野県,北しなの線
fa41bcb6-162f-4edb-9623-407bf729d933,三才,36.686674,138.244079,長野県,北しなの線
24e0c491-f8c2-46d6-b4ac-5a4d9cb8af52,豊野,36.710642,138.274458,長野県,北しなの線
f1b98871-ec73-484f-ac23-db042ce70dd5,牟礼,36.753239,138.247121,長野県,北しなの線
fb3c98db-a0f1-4302-a684-6e1bd527c0b3,古間,36.792295,138.230461,長野県,北しなの線
ff04bfcb-1faa-468a-b832-7322e213712f,黒姫,36.807214,138.197195,長野県,北しなの線
76188d0f-8c72-43fa-8a32-603fb0928ddd,妙高高原,36.872175,138.211953,新潟県,北しなの線
34874d78-e0ab-4f1f-94e0-3db1aaf750f9,伊東,34.9747,139.092125,静岡県,伊豆急行線
c46b3a82-9919-4c1d-8a57-b671342049ff,南伊東,34.95757,139.087893,静岡県,伊豆急行線
2d761c22-0e5b-4b1a-bcac-6a770b4f9db8,川奈,34.950906,139.124936,静岡県,伊豆急行線
bd719a96-0533-42dc-a4a6-80ba5089feb4,富戸,34.91005,139.131676,静岡県,伊豆急行線
fb437e53-6f7c-4ff0-b75a-7b5e3f28e457,城ヶ崎海岸,34.889878,139.1217,静岡県,伊豆急行線
44f87973-312a-41f6-b1c1-d09a4a34b4f4,伊豆高原,34.87732,139.107961,静岡県,伊豆急行線
de0c8f29-e2ad-4a59-b29d-ad17ccbec94d,伊豆大川,34.843208,139.074014,静岡県,伊豆急行線
8ebd50a4-0fac-4d89-aadf-e7040c925043,伊豆北川,34.827174,139.075487,静岡県,伊豆急行線
9fda5064-7c84-4a19-ba68-45bd56835353,伊豆熱川,34.817042,139.069307,静岡県,伊豆急行線
2f3cf903-df2d-4da2-ba30-3ac1036d2425,片瀬白田,34.801783,139.06122,静岡県,伊豆急行線
d8220890-09b8-4f84-a9bd-fc1e60ad9488,伊豆稲取,34.774546,139.037108,静岡県,伊豆急行線
4d718dd8-627c-48cf-baca-3973a11d4da6,今井浜海岸,34.753714,139.004692,静岡県,伊豆急行線
5f6fd428-1b91-497f-8eaa-a00b18fa8921,河津,34.747711,138.996179,静岡県,伊豆急行線
624eb1cd-7ca1-4e46-af01-33cbaf8728cd,稲梓,34.722066,138.949399,静岡県,伊豆急行線
a02de5d3-f86b-427c-a139-e6cfdc2091cb,蓮台寺,34.699634,138.941274,静岡県,伊豆急行線
07276ccd-8351-4693-87fb-e0a45812f307,伊豆急下田,34.679647,138.944274,静岡県,伊豆急行線
cf6b1021-2aaa-467c-806c-13eeabef2234,三島,35.125946,138.911369,静岡県,伊豆箱根鉄道駿豆線
4313543d-263c-4eb3-8417-2f89b560c592,三島広小路,35.119272,138.911202,静岡県,伊豆箱根鉄道駿豆線
9b932f04-e40e-4f2c-9114-19883864c793,三島田町,35.116205,138.918421,静岡県,伊豆箱根鉄道駿豆線
41b18e85-8a95-4ec7-972f-55f3e734ba01,三島二日町,35.111039,138.926001,静岡県,伊豆箱根鉄道駿豆線
69d311ff-980b-4c1c-adac-e11f889c4e09,大場,35.092569,138.939414,静岡県,伊豆箱根鉄道駿豆線
873c48a2-5653-4616-b7e9-7b2cf4bde864,伊豆仁田,35.078821,138.941509,静岡県,伊豆箱根鉄道駿豆線
7ebec6d8-7dc5-4174-87f0-861b9c850852,原木,35.065653,138.943695,静岡県,伊豆箱根鉄道駿豆線
1e12ed79-a069-4d91-ac79-19f0e2da2f09,韮山,35.053547,138.945467,静岡県,伊豆箱根鉄道駿豆線
2267672d-8c4a-4c7f-a8ae-7d8f6c8d11b1,伊豆長岡,35.039907,138.947539,静岡県,伊豆箱根鉄道駿豆線
34c39c9b-e909-4520-97f4-ec116cdf9143,田京,35.014551,138.945767,静岡県,伊豆箱根鉄道駿豆線
da72c9d6-8f8c-4c46-973f-aee49df5bdb4,大仁,34.994467,138.937527,静岡県,伊豆箱根鉄道駿豆線
dde98080-adce-42f9-b2b3-e586a50fe79c,牧之郷,34.988677,138.954317,静岡県,伊豆箱根鉄道駿豆線
a8d85870-bafa-473c-9145-053c9ca58eae,修善寺,34.979091,138.950545,静岡県,伊豆箱根鉄道駿豆線
cae631c9-958e-4d95-bde0-71b56ed20786,吉原,35.144176,138.701839,静岡県,岳南鉄道線
15c5948b-7186-4784-b3f9-73aa8c80914b,ジヤトコ前（ジヤトコ１地区前）,35.157775,138.690076,静岡県,岳南鉄道線
ba366f6b-a95a-4c0f-9360-5f2b12743741,吉原本町,35.160821,138.689774,静岡県,岳南鉄道線
ef88fb35-1071-4a2a-9c42-97905284ce3b,本吉原,35.161946,138.692716,静岡県,岳南鉄道線
8e205bb4-9e5d-4dd0-bff3-257b05d36e34,岳南原田,35.166076,138.704517,静岡県,岳南鉄道線
716b7393-7135-4c26-aed7-28351048d360,比奈,35.161485,138.713602,静岡県,岳南鉄道線
9ed337df-c5f9-4cce-9fa5-ed0644c83003,岳南富士岡,35.160949,138.723356,静岡県,岳南鉄道線
a005c11b-e22a-4765-b75c-40fbb30e9844,須津,35.160444,138.733944,静岡県,岳南鉄道線
b16102d3-4661-484c-bc41-95477dfa5f2c,神谷,35.16103,138.74303,静岡県,岳南鉄道線
b2ba8761-a4ef-48ca-8e78-1f738a9c1240,岳南江尾,35.155261,138.751793,静岡県,岳南鉄道線
cec5bd5f-abea-4822-ad96-cf5a4f1cac23,新静岡,34.975823,138.387423,静岡県,静岡鉄道静岡清水線
d3ac14cb-3695-4f72-9427-b742d40a061f,日吉町,34.977017,138.391114,静岡県,静岡鉄道静岡清水線
3ef3afae-9e0c-47b7-b9cf-d71b0c789df9,音羽町,34.978387,138.395775,静岡県,静岡鉄道静岡清水線
6e91dc4c-0715-4520-9b5b-9e65a2883ce1,春日町,34.978387,138.400544,静岡県,静岡鉄道静岡清水線
016026f8-d180-4ab8-a4b1-b4e40a6e0151,柚木,34.981891,138.406084,静岡県,静岡鉄道静岡清水線
b7e49373-4690-40d7-ade4-d0b61c8a63ab,長沼,34.989069,138.412884,静岡県,静岡鉄道静岡清水線
ee529d74-e620-4fe0-a2c6-17ec277f685a,古庄,34.992855,138.419581,静岡県,静岡鉄道静岡清水線
c078590e-80ca-4ee7-9a73-a71e8a92a424,県総合運動場,34.993375,138.430113,静岡県,静岡鉄道静岡清水線
e62cee2e-6a7b-47d7-b38e-bfdda7bb8541,県立美術館前,34.997494,138.438088,静岡県,静岡鉄道静岡清水線
aedc36c8-b264-484e-80d0-7776d6964811,草薙,35.001457,138.44269,静岡県,静岡鉄道静岡清水線
437b24a2-c22b-4824-ac4f-573ed6017d25,御門台,35.007902,138.452464,静岡県,静岡鉄道静岡清水線
aacfdb3e-521f-4d0a-8cbc-61140cf64697,狐ヶ崎,35.011488,138.459739,静岡県,静岡鉄道静岡清水線
4506c287-063f-4e43-b3da-a51e5378c767,桜橋,35.013107,138.477573,静岡県,静岡鉄道静岡清水線
052e692f-f1ab-4054-a288-d4ee9cdbd53c,入江岡,35.014891,138.481264,静岡県,静岡鉄道静岡清水線
20ff3ab7-8ede-4cad-bb84-a69ee8205978,新清水,35.017054,138.487539,静岡県,静岡鉄道静岡清水線
6078d0a2-b2b1-4ab6-860b-0e95eb5e8e32,掛川,34.769568,138.014256,静岡県,天竜浜名湖線
6ab25c3d-6ad4-4b44-b857-6822def28768,掛川市役所前,34.770289,138.000143,静岡県,天竜浜名湖線
546d002e-44e5-41ab-a3cc-732550f23081,西掛川,34.771952,137.99501,静岡県,天竜浜名湖線
323a149d-c85f-49dd-b349-b56f29177cb4,桜木,34.778216,137.972764,静岡県,天竜浜名湖線
67416dbd-2895-4e06-9372-b57f86e30e39,いこいの広場,34.788103,137.963773,静岡県,天竜浜名湖線
9f577696-2b06-4cbf-989e-fcb6661f9ded,細谷,34.792705,137.961606,静岡県,天竜浜名湖線
1c96acc9-8d5e-496a-8f27-44096faed47e,原谷,34.808434,137.955023,静岡県,天竜浜名湖線
480a754d-b5d6-4fae-915f-07cac45739d9,原田,34.820183,137.952911,静岡県,天竜浜名湖線
4dd554ad-a470-4405-b36f-da8a316573b9,戸綿,34.831311,137.931038,静岡県,天竜浜名湖線
b2a45667-cee0-48f7-a1d7-8c8a24cb961a,遠州森,34.8311,137.924297,静岡県,天竜浜名湖線
b66acbef-613c-4c85-ad78-8dcb1bbd4479,森町病院前,34.826389,137.917944,静岡県,天竜浜名湖線
3c60aa0e-9608-48ad-b386-31a1a0fb6ff7,円田,34.820793,137.907574,静岡県,天竜浜名湖線
329fca51-c7b8-454b-a8a9-0893aee1e063,遠江一宮,34.818045,137.889145,静岡県,天竜浜名湖線
513d6af0-dd58-436e-a93c-be93ac512743,敷地,34.826218,137.864355,静岡県,天竜浜名湖線
91ab1187-f026-4f1b-b9a4-2bd02e17d510,豊岡,34.837105,137.839758,静岡県,天竜浜名湖線
555cc249-f47a-4344-8794-ad21c856482f,上野部,34.847442,137.830058,静岡県,天竜浜名湖線
513f9fd5-3633-4ad1-8342-ae82f38bb564,天竜二俣,34.859118,137.820045,静岡県,天竜浜名湖線
2ec86f04-7cb5-459a-8cdb-f71a8f0c2661,二俣本町,34.859504,137.813015,静岡県,天竜浜名湖線
4b721c0e-33a7-46a9-be49-a4cd8f33dbfd,西鹿島,34.846758,137.807988,静岡県,天竜浜名湖線
8ff76892-71de-4cdc-8b9b-fb0246060ba3,岩水寺,34.837705,137.792537,静岡県,天竜浜名湖線
667d7aed-0f14-48ea-a513-e72531611054,宮口,34.830389,137.773731,静岡県,天竜浜名湖線
b55dd3e9-5ab4-4988-ac83-820ce75e016f,フルーツパーク,34.834406,137.731976,静岡県,天竜浜名湖線
f3327979-06fe-4907-98c0-c56166f37c8e,都田,34.828223,137.718272,静岡県,天竜浜名湖線
04a7a634-e100-407a-84f9-09f526e4e95e,常葉大学前,34.81989,137.709231,静岡県,天竜浜名湖線
51bb948d-a19f-4d81-96d3-15270ad02dbe,金指,34.816951,137.681103,静岡県,天竜浜名湖線
087fb6fa-59c3-4365-bb43-0897f29a5cb5,岡地,34.812295,137.665686,静岡県,天竜浜名湖線
576dcada-6a95-46b5-8198-549114cffe4c,気賀,34.80722,137.651937,静岡県,天竜浜名湖線
b6fbdb65-3502-4393-b798-85880139acca,西気賀,34.802323,137.621523,静岡県,天竜浜名湖線
8908d142-25ea-45ca-b8c8-ecaf77c33988,寸座,34.790102,137.612523,静岡県,天竜浜名湖線
c7aa4946-3b83-4677-a6dd-01cfe94d726c,浜名湖佐久米,34.789146,137.599286,静岡県,天竜浜名湖線
03219ac3-82e0-4b72-8cae-a9b451d85d5d,東都筑,34.790412,137.586571,静岡県,天竜浜名湖線
ce997f82-8e4b-4334-9c84-729647d913f2,都筑,34.79585,137.574516,静岡県,天竜浜名湖線
37aba0f6-814c-4ff4-958a-b44f87edc7c1,三ヶ日,34.802565,137.551705,静岡県,天竜浜名湖線
bce4092c-248a-41cb-84a8-fe1c0e212867,奥浜名湖,34.795068,137.545934,静岡県,天竜浜名湖線
f6df6580-3b78-48b2-9b82-2b1fc1aa0d5c,尾奈,34.783958,137.541755,静岡県,天竜浜名湖線
c431c102-1cd7-4e09-9378-dcf9dfa9a427,知波田,34.753069,137.511873,静岡県,天竜浜名湖線
e4f9cb4f-07e2-4e74-a3dc-9eae7ffa4ebf,大森,34.737865,137.509636,静岡県,天竜浜名湖線
4b0a806c-9cd1-4e3d-a53b-27a21d28f439,アスモ前,34.727685,137.49405,静岡県,天竜浜名湖線
41a9ecbd-d92f-4ff5-bcba-36d14a311a49,新所原,34.723343,137.485002,静岡県,天竜浜名湖線
d6d74233-e173-4dd7-90d1-82debca8e0f4,新浜松,34.703402,137.732456,静岡県,遠州鉄道鉄道線
47242f3c-9362-4180-8582-d3879c6f3a98,第一通り,34.707477,137.732845,静岡県,遠州鉄道鉄道線
67981cec-a551-4c05-942a-4bbc2e72538e,遠州病院,34.710657,137.73327,静岡県,遠州鉄道鉄道線
7eeae764-2a55-4590-a54d-9a9e024b97bf,八幡,34.717012,137.73598,静岡県,遠州鉄道鉄道線
5518f53d-6a23-426d-b1f1-2ac6225516b7,助信,34.72355,137.738413,静岡県,遠州鉄道鉄道線
9de384f1-8dd2-4d3d-bbc1-2cda8349bef0,曳馬,34.7331485033167,137.741603851318,静岡県,遠州鉄道鉄道線
6c5398ea-cfbc-45b1-ba66-f67816d8f015,上島,34.741568,137.745462,静岡県,遠州鉄道鉄道線
3186fb35-e866-47a3-bcf1-1a3b83f53182,自動車学校前,34.747489,137.751625,静岡県,遠州鉄道鉄道線
833e4882-83ca-4d95-9016-6861d7efe272,さぎの宮,34.757275,137.757327,静岡県,遠州鉄道鉄道線
9522c9e0-c5a5-4f79-985e-589d577b4601,積志,34.768082,137.763409,静岡県,遠州鉄道鉄道線
6dbae290-a981-451e-9c31-2454380fa132,遠州西ヶ崎,34.776821,137.773905,静岡県,遠州鉄道鉄道線
0422aec9-b7b3-408e-ac1a-807e7b08b129,遠州小松,34.784264,137.777838,静岡県,遠州鉄道鉄道線
2ffac522-299c-4b50-babe-1a3a63c76d41,浜北,34.791358,137.784356,静岡県,遠州鉄道鉄道線
b0dc01e6-11a3-4797-9428-af6bdef2e567,美薗中央公園,34.798208,137.789764,静岡県,遠州鉄道鉄道線
1aa7b96f-815f-4daf-9035-c3035363fbe6,遠州小林,34.808374,137.795538,静岡県,遠州鉄道鉄道線
bed951a5-d0cb-4104-a422-3d7800b87b7b,遠州芝本,34.824024,137.798718,静岡県,遠州鉄道鉄道線
ae003c2a-5c07-42e9-8b7b-ec9f83637926,遠州岩水寺,34.834373,137.801131,静岡県,遠州鉄道鉄道線
16308992-6adb-4c15-ab20-c01830db8326,西鹿島,34.846758,137.807988,静岡県,遠州鉄道鉄道線
109d79ef-c11d-44bc-9810-e5fc2c109468,金谷,34.819568,138.12605,静岡県,大井川鐵道大井川本線
0d125445-7d54-47cb-8711-2d0d4802a95c,新金谷,34.825737,138.137645,静岡県,大井川鐵道大井川本線
a0b7e26c-3e61-47f7-b26c-748808ea0062,代官町,34.835493,138.126102,静岡県,大井川鐵道大井川本線
f0731c31-edc8-46c8-80b5-5133e37fd9d1,日切,34.839012,138.122394,静岡県,大井川鐵道大井川本線
c829fe9e-e29f-47bf-a521-905774ca5046,五和,34.844806,138.120771,静岡県,大井川鐵道大井川本線
10280e9a-d2e8-4fbf-b2c7-d1feafaeb0d6,神尾,34.882842,138.101595,静岡県,大井川鐵道大井川本線
b40a4162-de89-4a03-be87-3c8f88c3ca94,福用,34.901881,138.090124,静岡県,大井川鐵道大井川本線
3b0e323f-5c2f-42c1-b648-f133a1d0f738,大和田,34.921104,138.08215,静岡県,大井川鐵道大井川本線
000338e3-3806-469d-b1ed-f8bc3fa56c51,家山,34.940071,138.077764,静岡県,大井川鐵道大井川本線
6735bf18-3e75-4a42-a039-c982bbc3ddca,抜里,34.953373,138.087672,静岡県,大井川鐵道大井川本線
8c56bef4-b200-4ac7-83f4-fb4c4f9f9fb3,川根温泉笹間渡,34.962291,138.086114,静岡県,大井川鐵道大井川本線
136dfda2-0da2-487a-a64b-82af775f1e62,地名,34.986019,138.087252,静岡県,大井川鐵道大井川本線
95183265-98df-4dde-b2bf-e9851b1e6c40,塩郷,34.997664,138.090612,静岡県,大井川鐵道大井川本線
d7f04c34-1d55-4fae-a9ef-2ded5801c7ef,下泉,35.022064,138.090078,静岡県,大井川鐵道大井川本線
42da32a7-96ca-413e-a719-b77daa1ff903,田野口,35.0513,138.095416,静岡県,大井川鐵道大井川本線
9f517c7c-633c-4fa6-bad8-cfad647e4ceb,駿河徳山,35.074758,138.110516,静岡県,大井川鐵道大井川本線
eb1c4e5f-b3db-4fef-b71f-d0859bde4864,青部,35.089592,138.115473,静岡県,大井川鐵道大井川本線
99502704-2067-4525-bf79-0e69c6bf10fe,崎平,35.091803,138.127411,静岡県,大井川鐵道大井川本線
46fefe63-f12f-4381-a15f-a1b1aabe7c18,千頭,35.107754,138.13656,静岡県,大井川鐵道大井川本線
dfb590b7-b521-4790-acfb-aec47ff1133d,千頭,35.107754,138.13656,静岡県,南アルプスあぷとライン
2fa61fee-09c8-4416-87c3-10cf499df7a9,川根両国,35.116836,138.140592,静岡県,南アルプスあぷとライン
6919f729-6e22-447b-b2f6-001b4273a6e8,沢間,35.124705,138.134365,静岡県,南アルプスあぷとライン
787e9ed4-a6c9-4b1c-ad65-085515ff0136,土本,35.136057,138.139186,静岡県,南アルプスあぷとライン
ce41898a-5e8d-4149-a3c2-ddd9dafb6e9c,川根小山,35.141753,138.14106,静岡県,南アルプスあぷとライン
5e2cdd0f-a9cc-435e-a28a-e9a116e8770c,奥泉,35.149739,138.147796,静岡県,南アルプスあぷとライン
2dde03db-d2e6-4df8-a373-7195c848fbb7,アプトいちしろ,35.167514,138.144825,静岡県,南アルプスあぷとライン
70e0fd87-0bea-4132-a436-6d34196e9f70,長島ダム,35.168787,138.157124,静岡県,南アルプスあぷとライン
4dd1af59-9d50-4adc-8869-3ab41919c7f0,ひらんだ,35.164806,138.167507,静岡県,南アルプスあぷとライン
2a671604-81e4-4dc5-b834-34285d80ce17,奥大井湖上,35.1682,138.180792,静岡県,南アルプスあぷとライン
d3a21f83-c178-4537-9350-5431a85abf7d,接岨峡温泉,35.178821,138.185177,静岡県,南アルプスあぷとライン
8d4adf66-b009-4d3e-89d8-bbb7420de865,尾盛,35.192131,138.174369,静岡県,南アルプスあぷとライン
60408324-37ae-484b-8961-f987b5ed6939,閑蔵,35.191737,138.194189,静岡県,南アルプスあぷとライン
788605c4-8680-43b0-a1d2-74807541f8ca,井川,35.212242,138.221111,静岡県,南アルプスあぷとライン
5326a29b-b25b-4523-89b5-fdd968632028,名古屋,35.168733,136.882417,愛知県,あおなみ線
b6b703d9-0750-4ea1-9683-49a55122a912,ささしまライブ,35.161745,136.881815,愛知県,あおなみ線
22a622ea-002e-4d0d-8378-d515e3ac5918,小本,35.14921,136.861331,愛知県,あおなみ線
00fb1605-c3ef-446d-aa9a-3ada7356132c,荒子,35.139992,136.861676,愛知県,あおなみ線
0ee2e6de-f095-4dd7-8cfb-5d7c37f7a0dd,南荒子,35.131707,136.861771,愛知県,あおなみ線
83508092-662d-4d43-9e7a-55cb0ff36f53,中島,35.125144,136.861346,愛知県,あおなみ線
bad3d7cf-f846-4a17-9d42-5a9cfe0f343e,名古屋競馬場前,35.114529,136.862739,愛知県,あおなみ線
bb6c392e-5aeb-4410-aef2-dc8fdf76786e,荒子川公園,35.104569,136.861148,愛知県,あおなみ線
37cb35f2-ccfc-4a49-b6ab-dbbccc323c27,稲永,35.091418,136.863203,愛知県,あおなみ線
49f278ed-a3eb-4aab-bbca-3b4b545156c7,野跡,35.075253,136.854136,愛知県,あおなみ線
f9f621a7-eecb-4474-968c-edd45fa0fcf0,金城ふ頭,35.048775,136.849009,愛知県,あおなみ線
dbcabeab-46c8-465e-abff-3977910bedd4,枇杷島,35.198681,136.861816,愛知県,東海交通事業城北線
bc97ee8d-7bd3-4534-a299-3de594e2b276,尾張星の宮,35.212988,136.855011,愛知県,東海交通事業城北線
d42c83c9-d32b-4748-96de-b21acea12e57,小田井,35.221043,136.880491,愛知県,東海交通事業城北線
23246024-cceb-4d0c-88a7-d35b0ed0c1bd,比良,35.228549,136.90178,愛知県,東海交通事業城北線
cfcc5dce-2990-4c50-bac5-d3c44b80b497,味美,35.229504,136.932263,愛知県,東海交通事業城北線
30e4608d-e9cc-4908-bac6-4720432af60b,勝川,35.227821,136.952734,愛知県,東海交通事業城北線
a4d5f3d8-0c53-4519-966c-c9bf66d9d490,岡崎,34.925417,137.157243,愛知県,愛知環状鉄道線
36602bf1-4c37-43c8-bdfa-709267fa4078,六名,34.941132,137.152004,愛知県,愛知環状鉄道線
cb1f3d9c-249d-4bb0-b956-6f191ac635f5,中岡崎,34.956231,137.152723,愛知県,愛知環状鉄道線
03f83be8-9a8e-4d1d-bd2f-a358d058af9d,北岡崎,34.972301,137.157736,愛知県,愛知環状鉄道線
a7263b36-c296-45b5-9b91-334408812e51,大門,34.982411,137.154883,愛知県,愛知環状鉄道線
9f04b042-6aae-440a-81f8-b568a64d1581,北野桝塚,34.996289,137.139457,愛知県,愛知環状鉄道線
9d4670e6-c95c-4fc6-81c4-0b076ee09fab,三河上郷,35.012384,137.132756,愛知県,愛知環状鉄道線
11b6bfb5-025e-45c7-8027-4e8b7c0cb461,永覚,35.027361,137.138983,愛知県,愛知環状鉄道線
7de30996-cbdb-4b63-972d-a3423715745b,末野原,35.03949,137.146866,愛知県,愛知環状鉄道線
ac7c4275-c3dd-44e0-b0e0-b011507b4a63,三河豊田,35.0554,137.150934,愛知県,愛知環状鉄道線
412b6d17-d13b-46ff-9db9-7dd853fd31bc,新上挙母,35.071732,137.151206,愛知県,愛知環状鉄道線
99f7b561-f368-438c-8250-d25a5699da55,新豊田,35.088041,137.153524,愛知県,愛知環状鉄道線
c888d78b-2100-4cd0-be67-b2677603b47b,愛環梅坪,35.105056,137.160781,愛知県,愛知環状鉄道線
d84eb4f5-ba82-49a7-ba8f-86dc70b1ae6c,四郷,35.12211,137.162635,愛知県,愛知環状鉄道線
8e5f0c48-dc91-41a1-835a-87a4346dafa6,貝津,35.133089,137.148091,愛知県,愛知環状鉄道線
e79b0e86-31f0-4966-a6dc-87226278e132,保見,35.136665,137.134363,愛知県,愛知環状鉄道線
1065fd37-e713-447d-98b4-ef19c9b07d8e,篠原,35.155171,137.120592,愛知県,愛知環状鉄道線
fd466c21-9ece-4681-9e0f-8bef6fe97291,八草,35.175404,137.106945,愛知県,愛知環状鉄道線
6c04bc90-a2b5-4580-b317-ea0822157672,山口,35.197656,137.102089,愛知県,愛知環状鉄道線
f176e189-1ad2-4866-9f8f-ecfdebda0490,瀬戸口,35.206679,137.081866,愛知県,愛知環状鉄道線
9f879c11-5376-4bb0-9eab-db6eb5617490,瀬戸市,35.225921,137.078452,愛知県,愛知環状鉄道線
1bb75a3f-5ec8-4fd4-8bb1-b42638846a9d,中水野,35.250399,137.071947,愛知県,愛知環状鉄道線
c60e8207-b0a2-4ed5-91cf-b0d99dcaa17e,高蔵寺,35.26434,137.043766,愛知県,愛知環状鉄道線
cf5b6ca3-d965-4088-a260-7d41108eac82,藤が丘,35.182113,137.02171,愛知県,リニモ
04d47641-1099-4fb1-acfd-a046cd55f49c,はなみずき通,35.17767,137.035369,愛知県,リニモ
f8bce4ec-915b-4bb5-983a-924ee668f4fe,杁ヶ池公園,35.171788,137.037866,愛知県,リニモ
423d03d9-1722-4e80-980b-4a6a118b1afa,長久手古戦場,35.171574,137.049932,愛知県,リニモ
554b1f49-6066-4d65-9b2c-29e79ea08965,芸大通,35.171938,137.061092,愛知県,リニモ
284bc976-a663-403d-aeb0-6e88b8b2f5f5,公園西,35.174403,137.076737,愛知県,リニモ
c0289516-8b91-4eec-b077-5bdca5de53f2,愛・地球博記念公園,35.177948,137.08796,愛知県,リニモ
6dffdb00-cb5d-4593-86c8-fb14fc112472,陶磁資料館南,35.179286,137.097099,愛知県,リニモ
2532ded5-1dff-4f8b-b217-d3e2e8d71ed3,八草,35.176623,137.106366,愛知県,リニモ
de4878fb-2211-42b7-838e-a01611642cde,高畑,35.139161,136.853466,愛知県,名古屋市営地下鉄東山線
a96a13b3-4e3a-4cb6-82f6-ca6d6db903c9,八田,35.148986,136.853278,愛知県,名古屋市営地下鉄東山線
48850483-0999-4af9-aeb1-937061b05066,岩塚,35.158459,136.854406,愛知県,名古屋市営地下鉄東山線
4b70d69d-cd89-47b3-b10e-1e496916a136,中村公園,35.16783,136.855056,愛知県,名古屋市営地下鉄東山線
06f79ee2-7bf2-43b1-8f33-0b747a8de90c,中村日赤,35.172385,136.861733,愛知県,名古屋市営地下鉄東山線
f17296c7-0ffd-4f6a-a218-1c4983063753,本陣,35.177135,136.866782,愛知県,名古屋市営地下鉄東山線
166abd60-6220-4ccd-8624-c3b60985c27c,亀島,35.177526,136.876756,愛知県,名古屋市営地下鉄東山線
0d8846f6-3c38-426c-8ab4-7b6cb8c2b43f,名古屋,35.171252,136.883925,愛知県,名古屋市営地下鉄東山線
a86b970c-7b62-490c-acc1-f5b495a39982,伏見,35.169273,136.897427,愛知県,名古屋市営地下鉄東山線
4cafd190-9204-4904-8838-0bd9d42d4c81,栄,35.16999,136.908031,愛知県,名古屋市営地下鉄東山線
f2c2fe37-c95b-4fd7-aa31-994c6f4bc4d2,新栄町,35.170729,136.920377,愛知県,名古屋市営地下鉄東山線
2cf01b68-b5ce-4848-9f14-ac56aeb7f9d2,千種,35.170625,136.930402,愛知県,名古屋市営地下鉄東山線
e448080b-4137-4500-9706-6499b365526c,今池,35.169919,136.937331,愛知県,名古屋市営地下鉄東山線
0c36eee8-732f-434c-bb6d-a2a4bd1de95f,池下,35.167675,136.946486,愛知県,名古屋市営地下鉄東山線
bba2feb3-0dc5-4265-bf95-7f5d913e54e1,覚王山,35.166565,136.953708,愛知県,名古屋市営地下鉄東山線
dcacf0d4-1ada-4ee8-90d5-5b0d0374db78,本山,35.163923,136.963441,愛知県,名古屋市営地下鉄東山線
9a31a96e-3c8b-477f-b73d-c36bd36f93c5,東山公園,35.160454,136.972873,愛知県,名古屋市営地下鉄東山線
f278e599-d53e-4357-9d26-8f8dd3c2b2ff,星ヶ丘,35.162399,136.985095,愛知県,名古屋市営地下鉄東山線
e36c36b5-da5f-458c-8ea1-bf37a5bfd0c6,一社,35.168231,136.995927,愛知県,名古屋市営地下鉄東山線
0076b17e-98ac-4594-92dc-af08aba83fd9,上社,35.173656,137.007081,愛知県,名古屋市営地下鉄東山線
b0dfe287-ab88-4430-83ca-943b07bf4b88,本郷,35.175453,137.013425,愛知県,名古屋市営地下鉄東山線
20765543-81ff-44b9-8ab8-80de44bcc14e,藤が丘,35.182415,137.021361,愛知県,名古屋市営地下鉄東山線
628cccdd-918d-4608-8487-b20040dc246b,ナゴヤドーム前矢田,35.190691,136.945255,愛知県,名古屋市営地下鉄名城線
f073d204-0a71-4155-ae76-bf26fdfc2031,大曽根,35.192385,136.937204,愛知県,名古屋市営地下鉄名城線
64eb4610-569d-41c4-a69a-f9881776d551,平安通,35.195934,136.929784,愛知県,名古屋市営地下鉄名城線
b7de3d3d-a132-4e8e-b1d4-d04fdc51a010,志賀本通,35.196281,136.92121,愛知県,名古屋市営地下鉄名城線
17830655-d009-466b-8b97-81f0b4796f0a,黒川,35.197183,136.910178,愛知県,名古屋市営地下鉄名城線
dd9351e8-bdd0-4ee0-9105-64bd1b6b700e,名城公園,35.190528,136.904748,愛知県,名古屋市営地下鉄名城線
e5bb4560-423d-4b68-a2be-b6a65bdd7287,市役所,35.18156,136.905379,愛知県,名古屋市営地下鉄名城線
e0f4153c-c01f-4128-98e8-84f6d89d2d0d,久屋大通,35.173784,136.908156,愛知県,名古屋市営地下鉄名城線
a2dc00be-83fc-45d4-a9f1-9087106eda70,栄,35.16999,136.908031,愛知県,名古屋市営地下鉄名城線
010f1fc9-0f06-4029-8cf9-bd153ad976f7,矢場町,35.163785,136.90899,愛知県,名古屋市営地下鉄名城線
9bab97e8-b53c-4275-b5ef-c1e7a8504107,上前津,35.157477,136.906815,愛知県,名古屋市営地下鉄名城線
bda26311-ccd0-4a99-8887-3f7fa6f8ae20,東別院,35.150453,136.904824,愛知県,名古屋市営地下鉄名城線
ce0765f3-35f2-4885-b690-342de39fe9dc,金山,35.14352,136.901611,愛知県,名古屋市営地下鉄名城線
33281b07-b66c-497f-9fac-97b984bc0327,西高蔵,35.134622,136.901769,愛知県,名古屋市営地下鉄名城線
d826bb97-83c6-4383-ab43-5a5d4ad6d4e5,神宮西,35.127956,136.906769,愛知県,名古屋市営地下鉄名城線
48e14a6d-51e1-4cf9-bcd4-70f790f1ed46,伝馬町,35.120735,136.91038,愛知県,名古屋市営地下鉄名城線
fa186a54-7b6e-4944-9e9c-2e5ddeb9c8e2,堀田,35.116644,136.921685,愛知県,名古屋市営地下鉄名城線
b3b14ef3-f921-4efb-91e2-f266e38985bb,妙音通,35.117125,136.929545,愛知県,名古屋市営地下鉄名城線
5d402b4a-f0cd-4e05-a359-07f2e0f9a4bc,新瑞橋,35.117734,136.936603,愛知県,名古屋市営地下鉄名城線
228d313e-366c-4258-afce-6b439f18d5d5,瑞穂運動場東,35.123167,136.948685,愛知県,名古屋市営地下鉄名城線
3f3cf2da-a0c1-4e43-b93e-a75249f2634c,総合リハビリセンター,35.130536,136.954523,愛知県,名古屋市営地下鉄名城線
78c18ee5-f12a-407b-8b37-ad36b9c5c358,八事,35.136946,136.964036,愛知県,名古屋市営地下鉄名城線
1eb4ed1a-3156-4239-8a2f-46d49ff7799d,八事日赤,35.144556,136.965008,愛知県,名古屋市営地下鉄名城線
53888743-0307-4cff-aec2-168569b0e1a5,名古屋大学,35.154261,136.96658,愛知県,名古屋市営地下鉄名城線
5c176745-fb66-40cd-9dca-5674fa2687b8,本山,35.163923,136.963441,愛知県,名古屋市営地下鉄名城線
8a445036-e814-4c62-91f7-f2ef23ae434e,自由ヶ丘,35.174961,136.966762,愛知県,名古屋市営地下鉄名城線
1ccc56b7-6a61-4e13-9c3b-d8dbd8cad054,茶屋ヶ坂,35.184612,136.962254,愛知県,名古屋市営地下鉄名城線
634c0f59-ea01-4e8d-ab74-8b94565a005e,砂田橋,35.188861,136.953999,愛知県,名古屋市営地下鉄名城線
1742d33e-55f2-481b-9283-55d3e825dc93,金山,35.14352,136.901611,愛知県,名古屋市営地下鉄名港線
0c41b2fa-1f98-4a1e-abf0-1a68f6fcf3c7,日比野,35.132711,136.893125,愛知県,名古屋市営地下鉄名港線
e189dfd8-0c98-4d83-bc25-03b7acc365b4,六番町,35.124623,136.888715,愛知県,名古屋市営地下鉄名港線
5583a8d4-96d3-4d48-bf51-1798f7da7508,東海通,35.113388,136.887336,愛知県,名古屋市営地下鉄名港線
899d7349-5fff-4105-9ac3-46160f4d5779,港区役所,35.105736,136.88455,愛知県,名古屋市営地下鉄名港線
9f8a2830-2380-459d-b7ca-936817341e78,築地口,35.099348,136.883162,愛知県,名古屋市営地下鉄名港線
c5df207c-4ace-42eb-9b39-97ba95087f7c,名古屋港,35.09348,136.881971,愛知県,名古屋市営地下鉄名港線
9236e354-4d8f-4431-93ed-699de2662f50,上小田井,35.223482,136.876941,愛知県,名古屋市営地下鉄鶴舞線
3b9a0ff4-84d8-4f72-a98b-339b4aab753d,庄内緑地公園,35.215186,136.886963,愛知県,名古屋市営地下鉄鶴舞線
4df987cb-c76b-47b4-b6dd-e78b4493a99b,庄内通,35.204476,136.891044,愛知県,名古屋市営地下鉄鶴舞線
70ae3bd9-4dbb-4d86-a015-cfddce5c15c8,浄心,35.192205,136.890819,愛知県,名古屋市営地下鉄鶴舞線
90931be9-3fd7-4a26-824c-13fd196f18f0,浅間町,35.18384,136.890335,愛知県,名古屋市営地下鉄鶴舞線
adc4cc4a-2e27-4893-8f80-77f275885f32,丸の内,35.173458,136.896944,愛知県,名古屋市営地下鉄鶴舞線
c0699ccb-3ed7-47e7-a481-3f5a7bee6c5a,伏見,35.169273,136.897427,愛知県,名古屋市営地下鉄鶴舞線
ab900aa5-d15a-4afa-a026-e851e4c42a18,大須観音,35.160729,136.898158,愛知県,名古屋市営地下鉄鶴舞線
d522394d-b6f0-456f-a2ce-091105df217c,上前津,35.157477,136.906815,愛知県,名古屋市営地下鉄鶴舞線
53d57e2b-ba96-4b97-8e42-7a321d9146d1,鶴舞,35.15596,136.916749,愛知県,名古屋市営地下鉄鶴舞線
a8ba7476-b082-451b-a974-fd059bc950ec,荒畑,35.149654,136.92593,愛知県,名古屋市営地下鉄鶴舞線
2da87f90-8092-4e4e-8546-96fa0f84b16c,御器所,35.149585,136.934146,愛知県,名古屋市営地下鉄鶴舞線
4190d93a-fb9c-4e0e-9dde-d9195da2c13f,川名,35.148703,136.948717,愛知県,名古屋市営地下鉄鶴舞線
782f243b-8ea7-4f3d-8adc-65aabf11b984,いりなか,35.143234,136.955375,愛知県,名古屋市営地下鉄鶴舞線
78070681-4c9b-4d6b-b73f-5c280bec3b1d,八事,35.136946,136.964036,愛知県,名古屋市営地下鉄鶴舞線
50240397-ec5e-48ea-8428-c13099aa589e,塩釜口,35.132433,136.977529,愛知県,名古屋市営地下鉄鶴舞線
06c1400f-2f12-43ee-ac02-b325c759653d,植田,35.128649,136.987882,愛知県,名古屋市営地下鉄鶴舞線
c4e177a8-265b-4766-ac41-84597a0d9efe,原,35.126118,136.996714,愛知県,名古屋市営地下鉄鶴舞線
0f00459d-d522-42cb-8715-8bdcef954c81,平針,35.122766,137.006904,愛知県,名古屋市営地下鉄鶴舞線
fa8b1771-2592-4cfc-9e24-4d37b0514956,赤池,35.121097,137.017978,愛知県,名古屋市営地下鉄鶴舞線
dc80f34e-ea56-44ff-819a-bfcfb01a617c,中村区役所,35.167611,136.873126,愛知県,名古屋市営地下鉄桜通線
b47e5c27-cbba-4982-bd67-6aeba2a4c4e2,名古屋,35.170761,136.882546,愛知県,名古屋市営地下鉄桜通線
14bbc7d5-8de0-4f25-bba4-dfaef6cbca80,国際センター,35.172128,136.889375,愛知県,名古屋市営地下鉄桜通線
af8316fa-ac88-465b-8990-eb3995c6f7d6,丸の内,35.173098,136.898113,愛知県,名古屋市営地下鉄桜通線
4b161bd8-c383-4872-8641-4d2f85332ea6,久屋大通,35.173784,136.908156,愛知県,名古屋市営地下鉄桜通線
fec1f211-1f7e-4d94-bed6-d6e444d53e09,高岳,35.174062,136.915656,愛知県,名古屋市営地下鉄桜通線
56765d83-fea1-4c2a-b6a5-13c2d477d895,車道,35.173507,136.929543,愛知県,名古屋市営地下鉄桜通線
6ab0061b-1996-4a25-9d1b-594da2cb5d36,今池,35.169919,136.937331,愛知県,名古屋市営地下鉄桜通線
64f5b6b5-b280-45be-823f-31aadb7b20be,吹上,35.158787,136.935376,愛知県,名古屋市営地下鉄桜通線
25ffe970-2eb1-412a-a861-3411096a5e2c,御器所,35.149585,136.934146,愛知県,名古屋市営地下鉄桜通線
877890fc-d471-4783-b001-3c246e6845ba,桜山,35.139695,136.933316,愛知県,名古屋市営地下鉄桜通線
bff10016-e37a-4427-9fee-ff1cd21f11f6,瑞穂区役所,35.131793,136.93443,愛知県,名古屋市営地下鉄桜通線
ae82ecd7-9d06-4fa7-b11e-e618e0606012,瑞穂運動場西,35.124949,136.935477,愛知県,名古屋市営地下鉄桜通線
1378844f-0479-4d2a-b879-091f7c5dd4e9,新瑞橋,35.117734,136.936603,愛知県,名古屋市営地下鉄桜通線
3ad9c33b-97fe-41d8-a75d-c1e2db3cc642,桜本町,35.109001,136.936761,愛知県,名古屋市営地下鉄桜通線
d32a3919-85e4-4601-926e-85ed5293cb65,鶴里,35.105738,136.943433,愛知県,名古屋市営地下鉄桜通線
c27fad4c-9538-472e-a37a-f9494a8c75eb,野並,35.102358,136.95549,愛知県,名古屋市営地下鉄桜通線
16d6b7ab-4093-4d94-a01c-e1a9996f213b,鳴子北,35.102684,136.966209,愛知県,名古屋市営地下鉄桜通線
78802510-0408-4837-99c1-a3f44c8776fa,相生山,35.102545,136.976208,愛知県,名古屋市営地下鉄桜通線
11a5bf62-a32a-407e-abfd-96e5333be458,神沢,35.098518,136.98954,愛知県,名古屋市営地下鉄桜通線
4b00fba0-c48f-47f4-bca7-80632cf75f61,徳重,35.094491,136.99815,愛知県,名古屋市営地下鉄桜通線
afa97c0a-9dde-49c3-95bb-e73ba27d0f79,平安通,35.195934,136.929784,愛知県,名古屋市営地下鉄上飯田線
421cbed0-c18c-435b-a712-92acd30301e9,上飯田,35.203845,136.929642,愛知県,名古屋市営地下鉄上飯田線
7bc3e230-a60f-420a-bcea-d668ab45cdf2,小牧,35.28915,136.928461,愛知県,ピーチライナー
f228d88b-2cda-4905-9d53-7626912f9448,小牧原,35.298744,136.935203,愛知県,ピーチライナー
584c4ad2-74ef-4962-9ccc-13b37db1575b,東田中,35.300177,136.943479,愛知県,ピーチライナー
c8e76004-6d93-4107-99a0-3ff6a8088135,上末,35.298338,136.960133,愛知県,ピーチライナー
07f6b5b0-d4c9-4672-8b8c-051ac0a5f027,桃花台西,35.30333,136.974568,愛知県,ピーチライナー
edd30188-b7e8-4cee-9ad0-df5d20bb4684,桃花台センター,35.301489,136.98292,愛知県,ピーチライナー
20e41b3b-7d90-4381-9255-eae323adbea6,桃花台東,35.295426,136.989928,愛知県,ピーチライナー
04b85829-646e-41d3-9c60-fb8d7af486a7,新豊橋,34.762272,137.383375,愛知県,豊橋鉄道渥美線
29f8f112-f938-459f-afe0-8d3e385b7c67,柳生橋,34.75479,137.38847,愛知県,豊橋鉄道渥美線
792e6afa-e49d-45ed-a7d8-1bb63314c068,小池,34.748891,137.388076,愛知県,豊橋鉄道渥美線
8ef9c921-6d6d-4490-9743-e54661b7547a,愛知大学前,34.741682,137.385754,愛知県,豊橋鉄道渥美線
3d4682eb-a004-40d9-8eb0-a8a722859db6,南栄,34.73592,137.385446,愛知県,豊橋鉄道渥美線
0477390c-c9a1-4dca-b4dd-2404429aff12,高師,34.727068,137.381674,愛知県,豊橋鉄道渥美線
87583fa0-8e02-4def-9309-4d8a81a6553c,芦原,34.718433,137.380122,愛知県,豊橋鉄道渥美線
ec44c6d0-83c1-4488-ad57-24a12fdc2fd9,植田,34.711085,137.373047,愛知県,豊橋鉄道渥美線
81d416d5-5451-4bd3-8e21-6012171800f8,向ヶ丘,34.706351,137.367556,愛知県,豊橋鉄道渥美線
2cd3fa0f-f2a2-4144-bb9c-f6264fffa97d,大清水,34.695966,137.358863,愛知県,豊橋鉄道渥美線
68ddecfb-011b-4686-b2c5-7f84e124981e,老津,34.692344,137.33536,愛知県,豊橋鉄道渥美線
264385be-560d-4966-9ec4-25637e802bff,杉山,34.680301,137.320759,愛知県,豊橋鉄道渥美線
3971f2bb-aeab-45a1-b2aa-7c2a92afb678,やぐま台,34.673809,137.309427,愛知県,豊橋鉄道渥美線
a6cb6a26-e6c2-4055-81a7-83b1aed59e46,豊島,34.667459,137.293737,愛知県,豊橋鉄道渥美線
a10259db-3ad2-40ef-ae55-7bad0b2b826f,神戸,34.668253,137.278044,愛知県,豊橋鉄道渥美線
52d522a9-95b1-4d35-9c67-940edad63981,三河田原,34.666875,137.269172,愛知県,豊橋鉄道渥美線
b105823b-9951-44f5-877e-65ccb16fe548,駅前,34.763879,137.383132,愛知県,豊橋鉄道東田本線
a45636b5-496e-4d02-9d53-b93b713b8a07,駅前大通,34.763209,137.385707,愛知県,豊橋鉄道東田本線
13395de8-3bf0-48e5-8093-d9b7c1415a18,新川,34.762857,137.389483,愛知県,豊橋鉄道東田本線
fba5fc8c-5f9e-4b56-b7d8-bf456a0afda1,札木,34.765959,137.390299,愛知県,豊橋鉄道東田本線
48772ed3-1a65-48fc-8e28-bb467816b38a,市役所前,34.767369,137.392488,愛知県,豊橋鉄道東田本線
e4b5f916-62b1-4496-a9b3-b121019d2724,豊橋公園前,34.766841,137.395406,愛知県,豊橋鉄道東田本線
1a4e62ab-333f-4de0-a17e-607f2d89aa73,東八町,34.765924,137.400341,愛知県,豊橋鉄道東田本線
88c736dc-fb5b-4e13-b14e-4ced51fcec0e,前畑,34.765818,137.404718,愛知県,豊橋鉄道東田本線
cbbbda66-e24b-4d72-8213-878473432c53,東田坂上,34.765783,137.408495,愛知県,豊橋鉄道東田本線
e71863d7-21f7-40ae-b3d1-d2d0ef167afa,東田,34.76536,137.413151,愛知県,豊橋鉄道東田本線
844d1fb1-61ac-4728-ae26-7334f8b5653d,競輪場前,34.765078,137.416778,愛知県,豊橋鉄道東田本線
d940ec2d-4eb0-4ab0-943b-38dd7939f19b,井原,34.764232,137.421885,愛知県,豊橋鉄道東田本線
d65ae1ce-57f6-4c25-b017-b651e0d3528d,赤岩口,34.763403,137.429931,愛知県,豊橋鉄道東田本線
bd646d1f-224a-443b-94f5-4a13a50032a8,運動公園前,34.75845,137.422314,愛知県,豊橋鉄道東田本線
af87b740-116a-43b8-8a69-416160684958,井原,34.764232,137.421885,愛知県,豊橋鉄道運動公園前線
0ca27519-eaad-4b61-8dda-f3f7da3eb00e,運動公園前,34.75845,137.422314,愛知県,豊橋鉄道運動公園前線
fd99b927-69fe-46af-9883-b43c9f9c5719,大曽根,35.191372,136.937494,愛知県,ゆとりーとライン
92a9c12e-3b31-40e1-818e-b5e29910f7c9,ナゴヤドーム前矢田,35.19025,136.947407,愛知県,ゆとりーとライン
789d3ffa-e592-4eb3-868f-901eff208f61,砂田橋,35.188821,136.954268,愛知県,ゆとりーとライン
90bf33e2-f8cb-41d9-966a-b76be5d58f0b,守山,35.197431,136.956639,愛知県,ゆとりーとライン
cea2a932-0108-4c9b-aa83-8e6a310a1aeb,金屋,35.202551,136.956747,愛知県,ゆとりーとライン
bf77ff70-88fe-4d81-8567-fd99648c104e,川宮,35.210405,136.962047,愛知県,ゆとりーとライン
004db48c-8520-4a48-b187-68c44e1ec17a,川村,35.214297,136.968591,愛知県,ゆとりーとライン
eb6b1ba7-aa97-445c-adc2-1938fc052c0f,白沢渓谷,35.216121,136.978569,愛知県,ゆとりーとライン
9cf24a30-dbc0-4ffe-a9c8-71dac01cb5f0,小幡緑地,35.218785,136.982839,愛知県,ゆとりーとライン
b14f6156-d487-47b9-b02d-ba5bbd4f25b2,恵那,35.455313,137.408463,岐阜県,明知鉄道明知線
723881ff-6644-42c8-a1f7-6f9372e06151,東野,35.446315,137.428788,岐阜県,明知鉄道明知線
abd543f9-043d-4081-85b3-532bf1bda1f8,飯沼,35.418529,137.461257,岐阜県,明知鉄道明知線
01c1256a-e130-459a-b86f-c1b51e328bac,阿木,35.399759,137.458962,岐阜県,明知鉄道明知線
cd4a7edf-790d-4773-aa55-051db790d973,飯羽間,35.387222,137.437468,岐阜県,明知鉄道明知線
3df1cd41-d7b7-4742-8d21-2f5ceb07681d,極楽,35.379944,137.432619,岐阜県,明知鉄道明知線
80dcd4ca-d131-410a-96bf-18139250eac0,岩村,35.368864,137.43434,岐阜県,明知鉄道明知線
3605656e-199f-4206-afcb-779462f7d886,花白温泉,35.355071,137.407207,岐阜県,明知鉄道明知線
257ed07c-9d57-4b47-9fa7-b166478893a3,山岡,35.350132,137.395679,岐阜県,明知鉄道明知線
f1b9ff6f-1bff-4f16-b3fb-0f3eb44126ed,野志,35.321962,137.389516,岐阜県,明知鉄道明知線
34fea328-8f58-4b9f-a34e-dd5b1618ae1f,明智,35.306169,137.387359,岐阜県,明知鉄道明知線
92b41187-fed3-4e15-a21a-e842dbce696f,美濃太田,35.445617,137.019467,岐阜県,長良川鉄道越美南線
8bd3623e-c448-44d6-806d-a82345abc430,前平公園,35.449771,137.001652,岐阜県,長良川鉄道越美南線
33203126-4104-46bc-8d8d-90338e95ddc3,加茂野,35.460927,136.985062,岐阜県,長良川鉄道越美南線
99303959-9768-429d-bf71-cb96a0a459a9,富加,35.475144,136.969658,岐阜県,長良川鉄道越美南線
b05b6768-eabf-428e-819e-1dd050c1c436,関富岡,35.478588,136.944923,岐阜県,長良川鉄道越美南線
76a3da25-3817-4de7-8971-c11e2061335c,関口,35.479976,136.928872,岐阜県,長良川鉄道越美南線
65ba3b67-5ca3-4c93-86d2-5fd9c17ad291,刃物会館前,35.483434,136.914195,岐阜県,長良川鉄道越美南線
f986251e-c2ec-443d-ad3d-cadb703b24e6,関,35.490027,136.912758,岐阜県,長良川鉄道越美南線
0472a652-0186-4414-a821-156bfef00bf3,関市役所前,35.499004,136.912787,岐阜県,長良川鉄道越美南線
4c9202c9-b46c-4b37-8a6f-d278d76a29c3,関下有知,35.513679,136.914582,岐阜県,長良川鉄道越美南線
a97ccbb7-0c18-4769-9c1e-3512891ad751,松森,35.526808,136.915367,岐阜県,長良川鉄道越美南線
0aa3904c-4da7-491e-a76e-bf926f9b1a3d,美濃市,35.539618,136.915525,岐阜県,長良川鉄道越美南線
55b314a9-08be-44ee-bfe5-046630164082,梅山,35.548981,136.918025,岐阜県,長良川鉄道越美南線
12fb14bd-b9a6-4253-b2d0-f0e3571d7bac,湯の洞温泉口,35.571281,136.931192,岐阜県,長良川鉄道越美南線
0278c207-fc85-437c-bb94-3f1c9b15fe0b,洲原,35.588954,136.944848,岐阜県,長良川鉄道越美南線
5fbc7069-66c6-4f45-a9d5-69676f7d18e2,母野,35.59875,136.942009,岐阜県,長良川鉄道越美南線
810d7939-3f49-4185-8479-621203934080,木尾,35.606394,136.938467,岐阜県,長良川鉄道越美南線
a4f16ffd-1c15-44c6-9e1e-66a074e0f01e,八坂,35.620186,136.944966,岐阜県,長良川鉄道越美南線
7130fa63-2eea-47d3-b86b-6708e932eb62,みなみ子宝温泉,35.627308,136.950618,岐阜県,長良川鉄道越美南線
1bc8e56d-b15e-4e3e-957c-dccebc154322,大矢,35.637327,136.95024,岐阜県,長良川鉄道越美南線
742e575b-724e-47ec-90e2-50ad35ac6b93,福野,35.646726,136.95172,岐阜県,長良川鉄道越美南線
cd21745f-f0e7-460e-8f6f-c93446f106c2,美並苅安,35.660686,136.955047,岐阜県,長良川鉄道越美南線
1edc0239-52e0-4053-9995-2b58c56f4e7a,赤池,35.671021,136.960613,岐阜県,長良川鉄道越美南線
9b2f8a02-81af-4e5f-9f1c-24f8b1b3afbe,深戸,35.686445,136.962498,岐阜県,長良川鉄道越美南線
10257c2b-cee6-4021-8f08-220027bc1a46,相生,35.715114,136.95042,岐阜県,長良川鉄道越美南線
1405a509-9dad-428c-bb52-0f780f673822,郡上八幡,35.741877,136.947364,岐阜県,長良川鉄道越美南線
a2f812c3-63e5-48f8-9ff2-f74eae2f5583,自然園前,35.7702,136.931354,岐阜県,長良川鉄道越美南線
0488174a-8613-4836-a64d-a3ee1040b1ba,山田,35.789003,136.911709,岐阜県,長良川鉄道越美南線
2cd4594a-1cd8-4099-97df-5fb424737cd7,徳永,35.805087,136.903546,岐阜県,長良川鉄道越美南線
0b43baff-b319-4e46-9ab4-707d5346450c,郡上大和,35.815224,136.894872,岐阜県,長良川鉄道越美南線
d7984cd0-10f2-4d0e-9144-62312a7980a9,万場,35.833702,136.883093,岐阜県,長良川鉄道越美南線
136632f9-3a1d-494e-b8ba-27e0e64816de,上万場,35.844429,136.876707,岐阜県,長良川鉄道越美南線
db8d5403-73fc-43c3-a551-5b428501d084,大中,35.853775,136.868405,岐阜県,長良川鉄道越美南線
d1166005-008a-4b3c-ac8a-d0f7ef745945,大島,35.868426,136.859039,岐阜県,長良川鉄道越美南線
4399c319-ecaa-435e-a594-c6c94cae2006,美濃白鳥,35.884946,136.860602,岐阜県,長良川鉄道越美南線
5e1cc453-583e-4aee-8822-232263f1a090,白鳥高原,35.912617,136.843028,岐阜県,長良川鉄道越美南線
974a28af-2bdd-4c72-a004-13afd2a49012,白山長滝,35.919722,136.832312,岐阜県,長良川鉄道越美南線
7ffad1fb-c124-4bbd-9466-ca402d9f757f,北濃,35.92994,136.829793,岐阜県,長良川鉄道越美南線
8d45ebaf-33f7-4879-9e8c-75f035898ae3,大垣,35.367096,136.618288,岐阜県,樽見鉄道樽見線
9eaedb99-e94b-4112-8efc-86304c3050cb,東大垣,35.375338,136.646671,岐阜県,樽見鉄道樽見線
64eaa538-bdb8-438a-9390-ee053ec526d1,横屋,35.386996,136.659479,岐阜県,樽見鉄道樽見線
3ce4384a-6056-4ca1-9e2e-5131a0235a88,十九条,35.395737,136.660945,岐阜県,樽見鉄道樽見線
e6be1522-f655-4453-9103-833ded72cc81,美江寺,35.413387,136.661378,岐阜県,樽見鉄道樽見線
5bf24809-045f-4c95-b2c7-2955741c8444,北方真桑,35.439567,136.674271,岐阜県,樽見鉄道樽見線
beb2b71f-b5ea-4fad-a47c-4ae99d2d0964,モレラ岐阜,35.455112,136.669729,岐阜県,樽見鉄道樽見線
3ed484db-1059-4486-87fa-a57c63c6d6ef,糸貫,35.462891,136.669704,岐阜県,樽見鉄道樽見線
e9c450e0-fb1b-49e3-b9e1-043223275a3d,本巣,35.487599,136.670072,岐阜県,樽見鉄道樽見線
0d53479c-ccad-4690-9b26-22ce63153151,織部,35.499017,136.667241,岐阜県,樽見鉄道樽見線
c1f71260-ebfb-43c1-9233-e83e32d033a9,木知原,35.517759,136.650153,岐阜県,樽見鉄道樽見線
7c5dd94c-5919-4c64-a583-d98f4996d458,谷汲口,35.527552,136.642187,岐阜県,樽見鉄道樽見線
a70e8ac5-b0e1-4cfa-8139-07a64a3cdbd3,神海,35.542487,136.641739,岐阜県,樽見鉄道樽見線
d2d8860a-535c-4da6-84a4-5f26b51dcdce,高科,35.555099,136.641017,岐阜県,樽見鉄道樽見線
61f47b89-6c9c-415a-a9ca-5e26c08e6029,鍋原,35.5659,136.636606,岐阜県,樽見鉄道樽見線
92307553-44f0-46dd-aa12-810be9a27b1d,日当,35.582304,136.631456,岐阜県,樽見鉄道樽見線
2656613e-499b-447e-8331-fbbca3cb62ea,高尾,35.601806,136.625819,岐阜県,樽見鉄道樽見線
e937b804-96db-441d-98f0-83f4b5c90ff7,水鳥,35.617813,136.620771,岐阜県,樽見鉄道樽見線
c9151285-0a14-41e5-8916-4b4a7a0d69ae,樽見,35.635119,136.615827,岐阜県,樽見鉄道樽見線
48c66bf0-c02c-41a4-bd77-2975e11e38b9,近鉄富田,35.006491,136.64934,三重県,三岐鉄道三岐線
d44282ad-74c7-41c5-bd6b-48fba97645c1,大矢知,35.022147,136.633382,三重県,三岐鉄道三岐線
9fd9bf17-752b-4ae0-807d-2fe25a29c9c7,平津,35.028477,136.61843,三重県,三岐鉄道三岐線
1834560a-bd5f-4cc5-ac2d-681fb367421a,暁学園前,35.032798,136.605976,三重県,三岐鉄道三岐線
38dab789-1f1b-4059-9824-cea6416ab440,山城,35.035272,136.588342,三重県,三岐鉄道三岐線
93967125-d227-4d26-b0e4-25d662e21f58,保々,35.046774,136.565936,三重県,三岐鉄道三岐線
2a46a267-e090-4106-a923-39f9ddacf4fc,北勢中央公園口,35.060519,136.566096,三重県,三岐鉄道三岐線
4cd11202-6b74-4b76-ab03-a5daa898f12f,梅戸井,35.075326,136.557033,三重県,三岐鉄道三岐線
2fca9589-a9f9-4740-9f50-b493a813dc2d,大安,35.09196,136.545376,三重県,三岐鉄道三岐線
c797e61a-5982-47f2-b472-78a55ff2d903,三里,35.107062,136.538651,三重県,三岐鉄道三岐線
de338e3d-aef7-4395-845e-a57bb0de1c33,丹生川,35.122757,136.519744,三重県,三岐鉄道三岐線
1d3c2caa-1478-4049-bb43-d7cd21aebd0f,伊勢治田,35.133137,136.514419,三重県,三岐鉄道三岐線
a2eaffed-11a6-483e-9195-ce583ed4a28f,東藤原,35.147643,136.498904,三重県,三岐鉄道三岐線
d8fa34e6-a9e4-4ad5-87a7-ecc5c7a527e1,西野尻,35.16393,136.488224,三重県,三岐鉄道三岐線
23ea1cc9-d798-41bd-8634-37f2eaf28640,西藤原,35.170368,136.478181,三重県,三岐鉄道三岐線
969c5036-ee51-4582-9b16-fd47ebe66785,西桑名,35.065694,136.684034,三重県,三岐鉄道北勢線
1c5a8597-f4e1-41b0-84f5-2e6287742a86,馬道,35.060705,136.676354,三重県,三岐鉄道北勢線
2b4a4fc2-2019-4311-a883-65e99b2b6413,西別所,35.059752,136.666043,三重県,三岐鉄道北勢線
f90194d8-7539-4226-8e3a-98d9967506a2,蓮花寺,35.059657,136.652189,三重県,三岐鉄道北勢線
4ae729d2-19c7-4634-8cd4-1bdbf9412bd1,在良,35.060685,136.643731,三重県,三岐鉄道北勢線
efebf8e1-1606-4012-85d8-ea87b1681fb7,星川,35.064398,136.630113,三重県,三岐鉄道北勢線
1349f920-4aa7-46ef-be0d-71b9a00d2f50,七和,35.06888,136.615722,三重県,三岐鉄道北勢線
9a7b2735-bbbc-4ab3-a8d5-869de10e13cd,穴太,35.073032,136.604887,三重県,三岐鉄道北勢線
062ddcff-90df-4840-a81f-3a6acb3b4d47,東員,35.077945,136.587562,三重県,三岐鉄道北勢線
0a504031-1544-4449-9d45-05b23981d829,大泉,35.095044,136.57021,三重県,三岐鉄道北勢線
a7c4ab20-1ba0-4707-a515-cae0d822c2fb,楚原,35.110984,136.560349,三重県,三岐鉄道北勢線
019404f4-ff6e-4533-a213-278001a5b2a8,麻生田,35.133807,136.535628,三重県,三岐鉄道北勢線
3dcff304-bdb3-4491-b39a-ec2f207bb344,阿下喜,35.146177,136.518796,三重県,三岐鉄道北勢線
e4113a00-b637-4946-b247-f35edc379b85,河原田,34.910952,136.599031,三重県,伊勢鉄道伊勢線
5908f45d-844c-4cdc-b8f1-2c79b2413ac4,鈴鹿,34.878513,136.589009,三重県,伊勢鉄道伊勢線
f8203ec0-1d22-4cb7-a59f-dd4e03c5713a,玉垣,34.855104,136.570038,三重県,伊勢鉄道伊勢線
2f1a539e-c893-4693-80da-e5a848d04dbf,鈴鹿サーキット稲生,34.841053,136.555154,三重県,伊勢鉄道伊勢線
5728cce4-dbbf-45bc-b120-e507ae837883,徳田,34.826288,136.544077,三重県,伊勢鉄道伊勢線
72e0e200-ac3d-4a77-9b4a-2325c7104fdf,中瀬古,34.812167,136.543033,三重県,伊勢鉄道伊勢線
6bd2c411-c4f7-47db-b6c5-dadeb14ed8f1,伊勢上野,34.800444,136.542492,三重県,伊勢鉄道伊勢線
accd3b97-1432-4817-bca0-f5e558ffa1dc,河芸,34.781015,136.53099,三重県,伊勢鉄道伊勢線
bc126660-d260-4f62-aca7-13ec0c73cd71,東一身田,34.758717,136.512126,三重県,伊勢鉄道伊勢線
85d43962-6725-46ab-b076-ccb2f40ff227,津,34.733995,136.510242,三重県,伊勢鉄道伊勢線
49255892-8be9-40fa-9985-0c847544ab29,伊賀上野,34.789026,136.123017,三重県,伊賀鉄道伊賀線
61ca63cf-c0f8-414e-9823-aa9163a95df0,新居,34.786338,136.115903,三重県,伊賀鉄道伊賀線
0c2442ae-6416-4dd4-a962-1e52c0d0e7c7,西大手,34.766923,136.124675,三重県,伊賀鉄道伊賀線
85e11891-4f4f-4386-9100-93f30c6a7989,上野市,34.767654,136.129419,三重県,伊賀鉄道伊賀線
de64ce61-4021-42cf-adc5-3f6ff0c414d2,広小路,34.767054,136.134427,三重県,伊賀鉄道伊賀線
900933b2-90d4-483d-8e9e-6ed607b47e53,茅町,34.761524,136.135732,三重県,伊賀鉄道伊賀線
e737a5b8-eaaa-4ede-9b97-c0af43918573,桑町,34.754164,136.136621,三重県,伊賀鉄道伊賀線
c9730359-85a6-4094-afa4-34fee53090a0,猪田道,34.735424,136.140352,三重県,伊賀鉄道伊賀線
4d0f4293-1d49-4bbd-9cb7-e3fa6b0c75fd,市部,34.726245,136.148661,三重県,伊賀鉄道伊賀線
5d7f0ab5-bdcb-4abb-b1a4-1726b34cc1ca,依那古,34.715199,136.15318,三重県,伊賀鉄道伊賀線
23d356fb-0039-43e9-8552-338fc1262083,丸山,34.704381,136.157461,三重県,伊賀鉄道伊賀線
e92de6ba-908b-4660-83fa-ae4212e55678,上林,34.694998,136.161219,三重県,伊賀鉄道伊賀線
7387dd17-cb71-434d-aeae-d0575857c418,比土,34.675828,136.16047,三重県,伊賀鉄道伊賀線
705df51f-074f-4765-b7d1-629fed42d69b,伊賀神戸,34.673639,136.152854,三重県,伊賀鉄道伊賀線
52927f71-9877-4f9c-835f-40078645c17f,桑名,35.06744,136.683435,三重県,養老鉄道養老線
2c8e1de5-b0ac-413c-9f6f-bb84a4b31c32,播磨,35.078242,136.674595,三重県,養老鉄道養老線
a1919521-748f-405c-9466-89465829702b,下深谷,35.096179,136.661818,三重県,養老鉄道養老線
d6ae9157-406e-454e-96d5-1b9b13b0eeb5,下野代,35.115899,136.647235,三重県,養老鉄道養老線
0b96c0a8-abf1-41c1-9c80-caf21619ed35,多度,35.133855,136.640594,三重県,養老鉄道養老線
e5e71d15-2a92-4abd-a672-860ed7b83ab4,美濃松山,35.160724,136.632644,岐阜県,養老鉄道養老線
fd48bc5e-c8a9-4d6a-81c1-5a22c8eb0d0b,石津,35.181032,136.627765,岐阜県,養老鉄道養老線
6a22e89b-ef44-4735-b183-a7e53b72fce1,美濃山崎,35.198658,136.621595,岐阜県,養老鉄道養老線
ef6f5fc4-6f2e-4d86-bfea-446d38d00bcc,駒野,35.22385,136.603389,岐阜県,養老鉄道養老線
09023859-f3c7-4c4c-a449-c9be68bb4353,美濃津屋,35.251532,136.566651,岐阜県,養老鉄道養老線
93ec8399-8c4e-4d5c-9f84-4d720f35e48b,養老,35.28693,136.556739,岐阜県,養老鉄道養老線
17e3d8de-24ef-4817-ad60-47367379f90f,美濃高田,35.309074,136.563602,岐阜県,養老鉄道養老線
fd5becdf-1288-45b6-8215-f646ea413d45,烏江,35.305346,136.592258,岐阜県,養老鉄道養老線
b9ad469c-6ff4-4748-889f-65df671dc9d7,大外羽,35.315092,136.597382,岐阜県,養老鉄道養老線
c327b2db-1854-49b0-b496-520f0512b86c,友江,35.326501,136.600672,岐阜県,養老鉄道養老線
f0ac2866-f17f-41f0-bb9d-4d260ae51c66,美濃青柳,35.343591,136.603797,岐阜県,養老鉄道養老線
da539d2b-5026-4b22-9e9a-adf2f8ef311b,西大垣,35.360298,136.603363,岐阜県,養老鉄道養老線
d42d17c4-6eca-47da-a1ad-8a6f95d4982f,大垣,35.366664,136.61697,岐阜県,養老鉄道養老線
67e0569b-80b1-48b9-9ae2-54e44bbec5e1,室,35.367272,136.606209,岐阜県,養老鉄道養老線
db009f1d-30d0-40e4-8525-a38803654efa,北大垣,35.375349,136.601979,岐阜県,養老鉄道養老線
488463dc-47a6-4299-b31f-0f5afe309318,東赤坂,35.39414,136.600971,岐阜県,養老鉄道養老線
ccf3e5e8-c182-4b5a-af8a-a60215610fd6,広神戸,35.419651,136.602096,岐阜県,養老鉄道養老線
5a30f198-a14f-41cc-888d-d75ccd6c2446,北神戸,35.430013,136.59441,岐阜県,養老鉄道養老線
afa7869f-ddc3-4932-91b6-259198c7305e,池野,35.436512,136.578712,岐阜県,養老鉄道養老線
ab7d0db1-e9bd-4637-8d5a-eaabdba929e9,北池野,35.44335,136.573673,岐阜県,養老鉄道養老線
5919e408-3169-4cd9-ad4a-459ddee87450,美濃本郷,35.449874,136.571826,岐阜県,養老鉄道養老線
0b813d17-0212-4f22-8b3b-d522a2d737e1,揖斐,35.470314,136.572536,岐阜県,養老鉄道養老線
0d2a9da0-29a5-49db-8c07-77a4eb321cad,米原,35.314578,136.291097,滋賀県,近江鉄道本線
3d955698-a72a-427c-94d0-2040b9ec44b2,フジテック前,35.294672,136.285465,滋賀県,近江鉄道本線
f36b9be4-1346-4d35-9746-abcf7e59d162,鳥居本,35.284788,136.283031,滋賀県,近江鉄道本線
0610a33b-df34-4f26-9cf3-ea6690e6b5e1,彦根,35.271778,136.26353,滋賀県,近江鉄道本線
b020eeee-f51d-44a7-846d-8a6980050bf3,ひこね芹川,35.262195,136.260939,滋賀県,近江鉄道本線
9ad408fe-76b5-47f6-9ed8-7c42c54800ef,彦根口,35.254741,136.25826,滋賀県,近江鉄道本線
ff945cd9-418b-47ca-abe1-6f1b3b7f5f06,高宮,35.236266,136.260524,滋賀県,近江鉄道本線
7f9fb6d1-1b07-450b-83db-f4c19090fe6f,尼子,35.213967,136.246148,滋賀県,近江鉄道本線
987fc5cb-5b30-4ab1-9280-3278b73c8280,豊郷,35.197863,136.230946,滋賀県,近江鉄道本線
336d16c0-2f27-45bd-9dd0-7e5808c6e378,愛知川,35.176119,136.213378,滋賀県,近江鉄道本線
afa39d1c-5471-4752-8589-ae49db7b64b4,五箇荘,35.154476,136.197146,滋賀県,近江鉄道本線
06bc2664-7265-4959-9500-208c85a12326,河辺の森,35.135353,136.196218,滋賀県,近江鉄道本線
bab0a553-6ae0-4183-a166-53122f7ba03a,八日市,35.114264,136.194582,滋賀県,近江鉄道本線
6b963348-d0c8-4008-8823-ffc577914789,長谷野,35.095626,136.187561,滋賀県,近江鉄道本線
728f6140-25c7-4259-bc53-33a5ac0f95d0,大学前,35.087733,136.184698,滋賀県,近江鉄道本線
6c0ad0a7-f1d1-490d-89a8-1d132244d117,京セラ前,35.074748,136.180382,滋賀県,近江鉄道本線
09842e13-58a4-4c99-9277-019461e10138,桜川,35.065052,136.187488,滋賀県,近江鉄道本線
dc78213f-d64d-48ae-a7a9-f3c14d8873e6,朝日大塚,35.05106,136.193568,滋賀県,近江鉄道本線
7e54041e-cab0-40e2-ac38-d2819ab5c676,朝日野,35.03154,136.20572,滋賀県,近江鉄道本線
b2c64506-6564-4f5b-9098-e8bd7e31e0e7,日野,35.012203,136.219457,滋賀県,近江鉄道本線
dba9b2be-9f06-44ea-9418-1c112ef057b5,水口松尾,34.980224,136.18644,滋賀県,近江鉄道本線
8da6b367-4a0c-4299-a74e-c0f4e9276623,水口,34.974238,136.17683,滋賀県,近江鉄道本線
83445ea8-0e64-49ed-9457-42573bbf0680,水口石橋,34.970072,136.171625,滋賀県,近江鉄道本線
4aed5fcc-93d4-4187-9a3b-20309306882d,水口城南,34.968181,136.165648,滋賀県,近江鉄道本線
69eeece9-b973-45b1-b4d2-5c5150017d31,貴生川,34.952455,136.153876,滋賀県,近江鉄道本線
33ed99a4-e233-4ccf-8c59-0c7b577cc4c3,高宮,35.236266,136.260524,滋賀県,近江鉄道多賀線
b8be26e1-fc95-4431-810b-2b8f4d6deffa,スクリーン,35.233264,136.267258,滋賀県,近江鉄道多賀線
0507ee85-d706-492e-a8a7-3b0231402db9,多賀大社前,35.226442,136.284077,滋賀県,近江鉄道多賀線
49be1e93-f853-4e99-86f0-496254bb7790,八日市,35.114264,136.194582,滋賀県,近江鉄道八日市線
13eac4bc-6f5e-43f5-9da9-71e499d76dac,新八日市,35.110356,136.191141,滋賀県,近江鉄道八日市線
93924426-71d7-4afd-8011-4c79a6166fe9,太郎坊宮前,35.108608,136.183958,滋賀県,近江鉄道八日市線
85c435ce-fcc5-4b57-8572-09fbf00e0327,市辺,35.103848,136.165641,滋賀県,近江鉄道八日市線
cc2c2819-d1da-4166-bd5a-3faadce2899e,平田,35.11023,136.146612,滋賀県,近江鉄道八日市線
a28ed96b-79c5-4164-95f1-92a574c5bb75,武佐,35.114894,136.130692,滋賀県,近江鉄道八日市線
74be5440-455c-422a-9344-8bfd70ab74ff,近江八幡,35.12241,136.102812,滋賀県,近江鉄道八日市線
b9406fb0-4a0d-4859-acf0-9e4df6d92d0e,貴生川,34.952033,136.154026,滋賀県,信楽高原鐵道信楽線
d1175f75-3908-404a-afba-09abcddc6e3d,紫香楽宮跡,34.915741,136.087967,滋賀県,信楽高原鐵道信楽線
05af7a8b-f739-48b4-b2a8-818a03e18b9e,雲井,34.911249,136.084317,滋賀県,信楽高原鐵道信楽線
be00617b-fe94-411f-bc8b-eb83b1442f12,勅旨,34.893681,136.073102,滋賀県,信楽高原鐵道信楽線
09dc2beb-09c9-4dc3-b425-7854ad300ebe,玉桂寺前,34.885257,136.06938,滋賀県,信楽高原鐵道信楽線
d6b24196-56de-4f1c-9e87-84a9b5fa428a,信楽,34.87713,136.061317,滋賀県,信楽高原鐵道信楽線
e7f2c9a7-69ae-4078-a558-e8573b3100a5,トロッコ嵯峨,35.018656,135.680704,京都府,嵯峨野観光線
38f90daa-b52d-45e5-aa2d-5b1b97eb5737,トロッコ嵐山,35.017162,135.670252,京都府,嵯峨野観光線
2230016c-c914-4864-99cc-93adcd2bc76f,トロッコ保津峡,35.026148,135.646284,京都府,嵯峨野観光線
a37f1aae-0479-4282-937e-cef564f2c083,トロッコ亀岡,35.01314,135.606751,京都府,嵯峨野観光線
016861d1-d618-46d2-a6b7-a5dc96a9a98a,出町柳,35.030484,135.773286,京都府,叡山電鉄叡山本線
ab439fa5-fccb-45c9-b560-9d48b027fe0a,元田中,35.034968,135.781411,京都府,叡山電鉄叡山本線
1046f5af-09f2-48c1-8721-329024dc1108,茶山,35.038248,135.784508,京都府,叡山電鉄叡山本線
c43c50ce-1055-4b3e-90df-561ee10b08b0,一乗寺,35.044247,135.787416,京都府,叡山電鉄叡山本線
82c83134-23b4-4a7f-9bd1-59fa3d2779c7,修学院,35.050119,135.790297,京都府,叡山電鉄叡山本線
3ba6e456-9656-498a-b723-83d9739b4c9c,宝ヶ池,35.058054,135.792366,京都府,叡山電鉄叡山本線
b85ffc5f-1b90-415f-ac9a-74e392fbc159,三宅八幡,35.062387,135.796207,京都府,叡山電鉄叡山本線
ce655266-ace9-4e91-8d35-7b8801d78f55,八瀬比叡山口,35.065225,135.8085,京都府,叡山電鉄叡山本線
69db164a-6e2e-4bba-b694-3ba6bcb3f11e,宝ヶ池,35.058054,135.792366,京都府,叡山電鉄鞍馬線
a9d61198-0b04-4658-9b8b-a6a8d7ae7d35,八幡前,35.066358,135.79241,京都府,叡山電鉄鞍馬線
418c785e-ee13-4410-abcb-30604c5e1757,岩倉,35.071208,135.786616,京都府,叡山電鉄鞍馬線
58942ffd-549e-468c-95a1-b9a32d32e637,木野,35.071108,135.776525,京都府,叡山電鉄鞍馬線
2ed93154-3d25-4872-961c-6d1683242a74,京都精華大前,35.073069,135.768909,京都府,叡山電鉄鞍馬線
03634e3f-4024-487b-9d46-e3f1a6ea40f8,二軒茶屋,35.077743,135.765876,京都府,叡山電鉄鞍馬線
1fe2cb4b-d480-40ad-8ba2-6b458adf6a1c,市原,35.088236,135.763118,京都府,叡山電鉄鞍馬線
3158506b-4d52-430b-9e7c-5634b1bac468,二ノ瀬,35.097657,135.763065,京都府,叡山電鉄鞍馬線
7292501e-c635-4a30-a1c1-ccbdea67f38e,貴船口,35.105923,135.763804,京都府,叡山電鉄鞍馬線
ba5dab5f-7682-4ad4-aa3b-022d5e867eff,鞍馬,35.113,135.772453,京都府,叡山電鉄鞍馬線
793ddeab-55d2-4ac0-a232-a1ca1b2ee5b1,福知山,35.296931,135.117996,京都府,宮福線
655139cb-7bf0-4551-8130-2d2cfd50f50e,福知山市民病院口,35.306573,135.108581,京都府,宮福線
f1414014-6d42-45da-827b-33890951d516,荒河かしの木台,35.319394,135.105779,京都府,宮福線
7466efd7-e81d-4bd0-b182-b8a20db39c2a,牧,35.337892,135.101751,京都府,宮福線
42c8d3ff-2440-47a1-9245-c76de91691e9,下天津,35.359587,135.111702,京都府,宮福線
d836f853-e66d-4765-96b4-bce8ba8621a6,公庄,35.371855,135.12912,京都府,宮福線
b8da3900-b90c-4a2c-b5f6-1285ed3ece9d,大江,35.388798,135.147856,京都府,宮福線
24d5bcea-26f4-4016-a8c1-27ffaf4c9b9d,大江高校前,35.395675,135.152486,京都府,宮福線
a722c8b2-4835-4bb1-985e-62203ce16bbd,二俣,35.413495,135.154524,京都府,宮福線
93f2e285-834d-42e9-a851-9c6a514a0799,大江山口内宮,35.432023,135.158251,京都府,宮福線
d5f4ef8e-0e79-46f2-97d6-a99bd0be1c57,辛皮,35.462612,135.173161,京都府,宮福線
2f65a5f9-b8d2-4829-98fc-416d623dac35,喜多,35.509318,135.187498,京都府,宮福線
aeb37195-3a34-4e05-b657-beee2ae3419a,宮村,35.523336,135.192134,京都府,宮福線
d7dcd9dd-a737-4e97-b20c-b7bd89f5beea,宮津,35.53441,135.199875,京都府,宮福線
435d9dc6-658a-4868-87a1-c8d984a048eb,宮津,35.53441,135.199875,京都府,宮豊線
2833bf8b-7a26-4b46-8db8-49ee4672743d,天橋立,35.557729,135.182456,京都府,宮豊線
7c12cf0f-6bc3-4eff-9f07-fc415700a335,岩滝口,35.55038,135.151297,京都府,宮豊線
b042a89c-efaf-4673-b5ce-706fe14d8954,与謝野,35.543516,135.126469,京都府,宮豊線
1a00a130-8c1e-40e6-80b0-caf641b87345,京丹後大宮,35.579324,135.093977,京都府,宮豊線
51fa8ca7-9236-4556-80ad-984dbee20bcc,峰山,35.625928,135.07214,京都府,宮豊線
08e049d4-f686-4979-bd28-a42a63555a69,網野,35.667342,135.025599,京都府,宮豊線
be9c58bb-a3dc-4dfc-9745-a3237cca35e4,夕日ヶ浦木津温泉,35.650061,134.972332,京都府,宮豊線
f60caaa0-82e2-4685-b9e8-434915ba428b,小天橋,35.630067,134.928425,京都府,宮豊線
ab7bcd21-13f5-4912-919e-9d6fb5cc4e6a,かぶと山,35.60685,134.919769,京都府,宮豊線
8a538479-11f4-4f20-8e64-162c9bf9eeec,久美浜,35.60235,134.894997,京都府,宮豊線
34c08049-6d51-414f-84ae-f1bfe21c4378,コウノトリの郷,35.552816,134.835391,兵庫県,宮豊線
b1e51440-0540-442a-88c8-ec28cbf985bb,豊岡,35.544593,134.813426,兵庫県,宮豊線
60e99030-a1bb-4e9b-8245-fe03eb9b457f,国際会館,35.062942,135.785216,京都府,京都市営地下鉄烏丸線
1ad4fe34-72d7-45ab-9327-509291527cbe,松ヶ崎,35.051657,135.777114,京都府,京都市営地下鉄烏丸線
1d102b7b-cb27-4a27-8091-fd48418d2e1a,北山,35.051277,135.766329,京都府,京都市営地下鉄烏丸線
525f1cc8-5383-46bf-9bb3-6438fe9b5c6f,北大路,35.044972,135.75866,京都府,京都市営地下鉄烏丸線
c477b716-1a58-45af-88d6-7048f9d03ff4,鞍馬口,35.03739,135.759385,京都府,京都市営地下鉄烏丸線
b372ae7e-2a84-4b5b-bfe0-691fe0fdea82,今出川,35.030168,135.759385,京都府,京都市営地下鉄烏丸線
6e5c4fd5-03cf-4036-b61c-c25f4a34591c,丸太町,35.016554,135.759537,京都府,京都市営地下鉄烏丸線
82b1e6b4-ae8b-49fa-9f77-3308c6e17a17,烏丸御池,35.010517,135.759638,京都府,京都市営地下鉄烏丸線
8b303810-a223-454f-a851-8846a072ed56,四条,35.002353,135.759623,京都府,京都市営地下鉄烏丸線
f0b4d0be-a84a-4097-8212-261aab6361b4,五条,34.995252,135.759687,京都府,京都市営地下鉄烏丸線
e1203eee-cb99-4ba6-81d8-2a3335031c27,京都,34.986836,135.759768,京都府,京都市営地下鉄烏丸線
0e44c247-a3b0-4f14-b34d-12422971c37c,九条,34.979062,135.759664,京都府,京都市営地下鉄烏丸線
4a98aa46-97ab-4a97-82e8-9f434ccaba40,十条,34.972168,135.759623,京都府,京都市営地下鉄烏丸線
710ec184-fec0-44b4-aeee-09dea258a31e,くいな橋,34.962674,135.757441,京都府,京都市営地下鉄烏丸線
74bc94ad-dc1c-45a0-9757-0ad0bc02b043,竹田,34.956825,135.756091,京都府,京都市営地下鉄烏丸線
9faf1e78-e345-491c-aca6-2e05e0cc96cf,六地蔵,34.934233,135.796616,京都府,京都市営地下鉄東西線
77835410-4929-4084-86f3-cbeaccd4c633,石田,34.940569,135.803995,京都府,京都市営地下鉄東西線
b326ac77-c3b7-459c-87d5-a7089ac793f0,醍醐,34.950732,135.810769,京都府,京都市営地下鉄東西線
221b76a7-db6b-43d6-9e1a-e87a1c34f976,小野,34.961218,135.812733,京都府,京都市営地下鉄東西線
d43f6777-c2f2-4f05-8a45-2f21be6e224d,椥辻,34.972675,135.814658,京都府,京都市営地下鉄東西線
15b47209-30ce-4e8b-9969-2ad00eaf624e,東野,34.981841,135.816602,京都府,京都市営地下鉄東西線
ae7b1c5f-6478-4e52-8104-db3fac0dde63,山科,34.991433,135.817376,京都府,京都市営地下鉄東西線
ae836815-e371-49f0-943a-dc4b47596001,御陵,34.996158,135.801637,京都府,京都市営地下鉄東西線
99ad5f5c-1e18-4b03-a243-715a49048310,蹴上,35.008037,135.790227,京都府,京都市営地下鉄東西線
f1e4a88d-a759-4483-9aa5-4547ced16e82,東山,35.009425,135.780448,京都府,京都市営地下鉄東西線
27610e82-657e-4804-9690-595b5525622a,三条京阪,35.009278,135.773773,京都府,京都市営地下鉄東西線
1f16c7f1-6a41-439a-b8e3-a719b8a26abb,京都市役所前,35.011003,135.768829,京都府,京都市営地下鉄東西線
97938bde-67a7-4f8c-b0e0-a384f8c3cfe0,烏丸御池,35.010517,135.759638,京都府,京都市営地下鉄東西線
bb26c45f-12b6-4ce3-afe8-cc29a7c18d37,二条城前,35.011892,135.750473,京都府,京都市営地下鉄東西線
09c5fbdd-b92e-4815-83b4-0f85f998f91d,二条,35.012028,135.741668,京都府,京都市営地下鉄東西線
18f97fd5-9f23-4d34-abbc-2cc8cc7ca942,西大路御池,35.010983,135.731181,京都府,京都市営地下鉄東西線
efef347a-9622-4b1b-95fa-9d696cc67110,太秦天神川,35.010816,135.716085,京都府,京都市営地下鉄東西線
e1041c1b-eab4-4798-b659-a0975ff92096,四条大宮,35.00319,135.748395,京都府,京福電鉄嵐山本線
a0fd6cd3-0a9c-4456-b613-8aaf3d4db098,西院,35.003434,135.733842,京都府,京福電鉄嵐山本線
3a27a93f-ab0f-4845-9ee3-23a805ffdc9c,西大路三条,35.007855,135.732438,京都府,京福電鉄嵐山本線
9467180a-bb5f-4806-af44-faf86fb8d8d9,山ノ内,35.008336,135.72317,京都府,京福電鉄嵐山本線
30a5506f-807d-45fd-812c-e57078280a68,嵐電天神川,35.010192,135.715227,京都府,京福電鉄嵐山本線
7fd9f0bd-13b7-448a-8306-8b54f04c6ef2,蚕ノ社,35.011894,135.712987,京都府,京福電鉄嵐山本線
710aa1aa-8417-4603-b70c-e0d7c59877a1,太秦広隆寺,35.013513,135.708232,京都府,京福電鉄嵐山本線
b5fedaf7-f243-44c5-bfde-7a2e376cad20,帷子ノ辻,35.015146,135.700257,京都府,京福電鉄嵐山本線
ac6ffa84-1429-4f6a-873e-508d7790b4f9,有栖川,35.015249,135.694216,京都府,京福電鉄嵐山本線
80bb84c5-6a09-4f1a-be23-b5a69b0bb76b,車折神社,35.016763,135.688986,京都府,京福電鉄嵐山本線
00c7275d-30bd-4ce6-9c85-8e55325bb5fb,鹿王院,35.01704,135.685236,京都府,京福電鉄嵐山本線
f276e54e-b131-4a69-ac67-8edeba41ee39,嵐電嵯峨,35.016426,135.681425,京都府,京福電鉄嵐山本線
60abfa59-502d-4da0-8657-4aef53ad6745,嵐山,35.015271,135.677698,京都府,京福電鉄嵐山本線
bb23c2af-fd8a-48ce-96e8-025b0bbc0cc1,帷子ノ辻,35.015146,135.700257,京都府,京福電鉄北野線
73bd43a6-c971-4a02-9e1e-2520bf919dcb,常盤,35.020296,135.704807,京都府,京福電鉄北野線
cbdd5715-3648-4108-90cc-d58126f8a3cb,鳴滝,35.023626,135.705793,京都府,京福電鉄北野線
4e8a7d76-a0d1-44fd-b6a6-60c61d576256,宇多野,35.027145,135.709731,京都府,京福電鉄北野線
82bdf64a-806b-4fba-aaf2-6ba9acafef27,御室仁和寺,35.02639,135.714106,京都府,京福電鉄北野線
b4ad9312-0862-4b3e-95e1-ca9cae978731,妙心寺,35.026345,135.718011,京都府,京福電鉄北野線
7a732bba-8c7a-495c-85be-1f23d4ff31af,龍安寺,35.027862,135.721264,京都府,京福電鉄北野線
83c44c79-4aa5-4179-b40e-86b80e1c4dab,等持院,35.027828,135.723797,京都府,京福電鉄北野線
231a1f7e-211c-4b54-a6e6-810143f58707,北野白梅町,35.027409,135.730846,京都府,京福電鉄北野線
a3bf6118-684d-498e-8ed1-c21a495f43b6,千里中央,34.808655,135.495067,大阪府,北大阪急行電鉄
726fb5bf-5de1-4670-acbf-9ec26f8e4fce,桃山台,34.793842,135.497142,大阪府,北大阪急行電鉄
0d2ac198-b358-489d-a495-306febbf2e97,緑地公園,34.774772,135.495278,大阪府,北大阪急行電鉄
c561b6b0-cb0b-41b8-b4d0-892b367667ed,江坂,34.758755,135.497106,大阪府,北大阪急行電鉄
1d85f3fd-867d-4fd2-af05-de9ae56c4e65,川西能勢口,34.827654,135.413393,兵庫県,能勢電鉄妙見線
059f5fc2-4311-4ed5-b303-27de7a59f5f5,絹延橋,34.834809,135.423025,兵庫県,能勢電鉄妙見線
4f63e3d0-1b3a-49eb-8edb-e654f4eb0906,滝山,34.843075,135.421197,兵庫県,能勢電鉄妙見線
ac097d48-5cf7-4293-9213-62552bbc9dff,鶯の森,34.847747,135.418888,兵庫県,能勢電鉄妙見線
357cb2be-aeda-4344-b787-a59e7d614844,鼓滝,34.854735,135.418339,兵庫県,能勢電鉄妙見線
0750ac79-0b53-4624-a671-4c25d34da4fc,多田,34.860815,135.416497,兵庫県,能勢電鉄妙見線
0e655e8a-9ee5-43c1-910f-5b35c5481ac7,平野,34.868719,135.417266,兵庫県,能勢電鉄妙見線
d9e1ea1c-c181-408b-8a37-cbefb33683e1,一の鳥居,34.879599,135.419888,兵庫県,能勢電鉄妙見線
bd1d9af6-4aef-4cb8-b801-2b58be6decde,畦野,34.884954,135.415594,兵庫県,能勢電鉄妙見線
49b45a3a-cb57-4324-a327-9311d75bc73d,山下,34.892926,135.412172,兵庫県,能勢電鉄妙見線
0d6e0520-4438-44d4-88f8-62cea1774317,笹部,34.893765,135.416269,兵庫県,能勢電鉄妙見線
7500a605-08bc-442d-8447-f2b7d0e5c5cd,光風台,34.899887,135.431429,大阪府,能勢電鉄妙見線
6620acfe-a3eb-4606-8a9a-3b2dffa87c21,ときわ台,34.906134,135.438195,大阪府,能勢電鉄妙見線
06b4607c-4cec-4610-a4be-63bdba13e6a3,妙見口,34.911539,135.444597,大阪府,能勢電鉄妙見線
cc0aa139-68c0-4d1e-be71-9534d52ee318,中百舌鳥,34.556232,135.504454,大阪府,泉北高速鉄道線
335c59f5-754d-468b-927b-27fbbe112e3c,深井,34.530398,135.497461,大阪府,泉北高速鉄道線
394d4d93-b30b-4f5c-9136-dbb2e86e55ec,泉ヶ丘,34.497099,135.511575,大阪府,泉北高速鉄道線
60373f6a-61c4-4926-a059-d6639a24493a,栂・美木多,34.485087,135.490286,大阪府,泉北高速鉄道線
64bed708-a76f-4c64-9f0a-fa5f8770135c,光明池,34.474712,135.475572,大阪府,泉北高速鉄道線
bf120f7d-5e00-4dc4-a096-1599f2df2a3d,和泉中央,34.461211,135.456063,大阪府,泉北高速鉄道線
38881023-39a8-4362-8848-44bca623dc88,貝塚,34.445433,135.357898,大阪府,水間鉄道水間線
c2639120-448c-4959-9a62-110d1cfe3dd2,貝塚市役所前,34.439461,135.360497,大阪府,水間鉄道水間線
b741d1bd-aa1d-4c94-9246-a34b46894cd5,近義の里,34.436903,135.362892,大阪府,水間鉄道水間線
0456b669-ce39-493d-8c6f-19bdfd79d9e1,石才,34.430596,135.368205,大阪府,水間鉄道水間線
ae1433dd-7fd0-45bd-9b4d-bf2d6c618564,清児,34.424786,135.372127,大阪府,水間鉄道水間線
f7e87015-412c-4ac5-8326-5d6baf1ed4c3,名越,34.421467,135.375027,大阪府,水間鉄道水間線
33495fe1-2e83-46bc-ad0a-4c0d502c3b8d,森,34.414246,135.38189,大阪府,水間鉄道水間線
0aabdcfc-d023-4a5b-8da4-878f15e9c490,三ツ松,34.411135,135.383387,大阪府,水間鉄道水間線
fec03f27-bfc5-4031-963b-0d7fce99b3ba,三ヶ山口,34.407247,135.385026,大阪府,水間鉄道水間線
e4d3d868-245b-4033-be5c-79a4570b0b1f,水間観音,34.403528,135.385581,大阪府,水間鉄道水間線
cd91fc24-349b-47b6-b327-3140c2b3ac22,江坂,34.758755,135.497106,大阪府,大阪市営地下鉄御堂筋線
98d361fb-1c34-48fc-b34a-53630d644323,東三国,34.741052,135.498496,大阪府,大阪市営地下鉄御堂筋線
1c2d3cdf-270d-4637-865b-bc5d861e1566,新大阪,34.732919,135.498558,大阪府,大阪市営地下鉄御堂筋線
47fed46d-80fe-4f2f-a67a-02dda83d16c2,西中島南方,34.726584,135.498579,大阪府,大阪市営地下鉄御堂筋線
daaa56d4-6a7d-4556-a2e6-23e96da6ce0e,中津,34.711191,135.496938,大阪府,大阪市営地下鉄御堂筋線
fdc8d8b1-ad26-4763-880e-4111cf31be34,梅田,34.703765,135.497496,大阪府,大阪市営地下鉄御堂筋線
f7206b5a-b0f0-4068-8226-6e57ed3a3a54,淀屋橋,34.692289,135.500972,大阪府,大阪市営地下鉄御堂筋線
a7d93135-d9f0-4403-9840-8a06abdca94b,本町,34.681936,135.498982,大阪府,大阪市営地下鉄御堂筋線
bf6d6a28-a275-44ed-b69a-c1d7e24f10ac,心斎橋,34.675012,135.50033,大阪府,大阪市営地下鉄御堂筋線
87cd72cd-b23b-4ace-8604-881a0230fb92,なんば,34.666316,135.500277,大阪府,大阪市営地下鉄御堂筋線
7a4ab485-c6ac-4c39-aa3d-be04ce3e4bc6,大国町,34.656075,135.4978,大阪府,大阪市営地下鉄御堂筋線
64b9a4ce-d58f-4a3b-9113-32f8ec38030a,動物園前,34.648815,135.504413,大阪府,大阪市営地下鉄御堂筋線
ec10c675-aab2-471b-949d-a42f5e5e0764,天王寺,34.646554,135.51374,大阪府,大阪市営地下鉄御堂筋線
084580f3-a35f-469d-a261-d36cca2cab74,昭和町,34.633564,135.516954,大阪府,大阪市営地下鉄御堂筋線
48a39d59-42bd-4fb6-bb17-bbed56db5c6c,西田辺,34.621627,135.515152,大阪府,大阪市営地下鉄御堂筋線
a41df88d-52d0-45e7-b7e5-426febd0637f,長居,34.609873,135.513761,大阪府,大阪市営地下鉄御堂筋線
cb50f6f6-d00c-4ba7-a547-501ada572f34,あびこ,34.598821,135.512747,大阪府,大阪市営地下鉄御堂筋線
5dcd251d-56ad-4a9c-bb62-e2fb2652c05b,北花田,34.581873,135.516469,大阪府,大阪市営地下鉄御堂筋線
354c4c56-661f-48da-8b2f-65d59c03abad,新金岡,34.567447,135.514864,大阪府,大阪市営地下鉄御堂筋線
b9e4235a-e41a-42d5-8739-52d842f7fb3c,なかもず,34.55607,135.50579,大阪府,大阪市営地下鉄御堂筋線
b8e15ce6-e27c-41ee-a071-0e04d9d9ed81,大日,34.749476,135.578241,大阪府,大阪市営地下鉄谷町線
9a62b700-4c1a-4fd9-a189-c6cb05b85e2d,守口,34.737973,135.563851,大阪府,大阪市営地下鉄谷町線
2b6160b6-60be-4def-b12b-559bebe91589,太子橋今市,34.731376,135.55493,大阪府,大阪市営地下鉄谷町線
6f82c915-1f6b-4f69-819e-e2d61b886091,千林大宮,34.723808,135.54913,大阪府,大阪市営地下鉄谷町線
539bcd37-4808-4f07-99f1-46ba46bf7a7f,関目高殿,34.715197,135.545797,大阪府,大阪市営地下鉄谷町線
eb48bf00-1f16-4e28-a7eb-1b192d1279cd,野江内代,34.708951,135.538137,大阪府,大阪市営地下鉄谷町線
0f19c352-4237-41ee-a135-d8312452d503,都島,34.709087,135.525799,大阪府,大阪市営地下鉄谷町線
123c650d-9175-4e99-9de8-2a27282f7002,天神橋筋六丁目,34.710776,135.511283,大阪府,大阪市営地下鉄谷町線
f0806986-888b-4ae5-bf68-ae4c652b40aa,中崎町,34.706864,135.505245,大阪府,大阪市営地下鉄谷町線
5fd6d2bd-de11-428b-86a1-ccf095d62aca,東梅田,34.701031,135.49969,大阪府,大阪市営地下鉄谷町線
9478aa27-c152-4819-8f40-55afe0c6fb37,南森町,34.697699,135.511078,大阪府,大阪市営地下鉄谷町線
285b54fc-bd18-455a-84bb-429fb6c56301,天満橋,34.689457,135.517371,大阪府,大阪市営地下鉄谷町線
0ea33770-6416-4bb3-acd1-af7f5c55afde,谷町四丁目,34.681914,135.517253,大阪府,大阪市営地下鉄谷町線
49f42dba-9d2f-4d8a-9a0b-8f80742663d3,谷町六丁目,34.674923,135.516912,大阪府,大阪市営地下鉄谷町線
bcac3277-9bea-4e05-afe7-78e4d83c1ffb,谷町九丁目,34.667146,135.515801,大阪府,大阪市営地下鉄谷町線
12efb3a0-7d2f-433e-ade1-bc1aa22bce92,四天王寺前夕陽ヶ丘,34.658536,135.514134,大阪府,大阪市営地下鉄谷町線
042967f5-707d-469e-8b9d-2603f71a6438,天王寺,34.647675,135.51316,大阪府,大阪市営地下鉄谷町線
bc9f14f5-07fd-4b80-b1bc-e27f527d1a1d,阿倍野,34.642374,135.51198,大阪府,大阪市営地下鉄谷町線
2e259eba-030f-492b-ac99-5de67405921e,文の里,34.636039,135.518024,大阪府,大阪市営地下鉄谷町線
4e1fc09e-7d39-4493-adf3-4128641b357c,田辺,34.628215,135.525515,大阪府,大阪市営地下鉄谷町線
7aae2799-35e5-4ef5-970f-7a86ee801d49,駒川中野,34.621507,135.533036,大阪府,大阪市営地下鉄谷町線
afbf230f-ef4f-4b9e-8209-be404bdccff8,平野,34.621078,135.548887,大阪府,大阪市営地下鉄谷町線
9567ad70-55e1-4697-9a37-d652f8120631,喜連瓜破,34.609376,135.551633,大阪府,大阪市営地下鉄谷町線
34f15f45-3cf2-4562-a543-07da4649d4c2,出戸,34.609012,135.565801,大阪府,大阪市営地下鉄谷町線
c361900b-8e39-4893-8997-bc907669ca02,長原,34.602432,135.573853,大阪府,大阪市営地下鉄谷町線
b574ee4e-0a51-41b8-b2db-e5593d720227,八尾南,34.597433,135.582464,大阪府,大阪市営地下鉄谷町線
074922d8-e95c-4fa1-a179-36920afb553f,西梅田,34.699642,135.495802,大阪府,大阪市営地下鉄四つ橋線
2d6d6a87-36cf-46a8-93fd-fdc514d4a3b2,肥後橋,34.691355,135.496388,大阪府,大阪市営地下鉄四つ橋線
b7571718-f470-48e6-9c3c-fef968d5c12b,本町,34.681936,135.498982,大阪府,大阪市営地下鉄四つ橋線
a30d3930-2dce-484a-b31a-5253a590ae08,四ツ橋,34.674112,135.496783,大阪府,大阪市営地下鉄四つ橋線
2abc0208-50d5-4378-b4c3-8a6d98c3456b,なんば,34.666402,135.497539,大阪府,大阪市営地下鉄四つ橋線
f80942c7-fdc6-4b5a-93fd-f95b18c71aec,大国町,34.656075,135.4978,大阪府,大阪市営地下鉄四つ橋線
64b6a75a-ed65-4a20-8313-913e11ad904f,花園町,34.644371,135.496636,大阪府,大阪市営地下鉄四つ橋線
14a726e2-4570-4432-8e26-d0157f626f7f,岸里,34.634372,135.493859,大阪府,大阪市営地下鉄四つ橋線
47670651-a4cd-47e1-931a-3fdb63a1818d,玉出,34.624096,135.490527,大阪府,大阪市営地下鉄四つ橋線
7dcc0bea-10d6-49f0-8a2d-8c050a27f53d,北加賀屋,34.621318,135.478861,大阪府,大阪市営地下鉄四つ橋線
a791fe60-ee53-4981-9f95-7514831ce770,住之江公園,34.609269,135.471879,大阪府,大阪市営地下鉄四つ橋線
57c62557-4b13-4924-af4a-5373116430aa,コスモスクエア,34.642888,135.412472,大阪府,大阪市営地下鉄中央線
cf6f8d91-3c54-491a-b3c0-09403b4ebb7e,大阪港,34.65388,135.434336,大阪府,大阪市営地下鉄中央線
725363a2-f0f4-4d6f-97b7-f7bc0026a2e7,朝潮橋,34.661035,135.448863,大阪府,大阪市営地下鉄中央線
587f3dc5-5cd1-4fa1-99ee-1a79ad3a51f0,弁天町,34.668547,135.462381,大阪府,大阪市営地下鉄中央線
dd494d02-f474-4028-a538-febd3b3c7e02,九条,34.675492,135.473749,大阪府,大阪市営地下鉄中央線
d365a042-8beb-4937-8e84-cc7554678ee4,阿波座,34.681483,135.486297,大阪府,大阪市営地下鉄中央線
5f98755e-bbfa-4e20-97ae-1609e6f96e91,本町,34.681936,135.498982,大阪府,大阪市営地下鉄中央線
814682a7-eef2-4986-87f1-79f75ff30cf4,堺筋本町,34.681867,135.506912,大阪府,大阪市営地下鉄中央線
4bcef974-d5ea-4af7-96e1-914377fad936,谷町四丁目,34.681914,135.517253,大阪府,大阪市営地下鉄中央線
32dc88fe-d01e-4d27-8822-1df49690523c,森ノ宮,34.681508,135.532687,大阪府,大阪市営地下鉄中央線
12590610-a232-4e8d-ba39-f031b4309ea2,緑橋,34.680756,135.545242,大阪府,大阪市営地下鉄中央線
47f72677-6d20-48c6-8502-fda10ffede71,深江橋,34.67909,135.557186,大阪府,大阪市営地下鉄中央線
d1e77455-ebbc-4a26-a2ee-a15bfc03c217,高井田,34.678747,135.573113,大阪府,大阪市営地下鉄中央線
201ff1bc-8e44-41aa-a0dc-68aef595ee14,長田,34.678747,135.591919,大阪府,大阪市営地下鉄中央線
7403f8c5-1b16-48bf-8138-083f2a9058d4,野田阪神,34.694384,135.476031,大阪府,大阪市営地下鉄千日前線
14e07415-3f9c-472e-a76e-e627bfc131fc,玉川,34.689607,135.476187,大阪府,大阪市営地下鉄千日前線
ebe9cb63-b5c0-4d0d-8d62-b65b240fbb70,阿波座,34.681483,135.486297,大阪府,大阪市営地下鉄千日前線
d8813bac-97cf-4e07-a8a7-4b21e13d7c6a,西長堀,34.675256,135.487223,大阪府,大阪市営地下鉄千日前線
14cec94f-2a16-4b9f-b529-c071de26d033,桜川,34.668427,135.488839,大阪府,大阪市営地下鉄千日前線
3fe0919d-46da-4aac-86a6-c3175c0d0eaa,なんば,34.667205,135.499599,大阪府,大阪市営地下鉄千日前線
8e09a99d-11de-43e8-8bac-5ec1e02b8383,日本橋,34.667146,135.506635,大阪府,大阪市営地下鉄千日前線
032cc561-195f-48a7-bd7d-242de6d412f2,谷町九丁目,34.667146,135.515801,大阪府,大阪市営地下鉄千日前線
80b4c9c3-a3e9-41cf-ab9c-3e542b4fd89a,鶴橋,34.666032,135.529393,大阪府,大阪市営地下鉄千日前線
8267687e-4e82-4de5-b45b-c9f04f075c01,今里,34.668617,135.544274,大阪府,大阪市営地下鉄千日前線
36f8c59c-da17-4a4f-be61-58f3049222b6,新深江,34.668158,135.553836,大阪府,大阪市営地下鉄千日前線
dbf212d5-2075-40ac-9c70-345804835273,小路,34.661531,135.556245,大阪府,大阪市営地下鉄千日前線
6eae908a-9762-446d-80c5-5584477c752e,北巽,34.652982,135.554964,大阪府,大阪市営地下鉄千日前線
84936c2e-d502-4eda-b07b-f0aa8230b52b,南巽,34.643261,135.553298,大阪府,大阪市営地下鉄千日前線
76e7ae4e-f047-4612-b104-2230ebae9ee0,天神橋筋六丁目,34.710265,135.510757,大阪府,大阪市営地下鉄堺筋線
cfffcd3b-446a-4504-96e5-655bb521c323,扇町,34.703809,135.5108,大阪府,大阪市営地下鉄堺筋線
7be10c58-7bb8-44a3-85f3-220b0d361d03,南森町,34.697699,135.511078,大阪府,大阪市営地下鉄堺筋線
a33dce73-6540-4ca9-97df-35ca570af5ff,北浜,34.691588,135.506634,大阪府,大阪市営地下鉄堺筋線
3bcdfbee-b9ff-47ff-a03e-e47cb72eb26d,堺筋本町,34.681867,135.506912,大阪府,大阪市営地下鉄堺筋線
c6c32e36-0dbf-407c-be89-b4cb69331533,長堀橋,34.674645,135.506357,大阪府,大阪市営地下鉄堺筋線
b9b357bb-da1f-4366-98ea-bf00f1283b28,日本橋,34.667146,135.506635,大阪府,大阪市営地下鉄堺筋線
08aaa2b8-d0cf-4bdd-9690-17cf910ee0d5,恵美須町,34.65508,135.505575,大阪府,大阪市営地下鉄堺筋線
b61b7e53-610b-4c1d-b02d-ef0b7c85800b,動物園前,34.648815,135.504413,大阪府,大阪市営地下鉄堺筋線
2647c99d-c731-4be9-8c99-e44c0523abbd,天下茶屋,34.636847,135.496673,大阪府,大阪市営地下鉄堺筋線
f608feed-a6d2-4fd6-8a8f-9cbc2e60d6eb,大正,34.665855,135.478882,大阪府,大阪市営地下鉄長堀鶴見緑地線
4e1235b2-f84c-4a0b-93d7-6090a39b0072,ドーム前千代崎,34.670757,135.479415,大阪府,大阪市営地下鉄長堀鶴見緑地線
809e80c2-5258-49a7-9b62-6a28403a2529,西長堀,34.675256,135.487223,大阪府,大阪市営地下鉄長堀鶴見緑地線
400a3f8b-f2d7-44f2-8439-d94c0f9b21af,西大橋,34.675442,135.493575,大阪府,大阪市営地下鉄長堀鶴見緑地線
3124b9cc-2806-4f92-aabb-b611ccc560fe,心斎橋,34.675012,135.50033,大阪府,大阪市営地下鉄長堀鶴見緑地線
0b047ea1-8df0-45fd-9701-99c1bcb0137b,長堀橋,34.674645,135.506357,大阪府,大阪市営地下鉄長堀鶴見緑地線
3a0f6851-c8e1-4d12-b338-e3f329dfd18a,松屋町,34.675479,135.512467,大阪府,大阪市営地下鉄長堀鶴見緑地線
97c8afc5-a585-4b46-95da-b46347ec2420,谷町六丁目,34.674923,135.516912,大阪府,大阪市営地下鉄長堀鶴見緑地線
dc648669-ebd9-4527-ac59-d842efd3fd07,玉造,34.674662,135.530251,大阪府,大阪市営地下鉄長堀鶴見緑地線
79be67fd-8022-424f-9c64-7e783b1536a2,森ノ宮,34.681861,135.533481,大阪府,大阪市営地下鉄長堀鶴見緑地線
0a2cb592-bef8-4f2a-b7bd-0049b857c4d8,大阪ビジネスパーク,34.692144,135.529688,大阪府,大阪市営地下鉄長堀鶴見緑地線
0b398676-65bd-480c-92a7-869f934b5fed,京橋,34.696885,135.529962,大阪府,大阪市営地下鉄長堀鶴見緑地線
d29e8eb1-21f1-4a47-a500-9cd9a6bd47cd,蒲生四丁目,34.700368,135.547709,大阪府,大阪市営地下鉄長堀鶴見緑地線
2d9ad3c9-468f-4027-85d3-dd768889bdc4,今福鶴見,34.701913,135.560044,大阪府,大阪市営地下鉄長堀鶴見緑地線
ab913899-2e67-4ceb-88b3-3be4587fbb59,横堤,34.703532,135.57274,大阪府,大阪市営地下鉄長堀鶴見緑地線
786eca2e-520d-465e-8b7c-05de92606428,鶴見緑地,34.710754,135.580239,大阪府,大阪市営地下鉄長堀鶴見緑地線
e0d5de49-fc2d-4fd7-a580-873b19454904,門真南,34.716865,135.59246,大阪府,大阪市営地下鉄長堀鶴見緑地線
9240adbb-8760-4f8a-8d7b-cbafaba5cdc5,コスモスクエア,34.642888,135.412472,大阪府,ニュートラム
2b981cc4-7122-4d6d-b460-7713a69b1c3a,トレードセンター前,34.63865,135.412336,大阪府,ニュートラム
64171cda-edbb-4892-84fd-2db6def19e37,中ふ頭,34.634091,135.417416,大阪府,ニュートラム
166ea16f-e9f0-4ffd-b9ca-9e84a4a7c4d9,ポートタウン西,34.630899,135.422777,大阪府,ニュートラム
ef36e8bd-7c0e-48c5-a9af-9d472113b717,ポートタウン東,34.630882,135.429085,大阪府,ニュートラム
5b85fed3-094c-41e0-b493-c197a64ab6d5,フェリーターミナル,34.619253,135.434962,大阪府,ニュートラム
8e1d7623-539e-47e1-8c93-a6f12201ea3f,南港東,34.613826,135.438607,大阪府,ニュートラム
80168092-9982-4999-bedc-36cefe0c9871,南港口,34.613826,135.445959,大阪府,ニュートラム
2edcc146-315f-40a4-b747-46c249c125cd,平林,34.610683,135.458585,大阪府,ニュートラム
caa71457-609b-41e0-a595-0ca92a7d6b90,住之江公園,34.609269,135.471879,大阪府,ニュートラム
296290f5-9524-4fcd-bcb6-a640a324ab0f,大阪空港,34.791598,135.441821,大阪府,大阪モノレール線
6656c878-940c-4743-9e6c-d28b62f5eca3,蛍池,34.794639,135.449229,大阪府,大阪モノレール線
e9615ee9-dacd-4949-a89a-c4bca947713d,柴原,34.800266,135.458734,大阪府,大阪モノレール線
9dcf3b10-5bba-4ce1-973d-02eb084309f7,少路,34.804246,135.47551,大阪府,大阪モノレール線
5c5d8ee8-2524-491d-89df-7578670c21ed,千里中央,34.807479,135.495114,大阪府,大阪モノレール線
5a728a48-2a7c-4451-8024-cd7f325a1290,山田,34.805664,135.515435,大阪府,大阪モノレール線
84483d24-217f-4f40-9594-4645558294ae,万博記念公園,34.806692,135.530228,大阪府,大阪モノレール線
7662ae97-d060-4c01-a529-8fa7c1b348da,宇野辺,34.808,135.554406,大阪府,大阪モノレール線
85a9475c-a016-4d49-adb6-f4b3b904bd71,南茨木,34.803206,135.564777,大阪府,大阪モノレール線
0d311b3c-6f3a-4a2f-b18f-0df79b8c28bd,沢良宜,34.793902,135.566166,大阪府,大阪モノレール線
024def67-a106-4697-ae97-e9097485e4d1,摂津,34.779842,135.561483,大阪府,大阪モノレール線
ee72a160-4e82-449c-884b-f99242648dcf,南摂津,34.765394,135.568572,大阪府,大阪モノレール線
edf95d18-58c1-4dc9-9ad6-9b3e136ae383,大日,34.74885,135.578928,大阪府,大阪モノレール線
0b94918f-87fa-408b-b6b2-5c3ccf40dd8e,門真市,34.737081,135.582533,大阪府,大阪モノレール線
76b60336-873f-4592-ad60-38e54c4e01c8,万博記念公園,34.806692,135.530228,大阪府,大阪モノレール彩都線
8aa4f5ba-2cd1-4082-8424-1ec3b7cedba2,公園東口,34.810427,135.539235,大阪府,大阪モノレール彩都線
018b28ac-be4e-40a0-a6c3-92eba27f480f,阪大病院前,34.818474,135.530005,大阪府,大阪モノレール彩都線
61d05149-c8c4-419b-9e25-97e2598e7549,豊川,34.834611,135.526778,大阪府,大阪モノレール彩都線
ba407423-629e-4cff-a8a6-06a198f0e2d6,彩都西,34.855492,135.522931,大阪府,大阪モノレール彩都線
b44c4ab0-fc17-407a-a08e-71dfa3d7aa31,天王寺駅前,34.646202,135.512929,大阪府,阪堺電軌上町線
325558da-a3b6-4292-89c4-8a03a97f4cd0,阿倍野,34.642374,135.51198,大阪府,阪堺電軌上町線
b6c91dcd-12b4-4b32-836d-97b2346d2554,松虫,34.635458,135.509852,大阪府,阪堺電軌上町線
8fa52f34-eef7-4833-86e1-07434c254ca2,東天下茶屋,34.632539,135.508475,大阪府,阪堺電軌上町線
aade4d72-605d-4d01-8918-886ae1481be8,北畠,34.627245,135.505408,大阪府,阪堺電軌上町線
7c6bbe5d-f184-442b-a2b4-b1e9e6a35257,姫松,34.624162,135.503203,大阪府,阪堺電軌上町線
1e28aa3a-0c8f-4654-be54-4bee97c48816,帝塚山三丁目,34.620568,135.500709,大阪府,阪堺電軌上町線
407e3e9c-65df-44b7-96eb-d3dfe09dd170,帝塚山四丁目,34.617649,135.499051,大阪府,阪堺電軌上町線
48c75620-0a3a-48e9-b053-fdd73ccc912b,神ノ木,34.615844,135.496957,大阪府,阪堺電軌上町線
58494deb-99bf-4546-8724-53f9061358c2,住吉,34.61448,135.491846,大阪府,阪堺電軌上町線
53f1b5e4-c59b-462e-a130-869c45ca4599,住吉公園,34.613086,135.490541,大阪府,阪堺電軌上町線
f7fe3af7-60c2-40c6-ba5f-fa42b76c9e04,恵美須町,34.654268,135.505103,大阪府,阪堺電軌阪堺線
aefea88d-1eba-4f16-a384-183f292f6930,新今宮駅前,34.649529,135.503333,大阪府,阪堺電軌阪堺線
a4c12b43-dea6-4dce-8917-16a40cff53ad,今池,34.645704,135.502339,大阪府,阪堺電軌阪堺線
50fba6ae-2c30-42e5-9ba1-0d7ca9198248,今船,34.642702,135.501611,大阪府,阪堺電軌阪堺線
f4b8886e-cc51-4d6a-83ff-b0628a6b87c2,松田町,34.639197,135.500895,大阪府,阪堺電軌阪堺線
34be6164-197b-49d2-a4c5-13e825f66f3c,北天下茶屋,34.636511,135.500234,大阪府,阪堺電軌阪堺線
7af4c54c-9b67-460c-bbd2-a72b658e9fb4,聖天坂,34.632909,135.499423,大阪府,阪堺電軌阪堺線
e26cdbfe-f7f9-4ead-b9e4-bbff7a7ec234,天神ノ森,34.629603,135.49799,大阪府,阪堺電軌阪堺線
cc42ab65-3c5b-4d2c-82be-fbd8dabe24a4,東玉出,34.626784,135.495926,大阪府,阪堺電軌阪堺線
71d4a378-8558-4faf-8346-49e4a59d493e,塚西,34.623524,135.494651,大阪府,阪堺電軌阪堺線
81da8411-0d14-4bf3-925e-a87776a8999d,東粉浜,34.618133,135.492588,大阪府,阪堺電軌阪堺線
8fd50769-1e68-48fb-931d-d391a1e2b668,住吉,34.61448,135.491846,大阪府,阪堺電軌阪堺線
a1659501-8d1a-4a86-a263-1f8f1e340b49,住吉鳥居前,34.612139,135.491093,大阪府,阪堺電軌阪堺線
b7e409d2-581a-4d3a-b572-1624ab2c718b,細井川,34.609978,135.491221,大阪府,阪堺電軌阪堺線
e7693a45-75f3-4c0e-99ff-57df3946bf12,安立町,34.605706,135.490188,大阪府,阪堺電軌阪堺線
858918a4-8d49-4a92-986f-efcdbfce16cc,我孫子道,34.600379,135.488833,大阪府,阪堺電軌阪堺線
ed69b214-b457-4780-b912-5f3bebe1ae62,大和川,34.594721,135.486764,大阪府,阪堺電軌阪堺線
95620160-bcec-47af-9390-e54bc0b707cc,高須神社,34.590488,135.485184,大阪府,阪堺電軌阪堺線
553011b7-ee3f-4df2-91f4-69c091eb6a49,綾ノ町,34.587941,135.48315,大阪府,阪堺電軌阪堺線
b91f04e2-c4b2-4f73-ab83-117482507af6,神明町,34.585277,135.48012,大阪府,阪堺電軌阪堺線
3a63a774-e847-41e8-aba2-0a3fd83286b0,妙国寺前,34.583444,135.478426,大阪府,阪堺電軌阪堺線
dce95239-794b-481e-84fd-7dce1ea607df,花田口,34.581519,135.476651,大阪府,阪堺電軌阪堺線
58c3bdda-9469-4fb9-ac8f-0a74fa68e233,大小路,34.579158,135.474448,大阪府,阪堺電軌阪堺線
97f3a4f8-648b-43d7-aceb-14c837a34d56,宿院,34.576439,135.47196,大阪府,阪堺電軌阪堺線
021d93b9-6b71-4e81-852a-8aeb41750b7b,寺地町,34.573637,135.469335,大阪府,阪堺電軌阪堺線
3b93bb43-53fc-4df0-9a02-7778119102c5,御陵前,34.570639,135.466605,大阪府,阪堺電軌阪堺線
ebc43d52-b774-4d17-a09e-e70244973d06,東湊,34.564737,135.462522,大阪府,阪堺電軌阪堺線
d63420b8-96c4-4254-bb38-6c2685d53752,石津北,34.560111,135.458806,大阪府,阪堺電軌阪堺線
3e48d91f-1ea7-4f37-ba98-673a8dd1ec56,石津,34.555444,135.455075,大阪府,阪堺電軌阪堺線
5328cbd7-2615-4306-8a9f-cbf78b1ae86f,船尾,34.549914,135.450565,大阪府,阪堺電軌阪堺線
2c8f86fe-fb8f-4833-b52a-c4f81d77cd66,浜寺駅前,34.541418,135.44316,大阪府,阪堺電軌阪堺線
a8bde3d4-b332-4a70-ac1f-70d819bd2585,三宮,34.693233,135.192862,兵庫県,神戸高速東西線
7e542031-bf39-4bc2-b988-da82df432c49,花隈,34.686117,135.181524,兵庫県,神戸高速東西線
aa07bef9-1648-4820-843c-0f551efd24cd,元町,34.689836,135.18725,兵庫県,神戸高速東西線
b0762c46-21e3-4b97-9a3b-7de2484ffe73,西元町,34.683897,135.17959,兵庫県,神戸高速東西線
d9ac86bf-25a4-4332-97e9-4b9279da8b13,高速神戸,34.679362,135.174441,兵庫県,神戸高速東西線
159491db-3cd1-4de6-b89b-1146c813890f,新開地,34.675981,135.169291,兵庫県,神戸高速東西線
0bad5999-1b13-41af-8d65-8bd869881766,大開,34.671179,135.161709,兵庫県,神戸高速東西線
9d51afad-a7b6-48b2-a83f-93307cb4027d,高速長田,34.667254,135.151551,兵庫県,神戸高速東西線
b1364531-f11d-4f91-987f-f3e87048419e,西代,34.662374,135.144085,兵庫県,神戸高速東西線
1d120375-d9b6-4a62-ab3f-b001fc823c27,新開地,34.675981,135.169291,兵庫県,神戸高速南北線
75c9fa03-739b-4fd8-bbf4-d78444ef30c7,湊川,34.679153,135.166426,兵庫県,神戸高速南北線
6be7bdc4-416b-4997-8f2a-21267d236554,湊川,34.679153,135.166426,兵庫県,有馬線
8ae7518f-63b5-432d-8a4d-a9e7b1e2f2b7,長田,34.681605,135.149592,兵庫県,有馬線
833f7cd6-fcde-4e9a-ac41-1082ff1b0f8c,丸山,34.685913,135.143993,兵庫県,有馬線
303cbfb8-567c-406d-8948-9c1bd6c7d41a,鵯越,34.692576,135.142232,兵庫県,有馬線
4aec202a-4402-48e5-8eb9-63827703d812,菊水山,34.700272,135.147629,兵庫県,有馬線
91dc5fb8-5206-4958-a525-c713885e1554,鈴蘭台,34.723662,135.145867,兵庫県,有馬線
70951b8b-79cc-48f5-b6e8-d5edbb8c9bdb,北鈴蘭台,34.739549,135.151917,兵庫県,有馬線
3ab8b25d-01e4-457d-aeee-d8bbf3bf02e2,山の街,34.746171,135.153211,兵庫県,有馬線
fc95422f-c714-4b04-ad71-11a439f62834,箕谷,34.756969,135.155597,兵庫県,有馬線
e79b20d7-deb0-4ce3-bf7d-a7737bd7a163,谷上,34.761691,135.17142,兵庫県,有馬線
1c16f282-54f6-4a39-96bd-b303c5fbe710,花山,34.769648,135.187308,兵庫県,有馬線
ef6f9a2e-e9a1-49da-8cac-27eafa9e2008,大池,34.780978,135.198693,兵庫県,有馬線
4a47b31a-c5f5-42bb-9928-b8693683f76d,神鉄六甲,34.785205,135.206036,兵庫県,有馬線
e8c7cdd9-2cbf-4ba3-a881-a9341aaf3c5e,唐櫃台,34.790297,135.211461,兵庫県,有馬線
ad67eacf-327e-4539-b46b-f23a9293fb75,有馬口,34.796477,135.221018,兵庫県,有馬線
6de503a6-8bba-4a0c-8f8c-1bef4c7e7378,新有馬,34.796766,135.23097,兵庫県,有馬線
2fba96d4-ec46-4dda-ad77-3fe4dad4a108,有馬温泉,34.799385,135.245868,兵庫県,有馬線
54fbe5bc-fc2f-44bb-86d4-1bf36c82c65f,有馬口,34.796477,135.221018,兵庫県,三田線
2c5db015-bbb1-49b3-baf9-8a246ee7f069,五社,34.806253,135.216243,兵庫県,三田線
b054fc98-e365-418e-a992-aed3c26575ff,岡場,34.821707,135.222443,兵庫県,三田線
94ef21d4-008c-40e0-9a3c-e347c4849801,田尾寺,34.835664,135.226153,兵庫県,三田線
3a4758b3-d703-4cd3-9157-efe826a83490,二郎,34.848818,135.227017,兵庫県,三田線
7fd94fb9-e6f2-4292-b0fd-6ec1f30ae1c1,道場南口,34.856024,135.223137,兵庫県,三田線
5ae670a3-985d-4ef5-b295-07d56d99d2ec,神鉄道場,34.866806,135.226145,兵庫県,三田線
ec3fb370-6d62-4d97-9257-3c21ea12b732,横山,34.876633,135.219696,兵庫県,三田線
3cc171f2-e906-4715-91e9-a5ad84d6db69,三田本町,34.881805,135.229606,兵庫県,三田線
e1300d93-4ab1-4ec3-a200-8fa742cfe7b5,三田,34.888259,135.23052,兵庫県,三田線
435f5009-04a6-475a-86c6-2e4233a2e9c5,三田,34.888259,135.23052,兵庫県,公園都市線
533a1327-f5e3-46eb-8e86-9321a208e6b0,三田本町,34.881805,135.229606,兵庫県,公園都市線
0c6377e6-392e-4e54-9cd0-42d17cc91286,横山,34.876633,135.219696,兵庫県,公園都市線
0e2ec86f-668e-4991-811a-cb7ce7f52398,フラワータウン,34.88546,135.202334,兵庫県,公園都市線
5acd5fe7-f3f6-40bf-9872-650d2002c8e0,南ウッディタウン,34.901729,135.189612,兵庫県,公園都市線
b17a409c-205b-477e-b1ae-69d7a3fe900e,ウッディタウン中央,34.909767,135.183707,兵庫県,公園都市線
d1f5907d-90fa-4820-806d-9e073d996ef0,鈴蘭台,34.723662,135.145867,兵庫県,粟生線
695c09ba-f7b9-423f-9b52-467b5b6ee87b,鈴蘭台西口,34.726356,135.140582,兵庫県,粟生線
f4fe7481-037d-41e7-84e4-3ab2a7c2215c,西鈴蘭台,34.725836,135.135013,兵庫県,粟生線
967ddf2f-83b1-4d9e-a4cc-3ffc7c9647ff,藍那,34.732432,135.118033,兵庫県,粟生線
d79d75d4-83ac-404a-a9b4-5e3e58d3bcab,木津,34.744106,135.088406,兵庫県,粟生線
c55ac9e1-5fc6-4b20-880e-f026ebe9c3a4,木幡,34.748308,135.071218,兵庫県,粟生線
e2098c1e-c0b5-4b58-9563-569f63b6ef96,栄,34.75524,135.056544,兵庫県,粟生線
04f0559b-0d5a-4ffe-9880-bd7e4f992d82,押部谷,34.756609,135.03932,兵庫県,粟生線
7ff59b88-7ff3-4f9e-929d-1972ab826c1d,緑が丘,34.765108,135.02571,兵庫県,粟生線
e47c1df8-ee48-4657-bf1c-8ef706141764,広野ゴルフ場前,34.770269,135.023069,兵庫県,粟生線
05dd257f-fd3b-4cae-846c-ae6e57320e6e,志染,34.782459,135.007598,兵庫県,粟生線
f698b9d3-0fb3-4339-a916-5b8a83c34fed,恵比須,34.797805,134.99861,兵庫県,粟生線
7cdd21ab-0c4a-4d95-895e-db02fd7a3805,三木上の丸,34.800013,134.988814,兵庫県,粟生線
e1251677-5edb-470a-a7df-c40c69cc21e7,三木,34.799814,134.981477,兵庫県,粟生線
04bbe275-b11b-4709-97f7-688bff33e3c0,大村,34.808707,134.97146,兵庫県,粟生線
2f9b4ffd-bcad-4af0-b8e9-3290dec7038b,樫山,34.820491,134.949736,兵庫県,粟生線
54f73f02-81b0-4a9e-b8fd-4f5005e55f11,市場,34.824408,134.94436,兵庫県,粟生線
4ca25841-1b54-40f6-af03-3db7e8b689a5,小野,34.843172,134.934146,兵庫県,粟生線
33a723ad-f672-4ff1-982b-7a3c9984f338,葉多,34.850204,134.919852,兵庫県,粟生線
23765e65-efcd-48ad-95e3-9cc66bd9814b,粟生,34.856899,134.909551,兵庫県,粟生線
911ed031-b45d-4a9e-a573-2bf422b28ea2,新神戸,34.706417,135.195758,兵庫県,北神急行北神線
13af94a5-f1f6-4684-aba5-ed765bd42d2e,谷上,34.761691,135.17142,兵庫県,北神急行北神線
f8353995-95f9-403f-b130-c18501d23bb3,西代,34.662374,135.144085,兵庫県,山陽電鉄本線
e03405f4-ef9c-467c-b33c-f7a09f74c201,板宿,34.66006,135.133403,兵庫県,山陽電鉄本線
44140545-104a-45c3-95f0-f512f1ff8dd9,東須磨,34.655241,135.127642,兵庫県,山陽電鉄本線
a73106d8-612b-4668-bb77-61ae6a73023e,月見山,34.649992,135.121949,兵庫県,山陽電鉄本線
302060c1-f9d6-4d76-9354-650901a5f855,須磨寺,34.646031,135.116224,兵庫県,山陽電鉄本線
86e69273-a83b-4eab-8671-d06de45710fe,山陽須磨,34.643459,135.112208,兵庫県,山陽電鉄本線
846b49f9-4c61-4d22-9e0f-0a6423471266,須磨浦公園,34.637884,135.100145,兵庫県,山陽電鉄本線
6e3a999a-d513-4bcf-a3bf-b8e2adce6531,山陽塩屋,34.633579,135.082389,兵庫県,山陽電鉄本線
72176c0d-ae2e-4cc3-8800-5128e461d5aa,滝の茶屋,34.631071,135.072984,兵庫県,山陽電鉄本線
f74df9ff-603e-4d6c-b4b7-c9c894ea347c,東垂水,34.629216,135.063646,兵庫県,山陽電鉄本線
e2bf2323-8565-4594-8ca7-3070e7cc847f,山陽垂水,34.629468,135.053622,兵庫県,山陽電鉄本線
67ab4fad-e5fd-44bd-9d3a-d231ac02d4bc,霞ヶ丘,34.63024,135.04275,兵庫県,山陽電鉄本線
16c48fba-a6df-4015-a508-0c6abd49c909,舞子公園,34.634156,135.033676,兵庫県,山陽電鉄本線
77d80ca8-6e9a-447f-88d1-23d543ed1271,西舞子,34.638653,135.028187,兵庫県,山陽電鉄本線
b9eddcf6-0286-47f8-a404-f4ede4666f62,大蔵谷,34.646585,135.008367,兵庫県,山陽電鉄本線
d778e645-24c0-4700-8622-8b95c4fe4dec,人丸前,34.647556,135.002592,兵庫県,山陽電鉄本線
180d4c46-8ff9-41db-aaa8-a4bc3ceeb279,山陽明石,34.648725,134.99294,兵庫県,山陽電鉄本線
6cd5dcc4-f49f-4af6-bf2b-02b5c4998b05,西新町,34.649661,134.980752,兵庫県,山陽電鉄本線
62921a42-b45f-4ea3-ab6e-280fa464de03,林崎松江海岸,34.652289,134.965056,兵庫県,山陽電鉄本線
4cc78064-30b6-4214-9549-2b89ee00c33c,藤江,34.663385,134.947571,兵庫県,山陽電鉄本線
b91c5ae9-80e5-4d17-acde-a77be837d008,中八木,34.670832,134.936128,兵庫県,山陽電鉄本線
66815166-63da-4a3c-9849-666ab5426ef6,江井ヶ島,34.679022,134.919879,兵庫県,山陽電鉄本線
f681267b-fc6d-488e-9db5-3a7cadb6a3e6,西江井ヶ島,34.685688,134.908105,兵庫県,山陽電鉄本線
e1b8ffb4-ec9e-4b51-b700-7caea402b960,山陽魚住,34.689252,134.901953,兵庫県,山陽電鉄本線
a75b79b5-adc6-4e71-a80a-719b78128e5a,東二見,34.700359,134.887924,兵庫県,山陽電鉄本線
343697aa-0caf-4faa-af89-9e7ad979e238,西二見,34.707167,134.876927,兵庫県,山陽電鉄本線
81dc8369-641d-433a-8c85-bca6c5b4651f,播磨町,34.716574,134.868159,兵庫県,山陽電鉄本線
0f63709b-9abd-460f-a7a0-9e48ccfcb984,別府,34.730206,134.850702,兵庫県,山陽電鉄本線
6db2f924-9b1b-48ef-800b-dd122d75446b,浜の宮,34.74091,134.83397,兵庫県,山陽電鉄本線
f381ebfb-a723-4d9c-93aa-72c6cc7eb122,尾上の松,34.748576,134.820794,兵庫県,山陽電鉄本線
a01b0b62-4941-41f0-981a-3f8f2a5252af,高砂,34.751978,134.802343,兵庫県,山陽電鉄本線
fd68fe36-f776-4987-b17e-9adc9c2185ac,荒井,34.757833,134.793616,兵庫県,山陽電鉄本線
87c5ebdf-e283-4ca1-9547-6f19521c79d2,伊保,34.767171,134.787048,兵庫県,山陽電鉄本線
e9fc62ac-96e7-4e2a-953d-a54931e04eea,山陽曽根,34.77553,134.77321,兵庫県,山陽電鉄本線
aeba6f9f-8fc3-41d7-97c9-1db37e812ad7,大塩,34.779346,134.757531,兵庫県,山陽電鉄本線
671379ea-99a0-4f73-bc9b-cfe0eb9f08da,的形,34.779882,134.742047,兵庫県,山陽電鉄本線
778f759a-9741-4bf0-903a-e3940ab0093a,八家,34.784144,134.72188,兵庫県,山陽電鉄本線
c7f11573-4fb5-4a0a-b090-19d255ca0bb6,白浜の宮,34.786822,134.707123,兵庫県,山陽電鉄本線
e1e5723b-a28f-4923-9eb9-de2d4c4074ee,妻鹿,34.792271,134.692969,兵庫県,山陽電鉄本線
46a6f141-6270-4bc0-9aab-d730c2c87b81,飾磨,34.799748,134.675401,兵庫県,山陽電鉄本線
cff8b3f9-a042-47c2-9506-41eedbf967c2,亀山,34.810672,134.676765,兵庫県,山陽電鉄本線
d8c69752-5742-4d5f-b023-dfccf1db319f,手柄,34.81986,134.681403,兵庫県,山陽電鉄本線
2c802299-30e3-428a-bfd5-1a8db9579c72,山陽姫路,34.828783,134.689263,兵庫県,山陽電鉄本線
e210bd7d-c5a1-4b0b-94e1-d695857998d7,飾磨,34.799748,134.675401,兵庫県,山陽電鉄網干線
9ee92f6d-13cc-4a54-88c1-c798e6a3ae61,西飾磨,34.803045,134.651176,兵庫県,山陽電鉄網干線
2be219fe-5cc4-4252-beee-83c4ea6863dc,夢前川,34.798695,134.639457,兵庫県,山陽電鉄網干線
1eba98c4-be19-401e-b95e-5948df1260e1,広畑,34.797736,134.62815,兵庫県,山陽電鉄網干線
e0f411e3-0762-46fb-b699-fe2976ad1235,山陽天満,34.796378,134.61741,兵庫県,山陽電鉄網干線
b49a2ecf-8747-40e0-a80c-f2657aded6e9,平松,34.790751,134.601001,兵庫県,山陽電鉄網干線
5294f223-24db-41e7-b7be-315ea68980aa,山陽網干,34.787002,134.587953,兵庫県,山陽電鉄網干線
6a721f35-be59-47f7-b5a7-6cc684ae5ba9,山下,34.892926,135.412172,兵庫県,能勢電鉄日生線
1499f17b-e320-40d7-84ac-cb805abcb058,日生中央,34.906447,135.393216,兵庫県,能勢電鉄日生線
a1fd3585-6f2a-45fe-9c1e-cf305a267925,厄神,34.794561,134.906844,兵庫県,三木鉄道三木線
b1c96c6f-c2f7-44f0-abc9-d533df60c385,国包,34.797308,134.916603,兵庫県,三木鉄道三木線
94353bb6-3e62-4e21-ac1a-63b7b55f059f,宗佐,34.798144,134.922306,兵庫県,三木鉄道三木線
703d32ca-98c9-4b3a-a4de-f3565d1dedc4,下石野,34.796847,134.928097,兵庫県,三木鉄道三木線
c2e2e67c-2633-4f3b-b664-a68bdc63fc3c,石野,34.795014,134.933785,兵庫県,三木鉄道三木線
6ecb2d47-b307-4786-bd8e-864f29302891,西這田,34.794975,134.951328,兵庫県,三木鉄道三木線
83da6ffe-b042-474c-8824-793dc3e18293,別所,34.794497,134.963191,兵庫県,三木鉄道三木線
df71c110-3b92-44e3-a9b3-16166703f6f7,高木,34.793569,134.970599,兵庫県,三木鉄道三木線
a4b84c2d-a92d-4471-9253-00c1ab0b4cb0,三木,34.794616,134.977604,兵庫県,三木鉄道三木線
382ce900-c6b3-4329-a155-a735a06df9f2,粟生,34.857577,134.909435,兵庫県,北条鉄道北条線
19ab78be-a626-4189-bd7d-6841b0f12bd3,網引,34.862022,134.877982,兵庫県,北条鉄道北条線
1827b85a-e1e8-4976-989e-c25a475c6309,田原,34.865486,134.866744,兵庫県,北条鉄道北条線
2a454a30-daa3-4b03-96db-13cad8a32a6e,法華口,34.875262,134.856384,兵庫県,北条鉄道北条線
3d73e62f-419b-4882-8602-46ceea13ea29,播磨下里,34.886258,134.840114,兵庫県,北条鉄道北条線
edc82036-cf61-447f-8a1c-63b023c13db1,長,34.896484,134.82566,兵庫県,北条鉄道北条線
8d3acc5e-a6fa-4ca0-a328-2b1780caf650,播磨横田,34.91048,134.825246,兵庫県,北条鉄道北条線
e55473e1-f41f-4367-b053-e0247fa6dc9e,北条町,34.929664,134.832617,兵庫県,北条鉄道北条線
a7e48dab-db5e-45ab-9596-dc88c85c869a,上郡,34.866413,134.353083,兵庫県,智頭急行智頭線
2c01ba60-d517-4a1b-899c-929686eb822b,苔縄,34.896828,134.354083,兵庫県,智頭急行智頭線
bb25bdb5-b62d-488f-9765-466e29e4e588,河野原円心,34.919603,134.352516,兵庫県,智頭急行智頭線
bb13e4c2-b4fd-476e-aa13-38ebc11a2d25,久崎,34.960153,134.344237,兵庫県,智頭急行智頭線
59b13b22-e248-4b8a-853a-43b1d858ffb8,佐用,35.003579,134.356538,兵庫県,智頭急行智頭線
63a05ad9-1030-432c-a3ae-c13da6bd24eb,平福,35.044206,134.372079,兵庫県,智頭急行智頭線
0ee659f3-c3b1-4376-9a55-e3c411146db4,石井,35.082257,134.357271,兵庫県,智頭急行智頭線
6ca47cdd-5cf4-4597-88fa-635ab3edc596,宮本武蔵,35.101685,134.330389,岡山県,智頭急行智頭線
650ae58c-7b30-4c52-b392-21180c05bb1e,大原,35.123827,134.327553,岡山県,智頭急行智頭線
79bc13ec-edd6-4d5f-b789-fac6318e967a,西粟倉,35.16094,134.335754,岡山県,智頭急行智頭線
f3f2ecf9-0089-48a4-977f-50a3c455ce72,あわくら温泉,35.188901,134.337011,岡山県,智頭急行智頭線
a5db9dee-b0c5-4ebe-aa3a-17f24345900a,山郷,35.232581,134.288644,鳥取県,智頭急行智頭線
81ddae27-e0fc-40c0-8332-008d91f934e9,恋山形,35.255641,134.279083,鳥取県,智頭急行智頭線
9a781ae8-3d14-4ee2-8bf6-fef3ba6b26b8,智頭,35.264992,134.22559,鳥取県,智頭急行智頭線
811e7ad1-365b-41a5-adb0-57445e1e0173,新長田,34.657803,135.144936,兵庫県,神戸市営地下鉄西神線
7706b694-1c06-4786-85eb-6775fbc1d724,板宿,34.660137,135.134368,兵庫県,神戸市営地下鉄西神線
5996e40d-ca8a-4518-9fb2-5e58fbee5c26,妙法寺,34.675194,135.110002,兵庫県,神戸市営地下鉄西神線
03408106-2630-4e12-a8d4-223832d85855,名谷,34.67936,135.094725,兵庫県,神戸市営地下鉄西神線
00695b08-23b0-4656-9ebc-954c63ef007d,総合運動公園,34.68186,135.075838,兵庫県,神戸市営地下鉄西神線
7449ce97-8fca-4234-92f0-384b6b4022e4,学園都市,34.681471,135.057687,兵庫県,神戸市営地下鉄西神線
bc481c38-8058-4569-9182-dbf79a8c5216,伊川谷,34.68785,135.041313,兵庫県,神戸市営地下鉄西神線
b6c478a7-8b39-43be-b546-6ae7956823e5,西神南,34.699357,135.030286,兵庫県,神戸市営地下鉄西神線
eea00407-4546-4245-a1ff-aa5848d45dfb,西神中央,34.719538,135.017367,兵庫県,神戸市営地下鉄西神線
ca13e2f1-4eec-41f6-8952-e2a5c1ef1b85,新神戸,34.705379,135.195823,兵庫県,神戸市営地下鉄山手線
98255de6-e8bf-4b5b-a1da-76a363a359b1,三宮,34.694216,135.193012,兵庫県,神戸市営地下鉄山手線
e7e5090d-eaef-402f-91b6-2924dec736d0,県庁前,34.690916,135.183859,兵庫県,神戸市営地下鉄山手線
248f6748-3a68-4d8e-ae3e-3ddb7d9f233e,大倉山,34.684614,135.174527,兵庫県,神戸市営地下鉄山手線
e664173d-d484-4627-a70e-37dbd354dcc1,湊川公園,34.679188,135.167059,兵庫県,神戸市営地下鉄山手線
61309b42-ea6f-4e26-a683-c64eb79a6087,上沢,34.673251,135.158331,兵庫県,神戸市営地下鉄山手線
ec1aa8a5-c7aa-41e7-9e33-de6c3db9874f,長田,34.668503,135.151502,兵庫県,神戸市営地下鉄山手線
b1e4fc71-9af1-4cad-8217-663773c8909d,新長田,34.657803,135.144936,兵庫県,神戸市営地下鉄山手線
c03d101f-b825-471e-88c1-58d75951db8c,新長田,34.656854,135.144963,兵庫県,夢かもめ
dccbeca3-19b7-4520-884b-561d9d7ecf52,駒ヶ林,34.652108,135.149554,兵庫県,夢かもめ
f63937e5-4617-42a9-8960-5390875c6d7a,苅藻,34.65365,135.156598,兵庫県,夢かもめ
265be630-6310-42a8-bb8e-09e1fa23b153,御崎公園,34.654641,135.164998,兵庫県,夢かもめ
5a415c09-c0d0-429a-9b9a-a907401c251b,和田岬,34.657957,135.176082,兵庫県,夢かもめ
d9d60088-cf13-400d-b97b-edd089b5288c,中央市場前,34.666199,135.175866,兵庫県,夢かもめ
b19880b9-b3e1-4812-af1b-ac4d76f5f5c1,ハーバーランド,34.678554,135.178657,兵庫県,夢かもめ
34dc8872-eaab-441d-a65c-3c919a1ae115,みなと元町,34.685875,135.183973,兵庫県,夢かもめ
95b86a48-5c3d-4d84-b8de-667355f7c210,旧居留地・大丸前,34.689369,135.189836,兵庫県,夢かもめ
0cff6e6c-8747-4ff2-8da5-61643f2b19f8,三宮・花時計前,34.691618,135.195538,兵庫県,夢かもめ
36ec912f-8a88-4925-b5e9-0ef1cdd569ae,三宮,34.694563,135.195306,兵庫県,ポートライナー
bb743a8f-405d-445e-9471-c31a0d210700,貿易センター,34.689339,135.199469,兵庫県,ポートライナー
2431d971-75e6-42b0-8175-6181e21a676c,ポートターミナル,34.681501,135.202205,兵庫県,ポートライナー
2df684e1-ed84-463f-89c9-d88b50200940,中公園,34.673124,135.207483,兵庫県,ポートライナー
2229c29d-acbc-4bb0-9c16-b45a9b0bfc20,みなとじま,34.668863,135.210105,兵庫県,ポートライナー
2973ce80-1575-4620-be09-6ede37fee630,市民広場,34.664897,135.212455,兵庫県,ポートライナー
35706b9b-8f93-4064-9ae5-f4d50077e8c0,医療センター,34.658578,135.216343,兵庫県,ポートライナー
73d198a7-5b42-4871-9fbc-ddbecd5910f5,京コンピュータ前,34.654892,135.221865,兵庫県,ポートライナー
2fe09672-3d79-4cd9-bd0b-75331e1c0592,神戸空港,34.637194,135.229042,兵庫県,ポートライナー
96e2f401-c595-4b77-80db-c249325ae068,南公園,34.664666,135.217007,兵庫県,ポートライナー
a9352b78-94dc-40da-bb36-4865d93f4481,中埠頭,34.669266,135.217096,兵庫県,ポートライナー
fb2c74cc-45d1-427a-a27b-ade6c3a44e52,北埠頭,34.673566,135.214632,兵庫県,ポートライナー
94a723b1-344e-42fb-be24-bd233402f8d8,住吉,34.719512,135.262309,兵庫県,六甲ライナー
d15a8516-1bd7-4a4c-a5dc-8922c39b64c2,魚崎,34.713687,135.268564,兵庫県,六甲ライナー
50401338-9aff-4e86-a4c3-cfc2ffbe978d,南魚崎,34.706751,135.267661,兵庫県,六甲ライナー
250de074-a437-4281-a466-bb2ae6c904d1,アイランド北口,34.692853,135.26875,兵庫県,六甲ライナー
f0247a64-9e2d-4bda-afe9-8044616be53d,アイランドセンター,34.689103,135.269347,兵庫県,六甲ライナー
c55a82b1-3a96-483d-9636-b02cf0a36d77,マリンパーク,34.684176,135.270077,兵庫県,六甲ライナー
9c3275f7-6606-40d9-83e7-37a67448b030,御坊,33.907724,135.158752,和歌山県,紀州鉄道線
d13deb00-c8fc-4e5c-9b31-31a4ca61ea47,学門,33.89627,135.156604,和歌山県,紀州鉄道線
e92c2866-7987-42f8-becd-358738ffb61b,紀伊御坊,33.894292,135.154655,和歌山県,紀州鉄道線
f4a95883-2680-40ec-abb9-e48b7a2f6673,市役所前,33.889565,135.152905,和歌山県,紀州鉄道線
5d173c07-1f1f-49eb-8068-8885a4f91742,西御坊,33.886796,135.152991,和歌山県,紀州鉄道線
019a3649-445e-4281-bcd5-f08f1b6d5ec6,和歌山,34.232046,135.191907,和歌山県,貴志川線
00331046-0f5f-4fa1-be4b-a0f21a36a8d2,田中口,34.227262,135.192862,和歌山県,貴志川線
6bc8c044-05c3-49f2-b6a0-a150a9b1ab5c,日前宮,34.226457,135.201722,和歌山県,貴志川線
be141cbc-e161-4d41-a91d-98c9d7592609,神前,34.212784,135.205092,和歌山県,貴志川線
5b147056-b396-4520-9df1-bb9acec2ae59,竈山,34.207229,135.20727,和歌山県,貴志川線
75163fff-91a2-4c6a-ae9f-7e72d5d29d87,交通センター前,34.203982,135.218027,和歌山県,貴志川線
825bb55c-e858-4916-8df4-77ecadf5219c,岡崎前,34.203524,135.22509,和歌山県,貴志川線
552c22a5-fa03-4615-a72b-88ccc2c11787,吉礼,34.203329,135.235882,和歌山県,貴志川線
d97dfdf4-8c21-4ea9-9f29-653dcdfab57d,伊太祈曽,34.204127,135.251653,和歌山県,貴志川線
2d9bd70a-29a3-4dbc-8856-efb253bf7622,山東,34.20581,135.262077,和歌山県,貴志川線
b0671a3c-f480-4f7b-9b4a-5d31be5c8105,大池遊園,34.204706,135.285239,和歌山県,貴志川線
97ad50ae-c30d-46cb-99d7-b5f1feb1fc36,西山口,34.209508,135.290871,和歌山県,貴志川線
1a1df072-8aef-4e63-afec-3dba782f788c,甘露寺前,34.213327,135.301292,和歌山県,貴志川線
2d5e233f-ea76-453e-9896-f693a18718f6,貴志,34.209509,135.311855,和歌山県,貴志川線
ff977bc2-d50b-49dd-8eca-2ca47583337b,井高野,34.760788,135.544453,大阪府,大阪市営地下鉄今里筋線
6897ab3a-b9e5-4edd-be67-2ac00c4c9083,瑞光四丁目,34.752214,135.547085,大阪府,大阪市営地下鉄今里筋線
7f989c38-c542-4cb8-bfab-099af8715f3c,だいどう豊里,34.743805,135.544408,大阪府,大阪市営地下鉄今里筋線
8af6a2c0-4c65-40ed-8397-b937f1e72bc9,太子橋今市,34.731376,135.55493,大阪府,大阪市営地下鉄今里筋線
8ff292df-ed2b-4d9e-944b-6f02d1d326c3,清水,34.721379,135.563149,大阪府,大阪市営地下鉄今里筋線
4665a001-16ba-4244-a2e4-0bbe83a0ff0b,新森古市,34.715197,135.558296,大阪府,大阪市営地下鉄今里筋線
4bcf994b-b2e3-467a-b8ee-2fc5305d36e2,関目成育,34.712975,135.546353,大阪府,大阪市営地下鉄今里筋線
28251946-aba4-41d2-9d2f-8d084aeb326e,蒲生四丁目,34.700368,135.547709,大阪府,大阪市営地下鉄今里筋線
556b58d4-f225-41a0-ba51-26366ffc2e31,鴫野,34.692605,135.545234,大阪府,大阪市営地下鉄今里筋線
55c7594a-1960-41f7-a8ce-9bb5347eac91,緑橋,34.680756,135.545242,大阪府,大阪市営地下鉄今里筋線
bf4bec92-1c17-4fc5-b56e-cb8429d98eb7,今里,34.668617,135.544274,大阪府,大阪市営地下鉄今里筋線
4ce29d3d-f79e-441b-9498-406b34045958,宮津,35.53441,135.199875,京都府,宮舞線
37029b6a-eca0-4989-b4e7-4e55af460415,栗田,35.543757,135.235291,京都府,宮舞線
be5c6e39-f29a-400b-86a3-2c6e5dbe34d5,丹後由良,35.515736,135.279582,京都府,宮舞線
0c500115-74d2-4f45-a57d-7a8d8fc8f994,丹後神崎,35.506463,135.293628,京都府,宮舞線
b4953690-29c4-433d-a90b-c789fe12e6d2,東雲,35.475018,135.284927,京都府,宮舞線
664b09a7-4af9-48f0-9e56-469d8b4f7cdc,四所,35.446154,135.290471,京都府,宮舞線
dd629bf7-6c89-477e-a57d-5945be6b1997,西舞鶴,35.440957,135.330287,京都府,宮舞線
d0bc95c1-9699-470f-9160-71e6945b082c,郡家,35.412824,134.250807,鳥取県,若桜線
7fae1967-2e6a-4f47-b7a1-0483f4be14d4,八頭高校前,35.405799,134.246254,鳥取県,若桜線
d2487c59-0fa2-4e3a-8f34-c904c19f1b1a,因幡船岡,35.395187,134.249174,鳥取県,若桜線
0a355a0b-d46a-45c8-aae1-02e06d212122,隼,35.388707,134.270503,鳥取県,若桜線
e4fcce40-98fe-42c7-83b4-931789151ffe,安部,35.374526,134.291682,鳥取県,若桜線
05c782aa-0983-47f6-92b7-4b7fc7640194,八東,35.363572,134.316496,鳥取県,若桜線
5582b25a-a7cf-43d2-bd66-9410dbe4a8b1,徳丸,35.364323,134.335719,鳥取県,若桜線
cbcd18ba-127a-4ec7-a43a-4a1f80e0b6a1,丹比,35.360734,134.356175,鳥取県,若桜線
e5bc488f-a490-432a-b7a1-2388448b4d09,若桜,35.345253,134.398289,鳥取県,若桜線
d3357e54-9b8b-48df-94e9-a3179bb787a6,電鉄出雲市,35.36113,132.75777,島根県,北松江線
34631900-b5c7-453d-bb1c-4e2a2bd6d393,出雲科学館パークタウン前,35.362844,132.766186,島根県,北松江線
cbd808ec-5a03-4325-b43a-50b4293a489f,大津町,35.36916,132.774315,島根県,北松江線
69280393-7cef-4324-8727-a419c409656e,武志,35.388003,132.773251,島根県,北松江線
2e96c5e2-dcdc-4225-a3ed-f9d58a7bd12c,川跡,35.395127,132.776411,島根県,北松江線
6a27c93c-46b7-47c5-a9a1-08240eb2de64,大寺,35.404423,132.787326,島根県,北松江線
e15069b8-fe7a-4419-9bc4-e6ed53dead96,美談,35.412572,132.798006,島根県,北松江線
d9900cec-e63a-4c25-bf02-3f9022390d11,旅伏,35.42116,132.806899,島根県,北松江線
4ea23235-81ef-40be-800d-a6e05993b10d,雲州平田,35.432312,132.823685,島根県,北松江線
97915432-c148-4d89-adfe-11be2d0909b3,布崎,35.450275,132.855049,島根県,北松江線
47af27ba-8e60-43e0-950b-43607463eaac,湖遊館新駅,35.452611,132.862037,島根県,北松江線
246e4297-96ed-4ee3-bd0d-a82bbe04f385,園,35.456158,132.868136,島根県,北松江線
7d37241b-611f-4bdd-90b1-9f5915ab2a60,一畑口,35.464605,132.882819,島根県,北松江線
3a4b87ef-94a9-419b-b998-1975509d6942,伊野灘,35.461308,132.900862,島根県,北松江線
fd007ff1-cc83-4a68-86ce-2a5f1951529d,津ノ森,35.466378,132.919002,島根県,北松江線
ba7b7ec9-86d0-4d35-bba8-349879434495,高ノ宮,35.471792,132.930401,島根県,北松江線
f2b89ff1-5a16-44b4-91d6-a624bef72499,松江フォーゲルパーク,35.474969,132.943716,島根県,北松江線
6d68d368-a32d-4026-ba67-244e09ad4ee8,秋鹿町,35.477231,132.95672,島根県,北松江線
2baf4c0a-93b9-4ef0-9a70-8772ad46cef9,長江,35.479792,132.974399,島根県,北松江線
2a30f3a4-6118-4f9b-bc9b-1b711c140816,朝日ヶ丘,35.480865,132.987954,島根県,北松江線
fbf44d1c-f2d2-4475-87be-519646b1d2b0,松江イングリッシュガーデン前,35.477394,133.003643,島根県,北松江線
e072d6cb-05e7-4eda-989f-ae3a33a244f2,松江しんじ湖温泉,35.46731,133.046039,島根県,北松江線
643d2b35-3e58-432e-88ec-617d6c8c97a6,川跡,35.395127,132.776411,島根県,大社線
2ee4f1c4-da3d-4cd6-b2e1-413a74567139,高浜,35.390677,132.746684,島根県,大社線
28184ede-a995-4a7c-a58c-7b92bafe8e07,遙堪,35.389312,132.725637,島根県,大社線
70f81a54-f901-4127-819c-addc75083d92,浜山公園北口,35.38926,132.70829,島根県,大社線
59da9dde-1bb6-47e8-b6b9-c312900b6890,出雲大社前,35.393245,132.687531,島根県,大社線
6f87d1aa-6db3-44de-b3cd-ba15162c2b7b,倉敷市,34.601595,133.765512,岡山県,水島本線
442f917e-5b7d-4504-86a6-3e1e37b08f71,球場前,34.591143,133.747177,岡山県,水島本線
e229e696-2a97-479f-9111-a180cabe6d66,西富井,34.577809,133.743361,岡山県,水島本線
e843a50f-e2a3-48ff-9398-7a89b671ca3b,福井,34.569804,133.744495,岡山県,水島本線
7147d08b-ae61-4c12-bb23-22d7a8531467,浦田,34.561271,133.749761,岡山県,水島本線
399d8340-2d90-4a92-a04d-7bd2d557f9fe,弥生,34.544359,133.747534,岡山県,水島本線
43439273-a65c-4545-845d-3869adc984c5,栄,34.53791,133.744915,岡山県,水島本線
3af8de56-59cb-412e-97da-fafb6ea7f763,常盤,34.53401,133.743246,岡山県,水島本線
a292fabf-818b-436e-8221-922377f68d6f,水島,34.529169,133.741235,岡山県,水島本線
50c8aaa2-5152-426c-8dbb-211d61a29130,三菱自工前,34.522906,133.734197,岡山県,水島本線
d8d14dfb-ac5e-4e9f-9aad-13fca3c90b68,総社,34.673534,133.738007,岡山県,井原線
ac70b59a-98f3-41c5-b3e0-705434888036,清音,34.643671,133.733461,岡山県,井原線
ad15ab11-05ed-44b9-bdd7-ea11867bd955,川辺宿,34.632339,133.715068,岡山県,井原線
62200f18-f345-4da7-a535-6c239925eec4,吉備真備,34.626784,133.692013,岡山県,井原線
19f723d8-8d8d-4420-a466-1c1a8382df30,備中呉妹,34.621587,133.661888,岡山県,井原線
3aada185-5736-46cc-8c8e-ea36b13cfd95,三谷,34.61627,133.61964,岡山県,井原線
b053337e-bd84-43c1-9006-43149cfc706e,矢掛,34.629337,133.590057,岡山県,井原線
de0af124-ec0c-4f3a-b891-93abd8dc4514,小田,34.60606,133.542558,岡山県,井原線
06eadd1f-cada-4fc5-ac31-e1d6d7564247,早雲の里荏原,34.596694,133.507816,岡山県,井原線
42387080-930b-4fbe-a6e8-aa6ca83e79ee,井原,34.592947,133.468906,岡山県,井原線
0872b344-e509-443e-bd32-65a4284a7c27,いずえ,34.587934,133.450677,岡山県,井原線
fcce0cc0-8bc7-4133-8fc3-61574687b8d6,子守唄の里高屋,34.581726,133.433182,岡山県,井原線
dadf0e84-5580-4747-ad82-b7d9f76289fb,御領,34.564822,133.402319,広島県,井原線
ab97d654-7b77-4a32-8dd1-58a3bb15f2fc,湯野,34.552754,133.38681,広島県,井原線
ac141d0f-c251-4c5d-9c60-99dc55e32db5,神辺,34.537484,133.378771,広島県,井原線
fc198a4d-d1d8-4c57-9e90-102e94b0b730,岡山駅前,34.665458,133.9201,岡山県,東山線
7b0868f7-8b09-4f4c-a5dd-e5670ab973c6,西川緑道公園,34.665599,133.923018,岡山県,東山線
45d85fbc-4a44-48bf-9b54-5053b999c0e0,柳川,34.665635,133.925507,岡山県,東山線
a647d4ea-cd77-4786-bbf7-30f166c9cae2,城下,34.665599,133.929756,岡山県,東山線
ff66406e-30c9-4313-afd6-c60bc858152a,県庁通り,34.662599,133.930485,岡山県,東山線
3b41e757-35c4-48c6-b5c7-e20494aa07d6,西大寺町,34.658469,133.930528,岡山県,東山線
f68c5243-5659-46db-b7a6-3577d7166f07,小橋,34.657657,133.936236,岡山県,東山線
a6e1748a-1ed4-40c8-9039-73f11cd1947b,中納言,34.657516,133.937824,岡山県,東山線
09bcc839-34e0-45f0-9488-7cab6c214df3,門田屋敷,34.65621,133.938811,岡山県,東山線
fcb2045d-a9fe-4fcc-b676-e8d0181aaf15,東山,34.656245,133.942759,岡山県,東山線
61ea35f2-c62d-4937-b85d-f8066fb5edea,岡山駅前,34.665458,133.9201,岡山県,清輝橋線
920d639d-1391-443c-94d2-4f3a4371011b,西川緑道公園,34.665599,133.923018,岡山県,清輝橋線
4ede2144-00e0-4d04-bf9a-493d71b55020,柳川,34.665635,133.925507,岡山県,清輝橋線
ac1886bd-f737-407f-aa1b-9a5868db3907,郵便局前,34.662634,133.92628,岡山県,清輝橋線
5cc67531-8cae-4e4d-a257-0d330a4c73f1,田町,34.660658,133.926322,岡山県,清輝橋線
c827b645-f0af-455a-b445-5a5a574132cf,新西大寺町筋,34.658504,133.92628,岡山県,清輝橋線
3bb00dcc-c41a-430b-95e4-fd1805114cb9,大雲寺前,34.656492,133.926237,岡山県,清輝橋線
73772d56-6a3c-41ef-8106-c050aa7629af,東中央町,34.654445,133.926183,岡山県,清輝橋線
c25fb429-aea2-47c2-8b32-816d7d466257,清輝橋,34.651691,133.925807,岡山県,清輝橋線
d89a7310-0f2c-4d7b-a7b5-2bf4bb6ee58f,みどり口,34.422294,132.596248,広島県,スカイレールみどり坂線
911c082b-421a-4cb6-b72d-9715a3923a6e,みどり中街,34.42771,132.594804,広島県,スカイレールみどり坂線
fb60c85a-ffef-454a-a4a2-309ecc7bb493,みどり中央,34.430248,132.589435,広島県,スカイレールみどり坂線
eb49038e-60bd-4a9e-937f-75c14f82f909,本通,34.393377,132.457003,広島県,アストラムライン
a20fd64c-af70-46ef-8899-3a2c4a32ac71,県庁前,34.396863,132.458231,広島県,アストラムライン
030e8b1d-73a5-4500-aa6e-4bbad404715c,城北,34.405407,132.458914,広島県,アストラムライン
6ad645e3-a9da-4f7b-81b9-eaad4106307b,新白島,34.408056,132.46075,広島県,アストラムライン
2a5541f0-ef13-406b-b152-82bda14e4a06,白島,34.411045,132.462674,広島県,アストラムライン
2412c0fc-1528-4cf0-8741-53d5b5b5386f,牛田,34.417142,132.464585,広島県,アストラムライン
3a2cb7ac-7dc8-4b49-ac90-c3d239ffa28d,不動院前,34.426921,132.469306,広島県,アストラムライン
6c133f0f-22da-4f78-b86f-48c940df22ec,祇園新橋北,34.435148,132.47075,広島県,アストラムライン
044deb6a-70da-48d5-a86f-07c24a61b152,西原,34.44327,132.47478,広島県,アストラムライン
f35eb24b-ae80-4c43-aecc-052b5fa853dd,中筋,34.451869,132.477049,広島県,アストラムライン
57155936-aa06-4e4d-9f99-9776fae8e8b6,古市,34.457863,132.47508,広島県,アストラムライン
19dc89b5-1550-429b-b4f6-61ed5fdde39b,大町,34.461706,132.470559,広島県,アストラムライン
f2f78a4c-3991-4476-a769-4727e6d90295,毘沙門台,34.469417,132.462827,広島県,アストラムライン
f1be8ff7-6dea-463c-ac12-d747b1f7534d,安東,34.475169,132.453067,広島県,アストラムライン
6d538746-0f70-483f-8e8a-d83c8a17f251,上安,34.475735,132.444662,広島県,アストラムライン
e3b0695b-5a3b-4c25-b2a4-b4d397701d9a,高取,34.475132,132.438102,広島県,アストラムライン
f68dd0f8-9f8e-487d-b62f-e4cbf26acee6,長楽寺,34.472782,132.4306,広島県,アストラムライン
8fb73363-d190-4f2e-a6dd-47726b4d6818,伴,34.469996,132.419667,広島県,アストラムライン
5b82fdc9-8a2e-485e-b18d-4e4fa326397e,大原,34.462852,132.412354,広島県,アストラムライン
2de7c334-c2e5-42b8-b59d-456c1856cc5f,伴中央,34.455514,132.405038,広島県,アストラムライン
386100ed-2669-4156-851d-53e1a99b5e6e,大塚,34.441466,132.402702,広島県,アストラムライン
ac707d1a-beec-4d20-abaa-8eca0dbf6a23,広域公園前,34.43538,132.400089,広島県,アストラムライン
86146187-b575-43f2-9900-4fce86c976de,広島駅,34.396296,132.475403,広島県,広電１号線(宇品線)
37895d51-b62b-4bb9-b80b-dde6d7e0341f,猿猴橋町,34.395047,132.475977,広島県,広電１号線(宇品線)
5a84065b-65b0-44ae-9c48-f4ffbb1edd82,的場町,34.393277,132.475076,広島県,広電１号線(宇品線)
7bc4b06d-79b1-4aaa-bb24-46c808bd5656,稲荷町,34.392569,132.471728,広島県,広電１号線(宇品線)
7a7c14a7-4a19-4d02-beb9-927f0ee7d1f9,銀山町,34.393135,132.467866,広島県,広電１号線(宇品線)
05b74bde-1a10-48fc-99d5-387e87c6d1c7,胡町,34.393401,132.465076,広島県,広電１号線(宇品線)
097b92ff-1a7a-4cbe-838b-0fb53b230d7e,八丁堀,34.393897,132.463403,広島県,広電１号線(宇品線)
77461ec2-2332-4f19-9826-c6462599a93e,立町,34.394569,132.460871,広島県,広電１号線(宇品線)
7925acc7-e850-4268-aaba-c119b42656fc,紙屋町東,34.395101,132.458167,広島県,広電１号線(宇品線)
ac6d169a-976a-477b-8b9c-e8785625a297,本通,34.393377,132.457003,広島県,広電１号線(宇品線)
ac09c47b-e77c-40ee-80ae-562d01c2495b,袋町,34.391187,132.456214,広島県,広電１号線(宇品線)
23f2c92b-457e-4b39-a741-e004f5d9b5eb,中電前,34.388779,132.455399,広島県,広電１号線(宇品線)
8c4985e0-cd04-4f99-a27f-591a22eb2696,市役所前,34.385875,132.454455,広島県,広電１号線(宇品線)
4405c4a0-0245-4889-901d-891871c39ef9,鷹野橋,34.383431,132.453918,広島県,広電１号線(宇品線)
fd099d24-5f83-46e5-9c73-f6c43dfb3aad,日赤病院前,34.380952,132.455871,広島県,広電１号線(宇品線)
d9ec60a1-c854-4e89-8250-ce8fd4eb290a,広電本社前,34.377375,132.45821,広島県,広電１号線(宇品線)
66b36fda-95fd-493e-87d4-02fb87d403ec,御幸橋,34.375321,132.459605,広島県,広電１号線(宇品線)
95d68aa4-8a72-4560-bb1b-f299321fe71d,皆実町六丁目,34.374169,132.464454,広島県,広電１号線(宇品線)
001c95aa-654c-453b-bc3a-cc19d143335d,広大附属学校前,34.371654,132.464583,広島県,広電１号線(宇品線)
d81731c7-4bf3-4688-ae3d-760d9242f74a,県病院前,34.36875,132.464797,広島県,広電１号線(宇品線)
6e1eb5eb-1552-4ba3-9cb1-e5585a8eb173,宇品二丁目,34.366164,132.464519,広島県,広電１号線(宇品線)
6efd5107-f34c-48ca-86b9-e0e48aacdd74,宇品三丁目,34.364216,132.464411,広島県,広電１号線(宇品線)
a076a581-113c-4f3a-8be8-b02a902e8a17,宇品四丁目,34.35922,132.463853,広島県,広電１号線(宇品線)
866b2079-c765-49e0-8273-940c9ab6b7b9,宇品五丁目,34.357343,132.46366,広島県,広電１号線(宇品線)
eb0723a7-d95a-40a5-9285-882a227f1a57,海岸通,34.354898,132.463081,広島県,広電１号線(宇品線)
9d922087-7f69-4791-b3f1-8effe3cd5a48,元宇品口,34.354048,132.459412,広島県,広電１号線(宇品線)
ed44e676-1f60-4d1f-9f67-fae9df552b57,広島港（宇品）,34.352755,132.455184,広島県,広電１号線(宇品線)
f38b2e09-affd-4dfd-8c26-31254b900c6d,広島駅,34.396296,132.475403,広島県,広電２号線(宮島線)
cdc79cc8-f80f-4644-a30b-70f847e43dfa,猿猴橋町,34.395047,132.475977,広島県,広電２号線(宮島線)
f0e22db8-5033-463d-bd0a-9543033aafbf,的場町,34.393277,132.475076,広島県,広電２号線(宮島線)
839470ec-043e-445b-a25c-f7ade3692c28,稲荷町,34.392569,132.471728,広島県,広電２号線(宮島線)
8a05975c-8c93-4321-aa19-965f89f9f797,銀山町,34.393135,132.467866,広島県,広電２号線(宮島線)
5d1403f5-514a-46a9-9640-6c8884f8791f,胡町,34.393401,132.465076,広島県,広電２号線(宮島線)
61954b7b-82c3-48ac-9b07-3b0b86dbf2d3,八丁堀,34.393897,132.463403,広島県,広電２号線(宮島線)
9df71f05-248c-4e62-a899-0eb1e96d4dfb,立町,34.394569,132.460871,広島県,広電２号線(宮島線)
950a2be0-556a-4c58-a0d0-76f7709b4ba1,紙屋町東,34.395101,132.458167,広島県,広電２号線(宮島線)
e27adb1b-9085-4e4e-ba55-e3031712d384,紙屋町西,34.395455,132.456965,広島県,広電２号線(宮島線)
80159186-d9bd-4757-8eab-fc0cdc8a1897,原爆ドーム前,34.396163,132.453918,広島県,広電２号線(宮島線)
0a01e781-8fe5-4d8e-adc3-fa30afc24e5d,本川町,34.396942,132.450485,広島県,広電２号線(宮島線)
5b7f6529-b1a6-4f43-b15d-d458ce9b1504,十日市町,34.397438,132.447138,広島県,広電２号線(宮島線)
29c936b6-24d3-4652-9960-a95bb51e5d93,土橋,34.3948,132.446322,広島県,広電２号線(宮島線)
30b4ea95-366a-41cb-bf02-1d045dc86970,小網町,34.394543,132.44422,広島県,広電２号線(宮島線)
a61012ee-5433-4c91-8d7f-d110fb1a2a63,天満町,34.395216,132.440572,広島県,広電２号線(宮島線)
3d1e4b6c-940d-4a6f-a9be-75552b153972,観音町,34.395534,132.438405,広島県,広電２号線(宮島線)
90455832-0d58-4c20-a4ef-827d7939d64c,西観音町,34.393976,132.43686,広島県,広電２号線(宮島線)
e5abc121-95b1-4692-8120-c205ef762729,福島町,34.394985,132.433898,広島県,広電２号線(宮島線)
3e56287f-877a-4c10-bd5f-990b69b0d92f,広電西広島（己斐）,34.397261,132.428255,広島県,広電２号線(宮島線)
ee304185-f559-4214-a06f-c1ab3b902897,東高須,34.391922,132.420224,広島県,広電２号線(宮島線)
fb3b5c69-b827-4ddb-889e-007f1128b095,高須,34.389872,132.417055,広島県,広電２号線(宮島線)
eb363cb3-116a-49ad-a5a8-1eb89434e37c,古江,34.386311,132.411383,広島県,広電２号線(宮島線)
1dc6439a-5fd6-4215-abd0-e576e4dbeefa,草津,34.3816,132.403915,広島県,広電２号線(宮島線)
8b1aaa17-d1fd-45d6-992e-1b71c970440e,草津南,34.378092,132.398479,広島県,広電２号線(宮島線)
83b3bb33-9240-4297-b3fe-651812431aea,商工センター入口,34.375423,132.391999,広島県,広電２号線(宮島線)
72361da3-5a8c-41fc-b36c-240ae3bedc75,井口,34.371751,132.385805,広島県,広電２号線(宮島線)
eb0ef205-c911-4ddc-8169-57fb12bf9d91,修大附属鈴峯前,34.368218,132.374589,広島県,広電２号線(宮島線)
d50858a8-2f4a-4ee0-8979-351bac6c8474,広電五日市,34.366393,132.367856,広島県,広電２号線(宮島線)
9c69708c-025b-4566-9258-e1417cefdfe0,佐伯区役所前,34.365443,132.361709,広島県,広電２号線(宮島線)
b4ed2898-7537-48cb-a5c1-cab72a750660,楽々園,34.364282,132.351988,広島県,広電２号線(宮島線)
7eabfe1d-82f8-4507-a776-508084d7236c,山陽女子大前,34.361948,132.341251,広島県,広電２号線(宮島線)
463de606-5e6e-4de1-b915-9259cc3f8b5d,広電廿日市,34.356621,132.336179,広島県,広電２号線(宮島線)
aed9592d-6def-4dc0-817b-b8346d4541be,廿日市市役所前（平良）,34.352816,132.329722,広島県,広電２号線(宮島線)
e648e359-8213-4d9a-ac1a-d5e97d459221,宮内,34.347472,132.325226,広島県,広電２号線(宮島線)
98272e44-b154-40cf-9f3b-2c21b2cbb4b8,ＪＡ広島病院前,34.343959,132.322404,広島県,広電２号線(宮島線)
318b8ac2-ac58-474e-8ec9-e70d7385e51f,地御前,34.340942,132.320049,広島県,広電２号線(宮島線)
a798b419-12a9-4271-8f67-fabab657f076,阿品東,34.326488,132.318579,広島県,広電２号線(宮島線)
c4ba70df-a37f-45dd-af07-9d030696c6d0,広電阿品,34.321933,132.31483,広島県,広電２号線(宮島線)
cfac14a6-2614-49ea-8242-ba217bd0eb71,競艇場前,34.314425,132.305006,広島県,広電２号線(宮島線)
bcf31792-2b48-4ad8-99d7-4dc44a465837,広電宮島口,34.31217,132.304256,広島県,広電２号線(宮島線)
c5199752-14c4-4f5e-a0f5-add92da92e8b,広島港（宇品）,34.352755,132.455184,広島県,広電３号線
6e07697d-703b-4280-9468-32e65430f223,元宇品口,34.354048,132.459412,広島県,広電３号線
c9ba17de-301e-4ed7-861e-b88f6fbf8935,海岸通,34.354898,132.463081,広島県,広電３号線
d7876d81-0fb7-4d88-86f9-3493fb4a79bb,宇品五丁目,34.357343,132.46366,広島県,広電３号線
b18f24fa-6a95-477f-909e-5f1ca1528e2d,宇品四丁目,34.35922,132.463853,広島県,広電３号線
8c314eb5-c357-4040-9fb4-f4bbd10a9a74,宇品三丁目,34.364216,132.464411,広島県,広電３号線
c78acdcd-6e64-4695-b099-0fd262c09ee9,宇品二丁目,34.366164,132.464519,広島県,広電３号線
71795ebc-23b4-41aa-91c8-e1ea316d25f7,県病院前,34.36875,132.464797,広島県,広電３号線
50a41d14-6240-4cf2-be15-7a246c1a7943,広大附属学校前,34.371654,132.464583,広島県,広電３号線
9514bde1-595e-453d-a902-aeb54c777613,皆実町六丁目,34.374169,132.464454,広島県,広電３号線
ce83653b-d881-43f4-91ed-741f814eef78,御幸橋,34.375321,132.459605,広島県,広電３号線
c26a7c45-5862-4ca0-add8-8c70219fe93f,広電本社前,34.377375,132.45821,広島県,広電３号線
4c902832-4763-44c9-897e-a7fa755251d9,日赤病院前,34.380952,132.455871,広島県,広電３号線
3209af34-3d6f-4aad-bd9b-29f1484890dc,鷹野橋,34.383431,132.453918,広島県,広電３号線
4dc85e59-e458-4fc6-9cd5-6ab31f013a0d,市役所前,34.385875,132.454455,広島県,広電３号線
94977078-89b9-4a2e-b123-3f91036ee98b,中電前,34.388779,132.455399,広島県,広電３号線
821ac914-9ef0-4956-9680-b6359c9c74d1,袋町,34.391187,132.456214,広島県,広電３号線
a4610fa7-0595-49db-b89f-d42b6cec3b9f,本通,34.393377,132.457003,広島県,広電３号線
68eb714f-7070-4507-b0d1-ce683b695b50,紙屋町西,34.395455,132.456965,広島県,広電３号線
c3dff6f3-dcea-44a0-82b5-ca6867c225c2,原爆ドーム前,34.396163,132.453918,広島県,広電３号線
b8f20342-bf90-4b43-82af-ebfb1f6c6223,本川町,34.396942,132.450485,広島県,広電３号線
7246a9aa-e422-4811-97b3-5f9dcc7e3caa,十日市町,34.397438,132.447138,広島県,広電３号線
34e98761-0fff-4ca3-b60e-2b94a711974e,土橋,34.3948,132.446322,広島県,広電３号線
5de1f4f0-3e9b-42fd-9667-572123ff3807,小網町,34.394543,132.44422,広島県,広電３号線
97cb71ba-df73-41f9-82b3-40d1fb8662fd,天満町,34.395216,132.440572,広島県,広電３号線
834b6aed-3c31-4b9e-9eb5-3fd1dbf23066,観音町,34.395534,132.438405,広島県,広電３号線
a5e44b43-8d43-4300-858d-4950078c0f62,西観音町,34.393976,132.43686,広島県,広電３号線
c97432ab-4de3-496f-9d92-8179e6712949,福島町,34.394985,132.433898,広島県,広電３号線
016fb574-6370-4ca8-a28c-627bdc3a8cc7,広電西広島（己斐）,34.397261,132.428255,広島県,広電３号線
d8b23d6b-4662-4b28-a145-7c74056893f6,広島駅,34.396296,132.475403,広島県,広電５号線(皆実線)
b7e72be6-7b25-4e60-875b-3c001fcf0e3d,猿猴橋町,34.395047,132.475977,広島県,広電５号線(皆実線)
c614daf6-9aa0-478c-a3ae-5374e908770c,的場町,34.393277,132.475076,広島県,広電５号線(皆実線)
50052019-dc80-4311-8e40-eb28d5e1ef20,段原一丁目,34.390833,132.475033,広島県,広電５号線(皆実線)
e27043ea-707d-438e-a7a1-79ffc427e07e,比治山下,34.387858,132.471492,広島県,広電５号線(皆実線)
364a64dc-b5cd-4095-919d-1d43bbd547e9,比治山橋,34.383272,132.468681,広島県,広電５号線(皆実線)
bd234a04-4174-4ed0-9392-1983ab8c5c28,南区役所前,34.380297,132.467072,広島県,広電５号線(皆実線)
70dc643e-7533-4dfc-a4cd-ae63f78828b9,皆実町二丁目,34.377375,132.465849,広島県,広電５号線(皆実線)
38e1af06-18c1-441d-9b7a-5d4b7e942cef,皆実町六丁目,34.374169,132.464454,広島県,広電５号線(皆実線)
50590b3a-d085-4a74-9f02-7db62d9f7ba2,広大附属学校前,34.371654,132.464583,広島県,広電５号線(皆実線)
55315a1a-f75d-437d-ace6-217558cf243a,県病院前,34.36875,132.464797,広島県,広電５号線(皆実線)
e17bf7c9-cbf2-4cf8-a1a5-d3e97d538315,宇品二丁目,34.366164,132.464519,広島県,広電５号線(皆実線)
aef9c942-4aae-4362-a9ee-3055cc22febd,宇品三丁目,34.364216,132.464411,広島県,広電５号線(皆実線)
bd916f24-edc0-468c-bf43-541e8820b56b,宇品四丁目,34.35922,132.463853,広島県,広電５号線(皆実線)
02fa32be-b7cd-4be5-b097-84fd9f804935,宇品五丁目,34.357343,132.46366,広島県,広電５号線(皆実線)
46c33fce-ffe5-4f66-8822-4b7bdf31094c,海岸通,34.354898,132.463081,広島県,広電５号線(皆実線)
62fc73c9-6495-47f1-af2e-64d4801aebb9,元宇品口,34.354048,132.459412,広島県,広電５号線(皆実線)
6a3a3476-1678-4b49-9aaa-d8038d85d4ff,広島港（宇品）,34.352755,132.455184,広島県,広電５号線(皆実線)
fca8c85f-e7ed-4fae-82cf-ec49069c43b5,広島駅,34.396296,132.475403,広島県,広電６号線(江波線)
58ae540a-4b1f-4a0a-9410-a65660884890,猿猴橋町,34.395047,132.475977,広島県,広電６号線(江波線)
c564176c-8362-4d00-b1cb-1cba8c8de47a,的場町,34.393277,132.475076,広島県,広電６号線(江波線)
414cc6d6-cb55-45e4-9570-525f4e567bfc,稲荷町,34.392569,132.471728,広島県,広電６号線(江波線)
f794b607-3617-433a-81fc-06ca5e79e113,銀山町,34.393135,132.467866,広島県,広電６号線(江波線)
14ef364c-62e4-4c37-9516-11275a846140,胡町,34.393401,132.465076,広島県,広電６号線(江波線)
368b36f0-e2c4-4d2f-b6a5-0b8e09b27ecb,八丁堀,34.393897,132.463403,広島県,広電６号線(江波線)
55d375da-71e8-44aa-89a2-2dd6ecc083f9,立町,34.394569,132.460871,広島県,広電６号線(江波線)
df3380fd-480a-43e9-985c-0646bd2ff5cd,紙屋町東,34.395101,132.458167,広島県,広電６号線(江波線)
22fd0543-ee77-4a74-83ae-7dc2b3219aec,紙屋町西,34.395455,132.456965,広島県,広電６号線(江波線)
c72fbdd3-d8d8-430b-9ea9-1e44dc03e686,原爆ドーム前,34.396163,132.453918,広島県,広電６号線(江波線)
0dbcf632-efab-4fbb-84cd-32f60ae0eb9b,本川町,34.396942,132.450485,広島県,広電６号線(江波線)
8a7a94a8-2ee2-404f-8f9f-077f0de51fc2,十日市町,34.397438,132.447138,広島県,広電６号線(江波線)
7e116b40-204b-4d7e-8f08-9c0a1e724684,土橋,34.3948,132.446322,広島県,広電６号線(江波線)
6b1e2fc0-1967-4dfe-9697-b32c9faba543,舟入町,34.389222,132.444928,広島県,広電６号線(江波線)
d9e0e810-e629-4fcb-a9d9-440450d4d420,舟入本町,34.385556,132.442632,広島県,広電６号線(江波線)
85bdfbc7-070d-4d2f-8c43-b9795234c4fa,舟入幸町,34.383139,132.441151,広島県,広電６号線(江波線)
188169b5-1f7b-4ea0-818f-a5eb0645b9bb,舟入川口町,34.380341,132.439499,広島県,広電６号線(江波線)
f303e5ef-8895-4bf0-a3d9-ba2395e9b507,舟入南町,34.375099,132.437224,広島県,広電６号線(江波線)
68fc818c-7f54-4bd2-9ee0-81d6f6833e6c,江波,34.372496,132.436044,広島県,広電６号線(江波線)
de5b38a9-3ab4-4bb3-828b-219594e3a7ff,横川駅,34.409512,132.450496,広島県,広電７号線
48afa3a9-3888-4c93-ab1d-7a38dd0299b2,横川一丁目,34.406848,132.449949,広島県,広電７号線
3c6b0e12-cd86-43b2-90b5-79068848e87c,別院前,34.404245,132.449241,広島県,広電７号線
e0829f4b-de1c-488e-abb3-90f2bd96d1a8,寺町,34.401129,132.448125,広島県,広電７号線
37b2e9ae-9251-454f-a6a7-c39f1e28936f,十日市町,34.397438,132.447138,広島県,広電７号線
b02e3609-7bfa-43df-9299-3b93a97798e9,本川町,34.396942,132.450485,広島県,広電７号線
45711fe3-ba2b-4a5c-a532-7cc1c1bda9af,原爆ドーム前,34.396163,132.453918,広島県,広電７号線
869b8a99-3d16-4bad-8234-0ca334bfc9b9,紙屋町西,34.395455,132.456965,広島県,広電７号線
961c3b3b-9f9d-4f57-9125-27b9e91625d2,本通,34.393377,132.457003,広島県,広電７号線
ba0fe9fd-78f8-4a34-8e4c-b640f7bde8a9,袋町,34.391187,132.456214,広島県,広電７号線
99eaba5b-a82c-4f63-be69-75431ad88780,中電前,34.388779,132.455399,広島県,広電７号線
0498bcd4-11c0-4c33-a821-f2f831140386,市役所前,34.385875,132.454455,広島県,広電７号線
30a871ab-856e-4397-b49e-fd061cc17ad3,鷹野橋,34.383431,132.453918,広島県,広電７号線
017714b5-db9e-4299-a44f-13822d0248e9,日赤病院前,34.380952,132.455871,広島県,広電７号線
9aefb13a-59c9-47e1-8a01-f6eeb4163a32,広電本社前,34.377375,132.45821,広島県,広電７号線
518cf872-4cde-4f67-a833-887ecfdccbd7,横川駅,34.409512,132.450496,広島県,広電８号線(横川線)
55c268cf-28ff-4546-a089-e802ec931194,横川一丁目,34.406848,132.449949,広島県,広電８号線(横川線)
1b772a9d-80c2-45a6-aa41-5de7bd26a2fa,別院前,34.404245,132.449241,広島県,広電８号線(横川線)
d63d3b9c-875e-44b5-9fcd-fd443ebae24f,寺町,34.401129,132.448125,広島県,広電８号線(横川線)
cf81dd22-7510-4de2-b4a4-44d02ff51ced,十日市町,34.397438,132.447138,広島県,広電８号線(横川線)
0341dc83-1580-4623-99ee-a70ce06a8647,土橋,34.3948,132.446322,広島県,広電８号線(横川線)
9efd6fcd-d401-47d4-99b7-4c1ac1b21847,舟入町,34.389222,132.444928,広島県,広電８号線(横川線)
1728b6e5-e441-4088-937f-ced2d453b3f1,舟入本町,34.385556,132.442632,広島県,広電８号線(横川線)
7bc9ea00-5fc8-4002-9b51-db71d82a9494,舟入幸町,34.383139,132.441151,広島県,広電８号線(横川線)
a67efa24-ea72-4a80-980b-9bfc215ddbfd,舟入川口町,34.380341,132.439499,広島県,広電８号線(横川線)
45814f4d-77c9-422c-a31f-9a0e7d7a15f5,舟入南町,34.375099,132.437224,広島県,広電８号線(横川線)
c1e7494a-0020-4397-a625-19dfb854dabd,江波,34.372496,132.436044,広島県,広電８号線(横川線)
cb689607-8fda-43e5-8139-b0907d65bae5,八丁堀,34.393897,132.463403,広島県,広電９号線(白島線)
f530462f-829b-4398-b248-896d9d13303b,女学院前,34.397827,132.464776,広島県,広電９号線(白島線)
4e9be4e3-aec9-4b5c-8bcc-c1f6c503d49b,縮景園前,34.399881,132.465334,広島県,広電９号線(白島線)
22203971-bb1f-4393-a569-c0bdc266f547,家庭裁判所前,34.402289,132.466106,広島県,広電９号線(白島線)
b71bae5a-d664-4751-824d-473c912d6286,白島,34.404484,132.465506,広島県,広電９号線(白島線)
e2731a63-1c09-4a26-9cf9-01eb0686cc21,川西,34.156612,132.177321,山口県,錦川清流線
9a136ecb-8366-4164-8e5d-1189117773dd,清流新岩国,34.162639,132.14764,山口県,錦川清流線
368248b5-63aa-452e-9c62-9e4cdefbb0ee,守内かさ神,34.170107,132.135704,山口県,錦川清流線
a41b13ba-8569-483f-8142-5fcb4c39686b,南河内,34.165957,132.103363,山口県,錦川清流線
ec4776bf-c632-4731-b0de-69db98f0f5f3,行波,34.163368,132.087084,山口県,錦川清流線
fdc8259a-1975-475d-9d93-1f62fd32e445,北河内,34.176011,132.064519,山口県,錦川清流線
f9486b0d-db4c-409e-acab-1819aeef3efa,椋野,34.193637,132.033385,山口県,錦川清流線
fd771c32-ffa3-44d5-89db-e382931682d3,南桑,34.20961,132.020852,山口県,錦川清流線
efb2ef6f-a875-4eea-b5b1-d7e0a0316fe3,根笠,34.210487,131.998656,山口県,錦川清流線
dd883f3d-e643-42a0-9b96-6156d35588fa,河山,34.236368,131.983923,山口県,錦川清流線
f40db40b-8b7d-4768-9fd1-0ec7f8bd7915,柳瀬,34.25714,131.97669,山口県,錦川清流線
4ddec50f-90a0-4711-8a86-99d1cd581c78,錦町,34.26475,131.962944,山口県,錦川清流線
b145236d-0561-4a1f-9b6b-bfa5adcd7bad,海部,33.593453,134.351999,徳島県,阿波室戸シーサイドライン
5d320883-eb41-43f0-81bc-3b5bb6f37be0,宍喰,33.566949,134.300741,徳島県,阿波室戸シーサイドライン
7e16d161-8e69-4356-90b2-7cf390813cdb,甲浦,33.547238,134.288242,高知県,阿波室戸シーサイドライン
c0c11efc-75dd-49e5-a635-b0a494abbbc5,高松築港,34.35079,134.049507,香川県,琴電琴平線
8ddd7e06-c9e2-48b8-80a9-a82b6d8ee514,片原町,34.346138,134.054368,香川県,琴電琴平線
1de61023-4450-4bfb-b3dd-79328dfc2ec4,瓦町,34.338827,134.052529,香川県,琴電琴平線
23acb824-1899-4b12-8e3e-a0f8e3dbe0c0,栗林公園,34.328586,134.051063,香川県,琴電琴平線
c42ae665-2aab-4f9a-b292-7e3227be1b26,三条,34.319718,134.049478,香川県,琴電琴平線
1e121f3b-af05-43fb-8c2c-ccb71fa2df1a,太田,34.298989,134.045965,香川県,琴電琴平線
e515783c-4f35-4217-964d-0cebcd82f9df,仏生山,34.283213,134.042605,香川県,琴電琴平線
11be27f3-0bd5-4c3e-b0bf-153e02587ef0,空港通り,34.28112,134.033096,香川県,琴電琴平線
70ab17a9-f2d8-4959-a0a0-f6b08b5540e4,一宮,34.283027,134.022561,香川県,琴電琴平線
ce17419b-e1e9-4845-bb38-956dd7660ae5,円座,34.284479,134.009285,香川県,琴電琴平線
a9ea6972-d881-4a50-a2eb-087d5b5abc3e,岡本,34.270261,133.989265,香川県,琴電琴平線
9b0d9daa-4719-4fcf-aeca-0059bbec31d7,挿頭丘,34.262007,133.979358,香川県,琴電琴平線
715f3b6c-8734-4c61-988e-8a98a1428da0,畑田,34.25901,133.97157,香川県,琴電琴平線
6f5b8f61-b922-421e-a73f-67aa5b5985cc,陶,34.250394,133.947778,香川県,琴電琴平線
a655cd10-2542-422e-bb4e-3bd3d57e3a4f,綾川（イオンモール綾川）,34.249528,133.931667,香川県,琴電琴平線
330d309b-1dc9-4e8b-aa34-87091bdad320,滝宮,34.248152,133.922302,香川県,琴電琴平線
da8f1b1b-e651-4767-934e-3f10b1f8dc16,羽床,34.241078,133.901782,香川県,琴電琴平線
f6bf854a-0d98-43e8-9184-8d3d10607100,栗熊,34.233905,133.884133,香川県,琴電琴平線
ff5f95ed-0f7e-4876-8700-8ab7c762f735,岡田,34.220859,133.860902,香川県,琴電琴平線
35b8a572-32ba-4b6b-a32c-b4db435dc1c6,羽間,34.209571,133.847345,香川県,琴電琴平線
f2b8ab2d-ae65-432f-94d0-b72c7f8ee253,榎井,34.194317,133.829511,香川県,琴電琴平線
bf829908-7590-450f-a310-2d51bd96813f,琴電琴平,34.190906,133.819236,香川県,琴電琴平線
2c6631f9-e7fc-4d09-8b34-892b8a4ffeea,高松築港,34.35079,134.049507,香川県,琴電長尾線
9a1ff581-85f6-4569-9d66-986a173b6daf,片原町,34.346138,134.054368,香川県,琴電長尾線
3e0ebfcf-817b-4a9e-8f9e-e42283da7592,瓦町,34.338827,134.052529,香川県,琴電長尾線
dd3d7ef1-8245-43b0-92c5-e63035a651df,花園,34.334206,134.059463,香川県,琴電長尾線
7a37290b-d791-4f8f-994b-ceee28cb8a1b,林道,34.32344,134.073106,香川県,琴電長尾線
6b57a0e9-7d2f-4a52-8718-c448b6fa73c7,木太東口,34.319718,134.07957,香川県,琴電長尾線
6d9e2573-fe4d-4ca9-8312-ea263cb0b0e1,元山,34.310424,134.083742,香川県,琴電長尾線
ccde6c5d-dd36-4e33-a922-390a9e0dcea6,水田,34.303056,134.092699,香川県,琴電長尾線
686511f0-f580-49b9-8bdf-e64fc3be35b0,西前田,34.296004,134.104675,香川県,琴電長尾線
8ba2a374-3c6c-4c0c-b8ea-66ebdfc036a5,高田,34.288506,134.112155,香川県,琴電長尾線
4d2ca3e1-f849-4db0-92e3-214a61365b40,池戸,34.27866,134.119706,香川県,琴電長尾線
5d72c81e-1d48-4610-849b-1ea68252895f,農学部前,34.273814,134.125739,香川県,琴電長尾線
53dc93ae-6305-489e-82d7-7690692768ee,平木,34.272134,134.131327,香川県,琴電長尾線
2772eca3-68c7-4678-8e10-a3fa3f447e9c,学園通り,34.270576,134.136998,香川県,琴電長尾線
31e52bdd-387e-4c70-b132-707ecdbe5bcc,白山,34.266707,134.150461,香川県,琴電長尾線
573d822b-53a3-4842-bef0-22459c02a015,井戸,34.266669,134.156127,香川県,琴電長尾線
c4667c98-49d1-4f07-8fbc-2a9bd0bce97c,公文明,34.266688,134.161929,香川県,琴電長尾線
f67954e9-9693-4159-bc5a-33000420546b,長尾,34.266675,134.169184,香川県,琴電長尾線
4873fc8c-9714-4a6b-9af9-e7ba87f5dc82,瓦町,34.338827,134.052529,香川県,琴電志度線
3492f7c1-498a-4a7b-ba85-bb88f112793f,今橋,34.341577,134.058782,香川県,琴電志度線
d1387b93-2c14-426f-b458-0abac2b937b4,松島二丁目,34.339986,134.064626,香川県,琴電志度線
5b52b079-311d-4648-9bf9-226a3869fc37,沖松島,34.341219,134.072253,香川県,琴電志度線
89aa51c0-deaf-4012-8267-1c93d08acd7f,春日川,34.340969,134.083566,香川県,琴電志度線
b06aafdc-464e-4511-a5f9-5b3fc2d8add5,潟元,34.341363,134.098231,香川県,琴電志度線
d171fe39-e5ac-4ba3-83dd-93f9a80910e6,琴電屋島,34.341624,134.105763,香川県,琴電志度線
ff38c7c1-bebb-4e93-aa3d-8a5a75aabd64,古高松,34.340844,134.11244,香川県,琴電志度線
6f8c5aef-1a7d-4c53-9514-b71356075cdf,八栗,34.344582,134.122439,香川県,琴電志度線
514e3972-d9b4-4ed6-a93f-e71b97766741,六万寺,34.342655,134.134088,香川県,琴電志度線
ad3bb76c-3f74-435d-a449-e9e40424c08e,大町,34.337333,134.141354,香川県,琴電志度線
abc84eab-8e34-472b-977e-1021901dc10b,八栗新道,34.336705,134.147295,香川県,琴電志度線
5fe60c65-4aa5-43f8-847e-cd129975bcd0,塩屋,34.335583,134.155142,香川県,琴電志度線
59520909-9460-44be-99ff-7814ac25c3a6,房前,34.332367,134.158483,香川県,琴電志度線
dce4feed-63d9-473b-90d5-e317f98763ae,原,34.32641,134.163654,香川県,琴電志度線
53502065-919a-49a2-a61b-7cf8c2fdb35c,琴電志度,34.32246,134.172528,香川県,琴電志度線
574ac29a-4093-46ff-8637-c02c1b9b8b3b,松山市,33.835656,132.762281,愛媛県,伊予鉄道郡中線
d36db2e8-5652-43f5-97ec-d477efa10706,土橋,33.832738,132.756487,愛媛県,伊予鉄道郡中線
3234f8ee-938d-41b7-bfe8-18571cf7c136,土居田,33.8241,132.744094,愛媛県,伊予鉄道郡中線
6f39b8e2-0ef8-42da-89cb-de93d66ce77a,余戸,33.816173,132.733887,愛媛県,伊予鉄道郡中線
10d00f09-69bd-494d-b644-49eaac6ea3da,鎌田,33.810115,132.729784,愛媛県,伊予鉄道郡中線
4cf20800-9331-45a9-b944-b46fec47ca29,岡田,33.799083,132.724271,愛媛県,伊予鉄道郡中線
f559cace-b371-45f7-b93d-8f2749970d62,古泉,33.792539,132.717136,愛媛県,伊予鉄道郡中線
79a205c1-c159-46f3-9160-4de45800effd,松前,33.785965,132.705051,愛媛県,伊予鉄道郡中線
9702bc6f-8076-47a4-a659-756e01e93dd9,地蔵町,33.779907,132.70429,愛媛県,伊予鉄道郡中線
6931e63c-cfc9-4e16-9ace-e19b8fb3890e,新川,33.772178,132.704148,愛媛県,伊予鉄道郡中線
ebca5bd7-42f2-4ed6-b1e5-c53b795713a9,郡中,33.760734,132.70406,愛媛県,伊予鉄道郡中線
24a1024c-a4c2-4133-9c28-17f5e498e91a,郡中港,33.756302,132.702315,愛媛県,伊予鉄道郡中線
fafbae07-6b64-4c57-a3c8-0c8e0af83df1,高浜,33.883417,132.702177,愛媛県,伊予鉄道高浜線
18cfef4f-5f4c-4f91-9830-219e33c5bf45,梅津寺,33.874637,132.707595,愛媛県,伊予鉄道高浜線
f654a53c-724a-482f-9844-a8b92fff4541,港山,33.869533,132.713405,愛媛県,伊予鉄道高浜線
3cf19107-2b8f-4f68-81cd-569b46cfc3a4,三津,33.863864,132.720002,愛媛県,伊予鉄道高浜線
53895d45-d555-46ed-91f2-b2e25b8bfffe,山西,33.855301,132.724326,愛媛県,伊予鉄道高浜線
9aa4f95a-c028-4fe9-b855-97eb37ace9ca,西衣山,33.850152,132.733989,愛媛県,伊予鉄道高浜線
a6ccef1f-9e9d-478f-a392-90aebd6c15e1,衣山,33.8522,132.743997,愛媛県,伊予鉄道高浜線
d273f8db-dd34-4ef9-a73c-71bdb577db5e,古町,33.846978,132.754998,愛媛県,伊予鉄道高浜線
b081bc0f-96d2-41aa-964d-7ae8b8f61ec8,大手町,33.839726,132.755384,愛媛県,伊予鉄道高浜線
06312a9c-6fad-47c7-b7d2-767a198de893,松山市,33.835656,132.762281,愛媛県,伊予鉄道高浜線
29567797-6aac-4c9b-9449-990545ba693e,松山市,33.835656,132.762281,愛媛県,伊予鉄道横河原線
1beeaace-651f-454f-a3e6-c23fe7711918,石手川公園,33.831311,132.76935,愛媛県,伊予鉄道横河原線
fa8e1b9a-e339-487b-b70f-54ac27a6ab63,いよ立花,33.827784,132.772944,愛媛県,伊予鉄道横河原線
d5e7ce5f-58dd-4619-ba3b-295228f194cb,福音寺,33.82261,132.788931,愛媛県,伊予鉄道横河原線
0b2ce4e5-7252-48d5-9407-e1aa65d57895,北久米,33.819277,132.798664,愛媛県,伊予鉄道横河原線
a525e8b5-6f61-4b21-bd21-c091219b8e84,久米,33.816036,132.804555,愛媛県,伊予鉄道横河原線
6362187f-14eb-4207-b3ce-a63d0f2dfb2f,鷹ノ子,33.812542,132.815301,愛媛県,伊予鉄道横河原線
bb49c2f8-74f6-47cb-a3fe-a43472e7f181,平井,33.808687,132.828617,愛媛県,伊予鉄道横河原線
602f4845-f064-4b44-acc3-27d87369c3f7,梅本,33.800944,132.839307,愛媛県,伊予鉄道横河原線
26079302-932b-4225-ae24-7810209394ee,牛渕団地前,33.797739,132.846051,愛媛県,伊予鉄道横河原線
4d6b1b7c-2a13-4303-9785-16e2e3573064,牛渕,33.795212,132.856112,愛媛県,伊予鉄道横河原線
ef8cc757-6c70-4917-83b5-4add44598fa3,田窪,33.792948,132.865413,愛媛県,伊予鉄道横河原線
5d4d16e9-577d-4947-b154-70f79b9c703f,見奈良,33.792721,132.873374,愛媛県,伊予鉄道横河原線
3f3f4d16-2e7d-4c6d-a7fc-90e86896b86b,愛大医学部南口,33.797831,132.878659,愛媛県,伊予鉄道横河原線
1eb181cd-dec5-4a15-b9a3-257c1597fff9,横河原,33.803353,132.88434,愛媛県,伊予鉄道横河原線
4ab5aa8e-7baa-43a1-96d8-91d2910f4f62,松山市駅前,33.836148,132.762587,愛媛県,伊予鉄道環状線
54bd2eff-4b56-4a01-a5ed-652e3be14c98,南堀端,33.839213,132.761664,愛媛県,伊予鉄道環状線
c74e4f81-5eaf-4eec-93ec-95200e66a49d,西堀端,33.840105,132.75866,愛媛県,伊予鉄道環状線
db4f97bd-2fd6-4092-b372-6d80ab6b2fce,大手町,33.839726,132.755384,愛媛県,伊予鉄道環状線
a88c71ec-2359-4af3-badf-489d905b208c,松山駅前,33.840765,132.752326,愛媛県,伊予鉄道環状線
ca64e110-a412-4ff6-b0f9-e75a4c0bfde6,宮田町,33.843948,132.752626,愛媛県,伊予鉄道環状線
185ae7cc-3fdd-4994-aa91-81ac1f8c23eb,古町,33.846978,132.754998,愛媛県,伊予鉄道環状線
40130b4b-4c07-475e-95fe-974b38b1c93d,萱町６丁目,33.851756,132.756226,愛媛県,伊予鉄道環状線
ce68eeac-2381-4cf5-9862-ab15b6d494ab,本町６丁目,33.853472,132.758473,愛媛県,伊予鉄道環状線
15cac1e7-8065-4ea7-9ec6-935cd0503432,木屋町,33.853483,132.760776,愛媛県,伊予鉄道環状線
62fba315-516a-4b92-afb1-017ed3f6d5c6,高砂町,33.851664,132.762464,愛媛県,伊予鉄道環状線
edd94ef0-a995-480d-a4b3-70b4f97cf32e,清水町,33.849328,132.764281,愛媛県,伊予鉄道環状線
78f1bb0c-8267-4e9e-9caf-13b799204e3f,鉄砲町,33.84829,132.769011,愛媛県,伊予鉄道環状線
92dd57a8-e117-46ae-a5d4-be51491c9566,赤十字病院前,33.848115,132.772383,愛媛県,伊予鉄道環状線
260317ae-20d2-4167-8edf-35c1f88a10c0,平和通１丁目,33.847673,132.774452,愛媛県,伊予鉄道環状線
306e1044-fa93-4868-bc5b-bcb0d92e677b,上一万,33.846737,132.775502,愛媛県,伊予鉄道環状線
9bd752d9-2201-4d37-8846-86d3b081035f,警察署前,33.844596,132.775354,愛媛県,伊予鉄道環状線
d6a7693f-8189-4457-85c9-3cb566f17208,勝山町,33.841709,132.774818,愛媛県,伊予鉄道環状線
c54db7d8-003c-4297-8e1a-75a760cb9b93,大街道,33.841103,132.769861,愛媛県,伊予鉄道環状線
b4880694-0762-4023-be0c-a6ceb72e4950,県庁前,33.841067,132.766364,愛媛県,伊予鉄道環状線
6028cecd-564d-4419-8424-b451d3a0406b,市役所前,33.839926,132.764819,愛媛県,伊予鉄道環状線
33fb8cbc-4be7-4d82-be2f-0ccc75fe7806,松山市駅前,33.836148,132.762587,愛媛県,伊予鉄道環状線
20c6eb60-3282-438a-9558-76fa60957ee2,南堀端,33.839213,132.761664,愛媛県,伊予鉄道環状線
90303a62-b6ed-4349-a61a-46e8aebe3361,市役所前,33.839926,132.764819,愛媛県,伊予鉄道環状線
dcc7e785-6e08-43d6-87c0-697fd0d724af,県庁前,33.841067,132.766364,愛媛県,伊予鉄道環状線
90c1b022-24e3-4982-981e-f6a894ae9ba2,大街道,33.841103,132.769861,愛媛県,伊予鉄道環状線
edafe450-4098-4540-8724-d142d4702199,勝山町,33.841709,132.774818,愛媛県,伊予鉄道環状線
45818f48-8314-4f12-866e-05ac9fd16fc7,警察署前,33.844596,132.775354,愛媛県,伊予鉄道環状線
ee1e3f29-b823-4a6a-8bd7-088c04e8d87c,上一万,33.846737,132.775502,愛媛県,伊予鉄道環状線
2e2dc858-52dd-4954-b92c-b45cc356fae1,平和通１丁目,33.847673,132.774452,愛媛県,伊予鉄道環状線
9588b113-691a-43ec-91f5-d6f93d937661,赤十字病院前,33.848115,132.772383,愛媛県,伊予鉄道環状線
566cfe8e-d49d-4c7c-9093-1ff39fb04ebc,鉄砲町,33.84829,132.769011,愛媛県,伊予鉄道環状線
d4b4e554-9b9d-4268-a962-79c3a0616def,清水町,33.849328,132.764281,愛媛県,伊予鉄道環状線
ff38aba3-ed4d-43cd-b20d-6b84a6899c05,高砂町,33.851664,132.762464,愛媛県,伊予鉄道環状線
78e43029-75b7-455f-840d-b0a3c032c87c,木屋町,33.853483,132.760776,愛媛県,伊予鉄道環状線
e655f9c3-dc7e-4cac-a6ef-7784bd44f0e2,本町６丁目,33.853472,132.758473,愛媛県,伊予鉄道環状線
29ff1d90-03ce-437b-8013-c475f30ad0cb,萱町６丁目,33.851756,132.756226,愛媛県,伊予鉄道環状線
2192305e-290e-4aa9-8eb0-13323db8ffdc,古町,33.846978,132.754998,愛媛県,伊予鉄道環状線
47ecd6b3-85e8-41c1-aacf-40463fa5f445,宮田町,33.843948,132.752626,愛媛県,伊予鉄道環状線
3bb6903c-feca-4a77-b072-ad63766d375f,松山駅前,33.840765,132.752326,愛媛県,伊予鉄道環状線
6a71f3e6-34e1-4132-9166-122e45257998,大手町,33.839726,132.755384,愛媛県,伊予鉄道環状線
8f5c19dd-8b0b-4125-b43e-9ee752ac6050,西堀端,33.840105,132.75866,愛媛県,伊予鉄道環状線
39572e17-e6a8-4cf2-8bb9-2d888c3f5510,松山市駅前,33.836148,132.762587,愛媛県,伊予鉄道市駅線
a70cd74d-55cc-4f5e-aa28-b339cb78d884,南堀端,33.839213,132.761664,愛媛県,伊予鉄道市駅線
a6e4ce15-43e8-4d1b-ba14-076e864f7ae8,市役所前,33.839926,132.764819,愛媛県,伊予鉄道市駅線
1fd9c630-a646-4aef-a351-212db5320d7e,県庁前,33.841067,132.766364,愛媛県,伊予鉄道市駅線
c7d12716-1974-47c2-869a-30c0937ad134,大街道,33.841103,132.769861,愛媛県,伊予鉄道市駅線
40615a59-7a49-4100-8c21-db4aeabf77d1,勝山町,33.841709,132.774818,愛媛県,伊予鉄道市駅線
6d6a98e4-af2e-427d-ad59-ffae2baf75d6,警察署前,33.844596,132.775354,愛媛県,伊予鉄道市駅線
ef8e46bc-4fcf-4eb3-aa97-6388a686b95b,上一万,33.846737,132.775502,愛媛県,伊予鉄道市駅線
7991d54d-91d9-4ae6-a6fe-7e4005d3e63a,南町,33.847412,132.779839,愛媛県,伊予鉄道市駅線
cb9df78b-4f2b-4276-b165-629162572c83,道後公園,33.848552,132.784989,愛媛県,伊予鉄道市駅線
1e4d2ee6-54ec-4de1-b294-96f430e0c550,道後温泉,33.850477,132.784817,愛媛県,伊予鉄道市駅線
c658fa3e-9197-413b-866a-85c4764dc00d,松山駅前,33.840765,132.752326,愛媛県,伊予鉄道松山駅前線
e3971f9e-41c0-45c8-8d41-76b359cdf38f,大手町,33.839726,132.755384,愛媛県,伊予鉄道松山駅前線
3445b408-505a-4cfc-9a36-bf32819b38fe,西堀端,33.840105,132.75866,愛媛県,伊予鉄道松山駅前線
9f31fb86-3899-4cdc-a0be-77c9031f4fe3,南堀端,33.839213,132.761664,愛媛県,伊予鉄道松山駅前線
58093826-02e6-4aa0-b3d3-df902610765c,市役所前,33.839926,132.764819,愛媛県,伊予鉄道松山駅前線
af9f844c-4065-4857-a7b9-71009298fdf1,県庁前,33.841067,132.766364,愛媛県,伊予鉄道松山駅前線
20c33ef6-5078-40a4-ab2f-fdf281a33c64,大街道,33.841103,132.769861,愛媛県,伊予鉄道松山駅前線
2cd94bc6-5ee2-4989-ba21-77f87b6061a8,勝山町,33.841709,132.774818,愛媛県,伊予鉄道松山駅前線
1c329538-c79f-4c66-a990-6157fefb36ba,警察署前,33.844596,132.775354,愛媛県,伊予鉄道松山駅前線
aede1222-cdbe-4bd2-90e0-fb0932a1e66f,上一万,33.846737,132.775502,愛媛県,伊予鉄道松山駅前線
9b7f5159-9620-446c-a423-1d95606dec22,南町,33.847412,132.779839,愛媛県,伊予鉄道松山駅前線
0d51a1fe-3d49-4f4a-8c74-3dc9a78cf5ea,道後公園,33.848552,132.784989,愛媛県,伊予鉄道松山駅前線
713f3340-f06d-4bab-8dad-4a66eebdc371,道後温泉,33.850477,132.784817,愛媛県,伊予鉄道松山駅前線
190f935a-1296-427d-b255-4f5332d5b9e3,本町６丁目,33.853472,132.758473,愛媛県,伊予鉄道本町線
aaea472d-0b20-4bde-a785-43350ac9bee8,本町５丁目,33.851047,132.758853,愛媛県,伊予鉄道本町線
3893070a-c36d-4b02-bdb5-0db6dd687bcd,本町４丁目,33.847982,132.758789,愛媛県,伊予鉄道本町線
de8062e8-c315-4d4d-b412-0beb07aaee1b,本町３丁目,33.84513,132.758853,愛媛県,伊予鉄道本町線
cd4e13b9-c589-4a74-a809-1df276242dec,西堀端,33.840105,132.75866,愛媛県,伊予鉄道本町線
8e81a5a9-5287-49bd-8b95-dec1ca4d3360,南堀端,33.839213,132.761664,愛媛県,伊予鉄道本町線
5a53a7b6-7c3a-47ee-95ad-ca8a699c4c54,市役所前,33.839926,132.764819,愛媛県,伊予鉄道本町線
1ad8db83-fe5e-4fe3-a0ce-e1abadfacb7b,県庁前,33.841067,132.766364,愛媛県,伊予鉄道本町線
4c57af29-e432-47b5-b2d1-9ae84a3e5f62,大街道,33.841103,132.769861,愛媛県,伊予鉄道本町線
595919f4-c808-4a7c-a363-e84ddea7612a,勝山町,33.841709,132.774818,愛媛県,伊予鉄道本町線
fd96fc1a-e7e5-41a5-a503-99cdc5a0f430,警察署前,33.844596,132.775354,愛媛県,伊予鉄道本町線
2fda8849-a0a2-450c-a403-9ba85eab1c5a,上一万,33.846737,132.775502,愛媛県,伊予鉄道本町線
f261a44c-9aa8-45b3-8721-6f64d47251e6,南町,33.847412,132.779839,愛媛県,伊予鉄道本町線
6adc364c-3e69-4f26-b319-4e50322ac528,道後公園,33.848552,132.784989,愛媛県,伊予鉄道本町線
5531548a-e900-4cba-be81-684f2981daba,道後温泉,33.850477,132.784817,愛媛県,伊予鉄道本町線
e90ec6ff-3270-49a2-8757-eb9b36e9ada0,窪川,33.212656,133.137285,高知県,中村線
17c282f1-0fd8-4e34-bf2f-020b790c74c0,若井,33.18807,133.105937,高知県,中村線
5d299ef9-2f9d-4297-a7a0-b3201ba054a6,荷稲,33.132961,133.116316,高知県,中村線
f0f8b4fa-7da8-4398-8c72-dce1d6ed6580,伊与喜,33.105169,133.098519,高知県,中村線
00d875db-f6bc-4d6b-b1e0-e5438e1ce207,土佐佐賀,33.080905,133.101517,高知県,中村線
579b2dc4-2068-4335-bcbd-7497a8acce41,佐賀公園,33.064604,133.106582,高知県,中村線
ec9ac781-23e1-4159-8337-8c6eccd273b1,土佐白浜,33.05643,133.097452,高知県,中村線
9a5f2031-ce54-48e8-9091-cb781fbf6a2d,有井川,33.038914,133.071258,高知県,中村線
94a722b8-a26a-4d87-aba6-a9d1257cb33f,土佐上川口,33.043013,133.056112,高知県,中村線
e589ada5-d29c-417f-afa4-b48baa14ff45,海の王迎,33.040407,133.046482,高知県,中村線
dce78eeb-23f1-4669-be12-9949a3595f4e,浮鞭,33.039516,133.029856,高知県,中村線
d42fd65d-07d2-44ef-bc06-6c85cae6739b,土佐入野,33.023866,133.011636,高知県,中村線
8ac7959d-4778-4825-8fdb-e88331312f02,西大方,33.008912,132.986967,高知県,中村線
faebf920-de0e-4899-9d6d-b1a250115949,古津賀,32.985744,132.962036,高知県,中村線
cb39bdae-005e-4df5-810d-6923eb59fbaa,中村,32.984641,132.943927,高知県,中村線
6c7f6036-7c93-49ad-8cc1-1c54be2d0682,中村,32.984641,132.943927,高知県,宿毛線
b3fc08ae-a377-4f22-bca8-c17df5370edd,具同,32.9794,132.915473,高知県,宿毛線
cb630638-3973-443c-81fe-344e550a2780,国見,32.978932,132.883716,高知県,宿毛線
9ed2f04e-1a31-4d61-9538-d11935b0ea57,有岡,32.961229,132.833077,高知県,宿毛線
b1298665-0b9e-4df4-88df-0a4664a2dc1a,工業団地,32.95632,132.801931,高知県,宿毛線
1cbec410-edfa-417a-be40-aed9c8b14af1,平田,32.955639,132.794977,高知県,宿毛線
815b0d54-5ba0-4d9c-9f7e-3bb0f1c057bd,東宿毛,32.933673,132.728736,高知県,宿毛線
2e383aa8-1366-4b6c-94e7-cb6488d5bfb8,宿毛,32.932534,132.71364,高知県,宿毛線
91207953-6c42-49b6-b062-5ef8ab05f98c,後免,33.579245,133.645479,高知県,ごめん・なはり線
ef50e807-a296-4a85-ab8c-aca5a3dbe0dc,後免町,33.57454,133.651415,高知県,ごめん・なはり線
ebf31d3d-1e7b-44ea-b0cd-01befb69dbb4,立田,33.57073,133.670627,高知県,ごめん・なはり線
13a84e2a-7c48-44cb-8217-e0bfb91c7cac,のいち,33.561649,133.698366,高知県,ごめん・なはり線
24e8a0b8-2dd2-4aba-b5ea-0f6bbd52961d,よしかわ,33.546089,133.710352,高知県,ごめん・なはり線
e3f31d97-76b0-4068-8c22-f54d9a7898cf,あかおか,33.539893,133.721859,高知県,ごめん・なはり線
931838f3-5cfe-43db-9be9-829be5cc1cd1,香我美,33.539152,133.73723,高知県,ごめん・なはり線
7c16708c-3569-41d6-977d-644bcefca789,夜須,33.534347,133.754506,高知県,ごめん・なはり線
4d71ba4a-e79c-4eef-8d45-2e8d26fd1c16,西分,33.518015,133.790772,高知県,ごめん・なはり線
92f271d3-66ed-4583-8eab-adb2de92ecd3,和食,33.51784,133.809739,高知県,ごめん・なはり線
d51efad2-38da-4029-86d6-d63a41f821c8,赤野,33.516,133.825026,高知県,ごめん・なはり線
0ab8a674-aa4f-4331-aa90-1f75d1ee9099,穴内,33.506069,133.864204,高知県,ごめん・なはり線
247d598b-5cc2-4d9c-be0a-98394ca16c49,球場前,33.502635,133.891265,高知県,ごめん・なはり線
d79792c0-ed84-435d-a0da-45ff4c9d9e92,安芸,33.504738,133.906538,高知県,ごめん・なはり線
231d8c8a-0958-456b-9f10-6e6ea30f42fb,伊尾木,33.490952,133.929158,高知県,ごめん・なはり線
00f5854c-cc0c-4e80-b9ef-4a6097a70fb7,下山,33.458267,133.94837,高知県,ごめん・なはり線
7ceb51a1-a249-45b8-a901-323adde2ae87,唐浜,33.446036,133.966263,高知県,ごめん・なはり線
ea5df5f5-0914-4198-a28b-7e31cfb699a0,安田,33.443359,133.984151,高知県,ごめん・なはり線
5002c645-8213-4a73-83eb-5a4ef965dd76,田野,33.4303,134.008207,高知県,ごめん・なはり線
948a2281-b3bf-4ce1-ada9-8d9147cabdae,奈半利,33.425187,134.018269,高知県,ごめん・なはり線
a3fa8014-b888-4a5f-bf3a-23ff1fc37cf2,後免町,33.574403,133.650227,高知県,ごめん線
cce3e8f4-1379-4bb8-99f8-34256c13b981,後免東町,33.574526,133.648137,高知県,ごめん線
34eba483-c8de-4d11-bacb-7e3f1fe15fd2,後免中町,33.575548,133.645527,高知県,ごめん線
0a3dae8c-5226-4259-85c3-1f9a0b228c84,後免西町,33.575869,133.642652,高知県,ごめん線
5a8c2738-0efc-44ec-83d5-ff5437179b5f,東工業前,33.576442,133.638446,高知県,ごめん線
93511825-1cbd-4ed0-ba7a-0cfd9de4911a,住吉通,33.576656,133.636515,高知県,ごめん線
0914e7ae-85d2-4acc-8f99-ea19e8498730,篠原,33.577228,133.631022,高知県,ごめん線
292ddc5a-4e98-4981-a398-0dfb51b5ed24,小篭通,33.57637,133.625786,高知県,ごめん線
2bbcf15e-21ee-4493-8d6a-cb371d0572ee,長崎,33.575119,133.620722,高知県,ごめん線
357c02c5-b7b1-46e4-9a37-298e7b6ca39e,明見橋,33.574582,133.617589,高知県,ごめん線
4341021d-709a-4af8-9b6b-fd435bcc7d14,一条橋,33.574833,133.613802,高知県,ごめん線
28eaf125-eb54-4605-8c17-ce715e97b740,清和学園前,33.57502,133.61244,高知県,ごめん線
bf8a783a-b4bd-41e0-865f-f97a28aa01fe,領石通,33.574332,133.607805,高知県,ごめん線
5f86541d-b8df-4a32-8e23-fdf3af390c61,北浦,33.57376,133.603728,高知県,ごめん線
ca8488e2-c956-4f56-bd0d-6cfea85adcf0,舟戸,33.570613,133.599522,高知県,ごめん線
cb5a33b7-4ed9-4254-89cd-4e564e85d4a2,鹿児,33.567216,133.597033,高知県,ごめん線
a1ff8083-8468-47dc-8ae3-36ff71e2127a,田辺島通,33.566644,133.593214,高知県,ごめん線
9ae0e338-6291-42ed-8ed1-f3decb914a7c,東新木,33.564141,133.589609,高知県,ごめん線
3b4c1594-1f83-47f2-9e67-b68e7c1fd344,新木,33.562568,133.586948,高知県,ごめん線
e4bb573b-87b2-4222-b5ce-494fbee7233d,介良通,33.560243,133.583386,高知県,ごめん線
7ff162d1-15f3-45f4-8e2e-9c86c638b510,文珠通,33.559421,133.579524,高知県,ごめん線
cde1e0e9-b451-4137-a6b2-e53cae722c4c,高須,33.559349,133.576691,高知県,ごめん線
90bc34bc-4399-4d98-8798-15b7b2c6fa2a,県立美術館通,33.559134,133.575618,高知県,ごめん線
31b81547-7dfb-4058-86c4-b915f0269a49,西高須,33.558348,133.573129,高知県,ごめん線
ac2b1828-5764-4d57-810f-50225deef128,葛島橋東詰,33.557024,133.569739,高知県,ごめん線
e8ecd1e3-f387-4312-b11d-6d50bd8773bf,知寄町三丁目,33.557597,133.565168,高知県,ごめん線
18357f0d-7943-45f3-8bf6-ac326dceb5cc,知寄町,33.557883,133.561757,高知県,ごめん線
97903083-1e7f-4e13-92ea-94e2a39f08ef,知寄町二丁目,33.558097,133.55989,高知県,ごめん線
bf01c0be-934c-4c04-937d-c68496c2c828,知寄町一丁目,33.558419,133.556693,高知県,ごめん線
2dbd7e97-f187-4b69-99e1-00404cc204f1,宝永町,33.558777,133.55371,高知県,ごめん線
cc288536-cf38-462a-8ae5-baf293cf8e84,菜園場町,33.559063,133.548625,高知県,ごめん線
ace0aa84-b787-48a8-841d-d89894e5feca,デンテツターミナルビル前,33.55926,133.545964,高知県,ごめん線
6bfeeb38-5782-4500-8ac5-0f288d9a3f0d,はりまや橋,33.559617,133.542852,高知県,ごめん線
2b682709-d870-4c03-a721-d48a01a6a687,はりまや橋,33.559617,133.542852,高知県,伊野線
7d91980e-505b-4614-b0f8-3fa44d4d68df,堀詰,33.559546,133.539441,高知県,伊野線
a18e7640-b4e8-48c1-ae15-df7e697705aa,大橋通,33.558974,133.536415,高知県,伊野線
fd5929d9-2f9a-45da-8894-74f931b2b9da,高知城前,33.558491,133.534248,高知県,伊野線
7194b064-cf4e-461d-9a32-9062edef05d7,県庁前,33.55799,133.531222,高知県,伊野線
5c2c2a9d-838a-41d1-a043-44920f9f7565,グランド通,33.55774,133.529356,高知県,伊野線
8a81c93d-f75f-4f30-8e38-aa182ec2d2a6,枡形,33.557382,133.527145,高知県,伊野線
ad3559bf-c9a4-4270-91b8-d3e9dd99210d,上町一丁目,33.557489,133.525107,高知県,伊野線
80f0c1da-2dab-491c-a4c5-880c70fb221b,上町二丁目,33.557382,133.522897,高知県,伊野線
4e29c22f-b323-4e3e-af9a-8632dcd87648,上町四丁目,33.557382,133.519657,高知県,伊野線
65b9e7a9-6e73-4ca4-bb52-10b777d68e95,上町五丁目,33.557275,133.516674,高知県,伊野線
d6922263-5fa7-415a-b9ec-f044b103eb22,旭町一丁目,33.556774,133.51352,高知県,伊野線
25b1f0c8-c090-43dc-88fa-5447c3a9e4f1,旭駅前通,33.555987,133.509636,高知県,伊野線
e288be6a-5e95-4364-b5e6-75f031dad94c,旭町三丁目,33.555701,133.506482,高知県,伊野線
fa180ad0-e9e2-45c5-8759-09ca031e1ef9,蛍橋,33.555487,133.502641,高知県,伊野線
089aec33-7d05-4211-870a-d7a3b877c161,鏡川橋,33.555665,133.498456,高知県,伊野線
f25ab7c8-9783-44bf-9387-3c5c129dbfe0,鴨部,33.552232,133.497276,高知県,伊野線
59a1e2b5-db54-4f22-9715-80f1eadffc9a,曙町東町,33.551624,133.493307,高知県,伊野線
41eced61-9164-4bd8-a9b0-0f4ec4e8390e,曙町,33.551159,133.490946,高知県,伊野線
b281dc55-81a0-4fac-9e14-2b86c02b5a0d,朝倉,33.550712,133.488157,高知県,伊野線
e038d9c0-3a1d-42b0-be25-9c3982dc9976,朝倉駅前,33.551141,133.484294,高知県,伊野線
c20989ae-2f87-4c41-a46a-835c4e66ec30,朝倉神社前,33.551892,133.481097,高知県,伊野線
5edc83df-9bf6-42a6-835b-4d1a4928eeb3,宮の奥,33.552357,133.475883,高知県,伊野線
2bcbe1da-e4ec-4841-a57f-216ef2627d4a,咥内,33.552393,133.470454,高知県,伊野線
db7a947b-34b4-440e-a657-639e91ae5ccd,宇治団地前,33.551928,133.461227,高知県,伊野線
c31a2cb0-4261-4efe-88ee-f60b3cf551d3,八代通,33.552214,133.456399,高知県,伊野線
0dc7b2c3-a5ea-44cf-a255-91bd99ebc664,中山,33.551857,133.452644,高知県,伊野線
999f031e-bbd2-4438-bead-24d9bc65370e,枝川,33.551463,133.449404,高知県,伊野線
f1d24466-4a7a-4030-8183-7f092a3d7030,伊野商業前,33.550569,133.444362,高知県,伊野線
031637eb-6f26-415a-861a-c8c479d1339d,北内,33.549961,133.441336,高知県,伊野線
012c39a4-9a2f-4014-a2f7-dd574fcddead,北山,33.549425,133.438504,高知県,伊野線
89acaa15-45ba-4e39-a620-0785ca3e80d6,鳴谷,33.548852,133.433032,高知県,伊野線
6c25a673-0431-4312-a331-fc3fb67a0c9a,伊野駅前,33.548602,133.429663,高知県,伊野線
cee1b629-abd8-4458-978a-3e4511146bad,伊野,33.548602,133.428397,高知県,伊野線
ee1aa80f-ff2e-424c-80f6-0af5d7ad944c,高知駅前,33.56653,133.543606,高知県,桟橋線
390f6276-fcf2-4f38-921b-18c5f0ade88e,高知橋,33.564284,133.543442,高知県,桟橋線
496034a5-045f-4785-a864-3424b8eb2b19,蓮池町通,33.561066,133.543035,高知県,桟橋線
9aa59074-4ae4-4147-82d5-b690a9001501,はりまや橋,33.559617,133.542852,高知県,桟橋線
74ec20dd-28ff-462b-83e7-efbc46063225,梅の辻,33.554181,133.543485,高知県,桟橋線
b31c8dee-0007-421b-9adb-bf97aab84094,桟橋通一丁目,33.55157,133.545352,高知県,桟橋線
886c2f11-7a16-47f5-8b8a-05616b967c6c,桟橋通二丁目,33.549156,133.546886,高知県,桟橋線
79a6932e-27f6-44e9-a684-870bb93d6d05,桟橋通三丁目,33.547082,133.548303,高知県,桟橋線
b74c83e7-2573-4c4e-8cfe-87bfe6084fd7,桟橋通四丁目,33.544668,133.549933,高知県,桟橋線
e3d90f7c-7fbe-4c1f-b958-8f662b30b3f0,桟橋車庫前,33.541073,133.552315,高知県,桟橋線
c4c14ef2-651f-4505-9bc5-a6524572972c,桟橋通五丁目,33.540286,133.552938,高知県,桟橋線
12b5ba44-4139-4abe-860f-67828702e87d,基山,33.420815,130.532537,佐賀県,甘木鉄道
90340bdf-549f-45a4-947e-bbdd28ff49a4,立野,33.412412,130.539573,佐賀県,甘木鉄道
f2a13559-2233-483b-8b39-505e7bd0f59d,小郡,33.397555,130.552994,福岡県,甘木鉄道
a02a8d20-e2f7-460e-a4d1-2021050c2477,大板井,33.398452,130.560727,福岡県,甘木鉄道
b869169e-398f-4ab4-a660-52e007e6bcff,松崎,33.399654,130.582047,福岡県,甘木鉄道
3241bd7d-c71f-4f76-b845-0cb54c4ff604,今隈,33.404237,130.594426,福岡県,甘木鉄道
af3e7ce9-aa33-47c0-a5df-d98d171fafd9,西太刀洗,33.40774,130.599153,福岡県,甘木鉄道
057cf813-f08d-40e3-9a2f-27a331ab4be4,山隈,33.414076,130.609964,福岡県,甘木鉄道
8137e419-89c8-47f7-bd78-aa7607a181d1,太刀洗,33.413868,130.618768,福岡県,甘木鉄道
2934e5ff-8d18-4393-b963-3becae3d1961,高田,33.414218,130.63402,福岡県,甘木鉄道
e769eeba-d1a8-43fa-96bb-30afb307bd07,甘木,33.419295,130.653325,福岡県,甘木鉄道
84281813-7d08-429c-99e4-b89fec4abc1a,直方,33.747461,130.725015,福岡県,伊田線
6d7327aa-27c8-4d58-acf5-d1e896dd9dc3,南直方御殿口,33.738729,130.724903,福岡県,伊田線
f834f507-2fd9-4a36-ba46-741ea42e0d26,あかぢ,33.727366,130.72455,福岡県,伊田線
d9230723-31c5-4ca6-85ab-fed7d851d840,藤棚,33.722017,130.735291,福岡県,伊田線
eccb7b7c-22f0-4570-8a35-6251e01ad954,中泉,33.720992,130.742871,福岡県,伊田線
b9dcfa80-fab5-45a4-9d25-1571cbdec8cc,市場,33.708074,130.759328,福岡県,伊田線
b136baab-bf2b-4ffd-98a1-3d44c36d76e4,ふれあい生力,33.700112,130.765567,福岡県,伊田線
c315effe-91ae-4533-98c1-a7edb92e16c5,赤池,33.69206,130.768675,福岡県,伊田線
898fb846-d438-49f9-98cf-f3d52fd7def1,人見,33.687316,130.771105,福岡県,伊田線
c97126da-82cc-4b61-a4ad-7998b8ab466f,金田,33.682805,130.776491,福岡県,伊田線
94f4ed27-7127-4b88-ac35-0c95ec38e06d,上金田,33.672435,130.789172,福岡県,伊田線
6e9d5890-b37b-4315-b963-54d9be264f6d,糒,33.664744,130.799177,福岡県,伊田線
11c08f48-e5f9-4d6b-9053-f6da3763266e,田川市立病院,33.660436,130.802697,福岡県,伊田線
42dd0442-09eb-4806-a69c-63b434256d0c,下伊田,33.651965,130.807016,福岡県,伊田線
be7cbaed-90f5-4860-8ca5-2c78daecd849,田川伊田,33.642046,130.817688,福岡県,伊田線
8eec1bed-0629-4e0f-9c9e-2033fda91bdb,金田,33.682805,130.776491,福岡県,糸田線
629b1e04-0011-401d-aed6-156df0718973,豊前大熊,33.672646,130.780387,福岡県,糸田線
f0e91f75-7b3e-4844-b750-56d54a02f89b,松山,33.668496,130.780537,福岡県,糸田線
1642da91-5868-4a6d-bec4-38b4ba2614fd,糸田,33.656481,130.785773,福岡県,糸田線
ef283b4a-dc2e-4b4e-8cf0-8c8be28e0ca0,大藪,33.64712,130.797642,福岡県,糸田線
aac49708-f0f9-4be2-bb70-82979d3468d5,田川後藤寺,33.630294,130.800232,福岡県,糸田線
f34340c2-ae89-49dc-87ce-282d28ccd074,田川伊田,33.642046,130.817688,福岡県,田川線
9c857ebc-7aa4-4c64-aa7e-5954f62bc2c7,上伊田,33.648079,130.83017,福岡県,田川線
048864cb-9387-4391-8ad8-a9e242b16c51,勾金,33.651568,130.841939,福岡県,田川線
cdfd52e3-53cd-4bad-9161-f4564b7743cb,柿下温泉口,33.651593,130.854116,福岡県,田川線
7cb9b0be-b73d-41f1-968c-eb9877667fd6,内田,33.637367,130.864302,福岡県,田川線
68749742-aeb1-4852-ae2d-9e03db46b085,赤,33.617703,130.871827,福岡県,田川線
78e10048-5b4f-4243-a0c9-599281df98f0,油須原,33.612765,130.884384,福岡県,田川線
3136a110-706c-4a5e-bb26-2a9ee544e2eb,源じいの森,33.616179,130.895972,福岡県,田川線
1f7a6a66-027a-4a47-957e-397a4d4b7721,崎山,33.636285,130.917903,福岡県,田川線
a311d2fd-dac8-40b7-a03f-ffa28db7affc,犀川,33.650689,130.939337,福岡県,田川線
b40a810f-e4a6-48c2-989a-960397115959,東犀川三四郎,33.661385,130.948966,福岡県,田川線
cfec3152-5cf4-4e99-937b-6c9c360342fb,新豊津,33.679717,130.963987,福岡県,田川線
131e5782-7142-4bce-b73c-f6f81b621b5c,豊津,33.687505,130.962984,福岡県,田川線
7a37938d-3ea5-4474-96a0-559ac2ad9577,今川河童,33.702983,130.965517,福岡県,田川線
e212b7bc-2d27-428a-9a16-b831ff35965a,美夜古泉,33.709108,130.969052,福岡県,田川線
13593dad-445f-4b6e-86ca-4e5844d31c5f,行橋,33.72835,130.970313,福岡県,田川線
9f02d2b1-eeb0-436a-b70c-108c6cbd61f2,福岡空港,33.59718,130.448501,福岡県,福岡市営地下鉄空港線
d48b3694-5f04-49e2-b809-e9c52406a6f0,東比恵,33.589958,130.43128,福岡県,福岡市営地下鉄空港線
324756f4-d409-47ff-82cb-5036b422e4cf,博多,33.590204,130.42085,福岡県,福岡市営地下鉄空港線
92e5a5c3-f421-47bf-9952-4d48262e4091,祇園,33.594124,130.414614,福岡県,福岡市営地下鉄空港線
a2665885-0805-4bf9-8e00-1c3cc8301d34,中洲川端,33.594749,130.406418,福岡県,福岡市営地下鉄空港線
cbfd0958-f1cb-4f5a-835e-13cf0690175e,天神,33.591346,130.39906,福岡県,福岡市営地下鉄空港線
6dabd15f-d8a4-47b8-b1a6-2bc2c816d066,赤坂,33.589124,130.391005,福岡県,福岡市営地下鉄空港線
b2ddfca6-a836-4176-b00a-40fb820e5c68,大濠公園,33.589957,130.378784,福岡県,福岡市営地下鉄空港線
b48679ce-6423-428c-a157-781752afde78,唐人町,33.590235,130.370451,福岡県,福岡市営地下鉄空港線
5ad80556-a294-4d4d-8bf5-6fe557b1c90f,西新,33.583846,130.359619,福岡県,福岡市営地下鉄空港線
d6b1dd57-c8f7-4ed7-a1e9-625961e8e95e,藤崎,33.581347,130.348231,福岡県,福岡市営地下鉄空港線
31a25521-cdc0-4afb-a81a-18d67ae38a5d,室見,33.581069,130.340176,福岡県,福岡市営地下鉄空港線
36618b52-67b5-45ba-874b-24bc908f986c,姪浜,33.583764,130.32521,福岡県,福岡市営地下鉄空港線
bcef0f79-b403-4530-8bda-41951e574e1f,中洲川端,33.594749,130.406418,福岡県,福岡市営地下鉄箱崎線
4f7f50a4-03e7-479c-8268-6e39e8f8d05d,呉服町,33.59829,130.409892,福岡県,福岡市営地下鉄箱崎線
1831d801-e2df-46c1-9c81-180f773615e1,千代県庁口,33.602456,130.414336,福岡県,福岡市営地下鉄箱崎線
a6082dad-91b0-49c7-b274-40a24909b9fc,馬出九大病院前,33.6094,130.419336,福岡県,福岡市営地下鉄箱崎線
3225ad5a-6ab7-416a-a18f-c9f85acf7a24,箱崎宮前,33.615788,130.419613,福岡県,福岡市営地下鉄箱崎線
5da535f2-f87e-4021-82a7-0a3087afe188,箱崎九大前,33.622177,130.421002,福岡県,福岡市営地下鉄箱崎線
89a21621-1ae9-44eb-9bff-ffbfbb9fd028,貝塚,33.632906,130.425612,福岡県,福岡市営地下鉄箱崎線
011b30cc-b1ef-4167-9fa5-109384310bcf,橋本,33.555205,130.321064,福岡県,福岡市営地下鉄七隈線
c08930c6-43fc-49bb-99a7-41af722afb99,次郎丸,33.552497,130.329538,福岡県,福岡市営地下鉄七隈線
c8e1e057-d915-4e3e-a360-6aea73a9b4c6,賀茂,33.55048,130.337879,福岡県,福岡市営地下鉄七隈線
5e014358-70b3-4b17-b3c7-d500820e50fd,野芥,33.548111,130.347007,福岡県,福岡市営地下鉄七隈線
441faac5-2a4f-438b-aa87-7808866320c1,梅林,33.545806,130.35494,福岡県,福岡市営地下鉄七隈線
5b3a4d8d-537e-45ad-8d88-792bff6b96af,福大前,33.54747,130.362228,福岡県,福岡市営地下鉄七隈線
e19209e5-d48e-4abc-99af-0ad847bb50e8,七隈,33.552819,130.361628,福岡県,福岡市営地下鉄七隈線
d784eeb2-e4d0-483e-8327-bcc7845159d5,金山,33.559371,130.361561,福岡県,福岡市営地下鉄七隈線
d8ff40c9-80d0-4f66-9143-7bcb0124a6d4,茶山,33.566065,130.36543,福岡県,福岡市営地下鉄七隈線
57b50967-6b84-454b-986f-c90b516d2e8f,別府,33.57417,130.369629,福岡県,福岡市営地下鉄七隈線
a838e597-03ac-4a3d-8e96-e89fec84f359,六本松,33.577678,130.377287,福岡県,福岡市営地下鉄七隈線
1eb568a2-b2f5-4be3-b040-8f7b756b14d2,桜坂,33.577292,130.386819,福岡県,福岡市営地下鉄七隈線
814e520e-b990-45d6-8d6c-ba1b3fda635f,薬院大通,33.580406,130.396158,福岡県,福岡市営地下鉄七隈線
e223e51e-993e-45bc-a360-9b459abd455c,薬院,33.581747,130.401878,福岡県,福岡市営地下鉄七隈線
86d5f220-7983-4d61-ac80-5bed8b58c374,渡辺通,33.583969,130.404843,福岡県,福岡市営地下鉄七隈線
394ac5dc-4df9-4732-a88d-ff4dd940e9ee,天神南,33.588197,130.401727,福岡県,福岡市営地下鉄七隈線
d42f1108-6393-4163-96e0-a11ea9dd9f40,小倉,33.88674,130.882141,福岡県,北九州モノレール
046c9397-dfff-4465-b129-749621e1653f,平和通,33.883159,130.881246,福岡県,北九州モノレール
3f5e0311-5622-4ee8-8fbf-b3abca91be38,旦過,33.880623,130.880194,福岡県,北九州モノレール
276ca630-5bd8-4adf-a569-72ffde0d87fd,香春口三萩野,33.873174,130.880563,福岡県,北九州モノレール
2e0067bf-18d3-406d-ad55-e330995acbb6,片野,33.865511,130.880039,福岡県,北九州モノレール
409ff997-2746-4bce-83d1-63d143169c15,城野,33.858398,130.879601,福岡県,北九州モノレール
86082096-b06d-4a3a-8c3c-26830ea1f35d,北方,33.84908,130.878039,福岡県,北九州モノレール
be289f6e-ba4c-401d-96b0-a99fd59c5871,競馬場前,33.842878,130.876526,福岡県,北九州モノレール
b8d68cc4-a891-4e4f-8104-c494fc5c4d6b,守恒,33.836648,130.87287,福岡県,北九州モノレール
f1de82d3-849b-4b83-8915-8577a6851393,徳力公団前,33.830421,130.867554,福岡県,北九州モノレール
7fad2f26-d98e-49ae-8921-513eaab7b7c0,徳力嵐山口,33.824744,130.863694,福岡県,北九州モノレール
fccb8a29-a8f0-48d0-a70c-83fa0065fccf,志井,33.822556,130.871345,福岡県,北九州モノレール
4abdc03c-b4cb-4824-9a0d-f120f308a5b8,企救丘,33.819708,130.877532,福岡県,北九州モノレール
98814443-dc9e-42fe-a767-edea9e95959c,黒崎駅前,33.86644,130.765459,福岡県,筑豊電気鉄道線
93d1e516-a49e-4bbc-afe0-2ab29e8c7109,西黒崎,33.866309,130.761418,福岡県,筑豊電気鉄道線
ad5958d3-4a1a-42db-9a60-4c65e96235ba,熊西,33.866101,130.757902,福岡県,筑豊電気鉄道線
3be030e9-b705-4ba2-b1b4-89b2a40833c8,萩原,33.861173,130.749186,福岡県,筑豊電気鉄道線
4282d982-8911-463e-808e-1690d302ddc6,穴生,33.857352,130.744942,福岡県,筑豊電気鉄道線
328e348e-46b0-4e24-ba14-b561d7a30eb3,森下,33.853885,130.741092,福岡県,筑豊電気鉄道線
0ef41555-98d7-47e8-a0df-de38244a10b9,今池,33.845258,130.739582,福岡県,筑豊電気鉄道線
2161203e-ddb1-4b27-9320-5a1519286790,永犬丸,33.838865,130.738071,福岡県,筑豊電気鉄道線
1aabe15f-2b89-4ed9-b264-04a02f158454,三ヶ森,33.834776,130.735982,福岡県,筑豊電気鉄道線
ebedfa39-7a7e-41ec-aec8-47f62d10cbf6,西山,33.829393,130.732274,福岡県,筑豊電気鉄道線
15c72c82-5ea9-45d2-a89a-412954fd921d,通谷,33.822994,130.726978,福岡県,筑豊電気鉄道線
8a395077-cb1b-4921-ae6b-372729976249,東中間,33.820019,130.721317,福岡県,筑豊電気鉄道線
abbdc07f-86fa-40a7-9191-7f8c7e8529a8,筑豊中間,33.816647,130.716562,福岡県,筑豊電気鉄道線
b6ded3db-c855-4f18-8aa4-9e81e7ec4111,希望が丘高校前,33.808681,130.71151,福岡県,筑豊電気鉄道線
dbec3b3e-be9e-4d3d-9f9a-904c0fb90ae8,筑豊香月,33.799502,130.719099,福岡県,筑豊電気鉄道線
ec2bb0cb-f5b1-4ab7-8d32-774fe96a916c,楠橋,33.789259,130.724523,福岡県,筑豊電気鉄道線
2dadb606-b736-4549-b515-1a4de4f392be,新木屋瀬,33.783468,130.724493,福岡県,筑豊電気鉄道線
8c4abc64-f1af-426f-b4cf-c190e1f99646,木屋瀬,33.778483,130.724957,福岡県,筑豊電気鉄道線
ee0bd629-f589-4e88-87ff-7793d885642b,遠賀野,33.768628,130.730959,福岡県,筑豊電気鉄道線
11c3eeb0-88ed-4967-96e7-b90125b908fe,感田,33.758799,130.733137,福岡県,筑豊電気鉄道線
d4dce164-05e5-42d8-942e-cd254c1cf99d,筑豊直方,33.753499,130.726299,福岡県,筑豊電気鉄道線
e8e0a804-ea8f-48d5-8a82-417ced4de91a,有田,33.183779,129.881787,佐賀県,西九州線(有田～伊万里)
4f6f51af-8ada-4e63-8088-707557e2d13f,三代橋,33.188949,129.866336,佐賀県,西九州線(有田～伊万里)
7ffa780a-4471-4851-a539-0aa9dcb48c29,黒川,33.195093,129.85542,佐賀県,西九州線(有田～伊万里)
ae4a445c-46cd-4ac1-b116-9bbe4880208d,蔵宿,33.201898,129.850559,佐賀県,西九州線(有田～伊万里)
4cd1b63c-7b19-4353-8117-c929950897d6,西有田,33.208839,129.8502,佐賀県,西九州線(有田～伊万里)
b8cef999-3f7e-41b8-8dda-3a917e5ba63b,大木,33.221615,129.850119,佐賀県,西九州線(有田～伊万里)
aad0b1b8-9591-481d-bc86-74063d71758f,山谷,33.2293,129.849353,佐賀県,西九州線(有田～伊万里)
e3ced5eb-8b08-4fde-98a6-afa0e8ab0883,夫婦石,33.236927,129.850502,佐賀県,西九州線(有田～伊万里)
c9f68f57-ff04-4e97-a725-f4013e056cd7,金武,33.251856,129.854519,佐賀県,西九州線(有田～伊万里)
fe76366f-0309-44aa-86dc-0105d587e72b,川東,33.267329,129.863812,佐賀県,西九州線(有田～伊万里)
7f25d19a-356d-4016-b1e6-2fda394a3241,伊万里,33.271862,129.876344,佐賀県,西九州線(有田～伊万里)
af805166-d9e8-4e9c-b6b1-dc868a1c6160,伊万里,33.271862,129.876344,佐賀県,西九州線(伊万里～佐世保)
4c8b4fc3-f949-4cc9-b403-5e7beeb20b8e,東山代,33.277964,129.846041,佐賀県,西九州線(伊万里～佐世保)
3c8fe2db-5635-40cf-9a51-9c3074308442,里,33.284513,129.835906,佐賀県,西九州線(伊万里～佐世保)
5e92b574-97d2-41dd-9f7d-a7a65b863f51,楠久,33.291426,129.826696,佐賀県,西九州線(伊万里～佐世保)
ecddc653-b902-4f40-83bb-e5bd01ebe84f,鳴石,33.299447,129.816699,佐賀県,西九州線(伊万里～佐世保)
625ca3a8-5343-4a41-9003-56a10bc8c80a,久原,33.313973,129.811763,佐賀県,西九州線(伊万里～佐世保)
9968d667-e28a-4635-81fb-107209d8f3c1,波瀬,33.323013,129.807296,佐賀県,西九州線(伊万里～佐世保)
5ce72e17-7993-4085-977f-e5b38f3ed71f,浦ノ崎,33.335287,129.792524,佐賀県,西九州線(伊万里～佐世保)
5369fd94-4acd-4fe8-a0fe-ceffe4fc33be,福島口,33.338083,129.790271,佐賀県,西九州線(伊万里～佐世保)
b4b517a4-9c4b-42be-81a0-abb73814dc57,今福,33.348357,129.771909,長崎県,西九州線(伊万里～佐世保)
21153539-37f2-4217-a91a-a0defe36b204,鷹島口,33.353784,129.761685,長崎県,西九州線(伊万里～佐世保)
e097993c-6377-40bc-90a4-e2e51cdb2679,前浜,33.358819,129.736192,長崎県,西九州線(伊万里～佐世保)
5d843ce5-d5fd-4a37-abc8-f89e1a4605ff,調川,33.352223,129.727507,長崎県,西九州線(伊万里～佐世保)
8af6988f-db3c-42db-bc7d-89ad73ecb9cc,松浦,33.344273,129.707906,長崎県,西九州線(伊万里～佐世保)
2383f930-acc7-4813-a276-783ffe042f72,松浦発電所前,33.347361,129.68607,長崎県,西九州線(伊万里～佐世保)
af4dd093-de2d-4016-8c72-1528877b12f7,御厨,33.365947,129.662502,長崎県,西九州線(伊万里～佐世保)
0a121a50-5152-4262-ba45-9e949abf7f82,西木場,33.355798,129.638657,長崎県,西九州線(伊万里～佐世保)
a0aa15e8-ff6b-4bdb-91a5-699d88724a50,東田平,33.357706,129.623147,長崎県,西九州線(伊万里～佐世保)
ccd4f3fa-b0b7-4790-8cc6-7438ef2b83c1,中田平,33.355647,129.61104,長崎県,西九州線(伊万里～佐世保)
3cedfd66-3376-44fc-9887-cbcbd3813f73,たびら平戸口,33.362532,129.582595,長崎県,西九州線(伊万里～佐世保)
ed443c52-7c4c-453d-83ca-9d63bcc3dba8,西田平,33.34514,129.590475,長崎県,西九州線(伊万里～佐世保)
69e4e741-b618-42c4-b57a-fd76bfc5f17b,すえたちばな,33.316738,129.613788,長崎県,西九州線(伊万里～佐世保)
bc14cc8b-4a2d-4cf0-bfb7-1d95221ba86f,江迎鹿町,33.306809,129.627081,長崎県,西九州線(伊万里～佐世保)
2e7ed554-5cd3-4663-b868-145e70f63113,高岩,33.297507,129.63723,長崎県,西九州線(伊万里～佐世保)
acb3e7be-4d38-43ff-bcc9-f4f57d0cdc77,いのつき,33.282623,129.667286,長崎県,西九州線(伊万里～佐世保)
40e3e2fe-e7d8-4a27-8785-c23d126ea371,潜竜ヶ滝,33.280808,129.683509,長崎県,西九州線(伊万里～佐世保)
dba9d0b7-3c4f-4097-b047-6f7efa342690,吉井,33.266395,129.685271,長崎県,西九州線(伊万里～佐世保)
8159916e-c4b9-418f-80b7-b7bddf643b57,神田,33.261198,129.671059,長崎県,西九州線(伊万里～佐世保)
ceff8c51-9f3d-4d89-999f-a60e0b6439da,清峰高校前,33.247775,129.656536,長崎県,西九州線(伊万里～佐世保)
3840d11f-a83d-4ed4-8da3-5946d3d9b771,佐々,33.236701,129.646859,長崎県,西九州線(伊万里～佐世保)
1d4457db-239d-4146-9132-7fd4552474a2,小浦,33.222005,129.641643,長崎県,西九州線(伊万里～佐世保)
052b6ff8-18da-4633-872e-29cdb38854bc,真申,33.206498,129.65146,長崎県,西九州線(伊万里～佐世保)
1675c542-8e30-4654-a036-04c6be9c17ce,棚方,33.201565,129.651796,長崎県,西九州線(伊万里～佐世保)
009be223-f872-41d6-a60d-97afefe2ba3d,相浦,33.192577,129.65714,長崎県,西九州線(伊万里～佐世保)
71f32d64-5472-4379-bb0c-95f90d66071a,大学,33.189461,129.667187,長崎県,西九州線(伊万里～佐世保)
86163d72-f858-4746-b6ea-2bfca0b2fc9f,上相浦,33.195205,129.670453,長崎県,西九州線(伊万里～佐世保)
5af86371-dffa-4e39-8f39-5ab941f96f18,本山,33.207029,129.682099,長崎県,西九州線(伊万里～佐世保)
87ab5c52-b956-4025-b308-554984f72082,中里,33.20821,129.687448,長崎県,西九州線(伊万里～佐世保)
7e253aa3-dd28-418a-be40-e5bc7af14082,皆瀬,33.213348,129.701741,長崎県,西九州線(伊万里～佐世保)
ba7d040a-3bcb-41b5-a91a-a9f61687395b,野中,33.211712,129.708527,長崎県,西九州線(伊万里～佐世保)
8bc290d7-e990-4a9e-bab8-e749ff41d771,左石,33.208896,129.721992,長崎県,西九州線(伊万里～佐世保)
dfb5b657-f368-45f2-95d1-a48390255c8b,泉福寺,33.205816,129.727028,長崎県,西九州線(伊万里～佐世保)
99ebaf06-3833-4624-b007-746099f26915,山の田,33.196575,129.722898,長崎県,西九州線(伊万里～佐世保)
88f2abf3-183c-4a6d-9a64-b4fd131ed483,北佐世保,33.18717,129.720446,長崎県,西九州線(伊万里～佐世保)
158aec74-5b53-4432-a0a9-77bfc4581f9c,中佐世保,33.172297,129.722668,長崎県,西九州線(伊万里～佐世保)
0b50a326-c478-451a-9078-c1057f344f23,佐世保中央,33.170902,129.720596,長崎県,西九州線(伊万里～佐世保)
1354bd35-208c-4390-b0b7-5c637cb7a67f,佐世保,33.163868,129.725667,長崎県,西九州線(伊万里～佐世保)
6d9ee6d4-1f10-49c1-8571-21ed1503f338,諫早,32.851018,130.041596,長崎県,島原鉄道線
9729ec6c-222c-4f07-8e54-c076dc2dbd92,本諫早,32.841841,130.052848,長崎県,島原鉄道線
c4d77eba-b437-40bb-821a-dfca8947b87b,幸,32.83705,130.066927,長崎県,島原鉄道線
b94e78c7-8956-44f5-9a4c-cc392afa35f4,小野本町,32.833985,130.08557,長崎県,島原鉄道線
3377bb2f-4595-48ad-9bc5-4d07d88d260f,干拓の里,32.836138,130.093272,長崎県,島原鉄道線
94505fba-cbeb-4e9a-8e81-a6c9bf6fbbc3,森山,32.834969,130.113402,長崎県,島原鉄道線
e0c4c684-9a60-4194-bdfc-860bdb351d33,釜ノ鼻,32.833992,130.135624,長崎県,島原鉄道線
8a087ca4-7a6d-4cdb-9f2a-75bc92d767bf,諫早東高校前,32.823084,130.149098,長崎県,島原鉄道線
9bc3925c-78ef-4aac-a49c-aafffe98369a,愛野,32.818824,130.155855,長崎県,島原鉄道線
fc0e138b-f2a4-433d-b237-9847f40d4d5f,阿母崎,32.830073,130.170196,長崎県,島原鉄道線
a83922a4-26f6-493e-be3e-f2fc6ba7b0eb,吾妻,32.840305,130.189911,長崎県,島原鉄道線
1e5a19a1-0d09-4b16-8708-53bd98a8947e,古部,32.856312,130.213024,長崎県,島原鉄道線
58e47c70-c89a-421e-865f-6ceb552facf2,大正,32.860303,130.225482,長崎県,島原鉄道線
07a6f84f-19ec-4164-9a4f-83466736b443,西郷,32.872801,130.243814,長崎県,島原鉄道線
7a48e118-bf69-4484-95ee-8e8180882260,神代町,32.871516,130.269728,長崎県,島原鉄道線
1fe1c14b-6658-485e-bc36-63bf94426c01,多比良町,32.872061,130.308528,長崎県,島原鉄道線
6b618561-e955-4d2f-acd7-7d8f6ebc033a,島鉄湯江,32.858249,130.328246,長崎県,島原鉄道線
c3c09eeb-1a80-4225-bb1c-01451105c9c7,大三東,32.843734,130.344659,長崎県,島原鉄道線
1311dc01-9a92-405b-99dd-da5226ea9ecf,松尾町,32.834176,130.347714,長崎県,島原鉄道線
8fa140fb-16f6-42fe-a846-50ba4f0305d6,三会,32.814936,130.35713,長崎県,島原鉄道線
4b34581f-109d-4c60-87c2-1216721df110,島原,32.790489,130.370616,長崎県,島原鉄道線
3ecb9b67-b3d5-4a15-b5fe-2e30d0e52bef,島鉄本社前,32.782198,130.374233,長崎県,島原鉄道線
f0b31602-2f0e-49ec-b8af-a74ac0a03180,南島原,32.775768,130.37557,長崎県,島原鉄道線
7f3ce36c-bd0a-43b2-a646-82a4ef447f07,島原外港,32.768507,130.370151,長崎県,島原鉄道線
e51bfe2c-7b4b-42e4-bf59-871d6a79011b,秩父が浦,32.759989,130.368843,長崎県,島原鉄道線
d7215f34-eafb-4eae-b270-98bfbad1bb58,安徳,32.75067,130.367865,長崎県,島原鉄道線
e65a2ae7-c33b-429e-9a75-3f315f2a4408,瀬野深江,32.732606,130.361016,長崎県,島原鉄道線
cac3df17-0530-4c09-a587-e430d25c891e,深江,32.718407,130.348193,長崎県,島原鉄道線
9aca8ec8-587b-4091-8485-3f5a0c95c237,布津新田,32.699764,130.348254,長崎県,島原鉄道線
83af75b2-af75-4a70-a6be-a74fbd0d7c98,布津,32.687148,130.352927,長崎県,島原鉄道線
6d7f47d6-8a4a-498d-bdbd-215efd78ac78,堂崎,32.670877,130.332702,長崎県,島原鉄道線
d0ff42dc-9805-4a67-9310-caad24a4d18b,蒲河,32.665983,130.320178,長崎県,島原鉄道線
2dac5966-9f57-4c40-98c9-2080c3bbf470,有家,32.664071,130.305116,長崎県,島原鉄道線
b42726d2-cf15-4921-acd7-645b05fe1c2c,西有家,32.657207,130.294114,長崎県,島原鉄道線
b5fdde16-939b-4c30-9fde-83c8f0778cfe,龍石,32.654244,130.271919,長崎県,島原鉄道線
7817f975-ed98-4f16-9abe-116127a80aad,北有馬,32.655074,130.25304,長崎県,島原鉄道線
ea2dfad6-7c7f-42fa-9ec7-f1a669876a81,常光寺前,32.649244,130.249782,長崎県,島原鉄道線
d19c59a6-6d3b-4376-bfeb-502a53d1d5e7,浦田観音,32.639745,130.252268,長崎県,島原鉄道線
2764a5e8-ded9-4938-b6e0-f7f9fb283558,原城,32.632879,130.249436,長崎県,島原鉄道線
e43449fd-5ff8-4634-ad48-b3ecb2a9764b,有馬吉川,32.618296,130.230487,長崎県,島原鉄道線
953782ae-6500-4b53-80e9-377ad011f7c9,東大屋,32.611296,130.198648,長崎県,島原鉄道線
345085c0-0cd6-4bc7-aae6-304fcd422048,口之津,32.611618,130.185658,長崎県,島原鉄道線
db466bba-34e5-4d79-aec2-513b9a59caad,白浜海水浴場前,32.611157,130.175447,長崎県,島原鉄道線
31dff985-3573-450e-b91c-b3825da6a7ca,加津佐,32.623366,130.166728,長崎県,島原鉄道線
267e7390-2023-4345-a64a-781b7825c41f,赤迫,32.793732,129.857948,長崎県,長崎電軌１系統
7ced34de-5e7c-4513-9072-62a0bb67b5d4,住吉,32.792073,129.859836,長崎県,長崎電軌１系統
f9bb1da0-bb36-4e2b-afb3-c2b2ef68459b,昭和町通り,32.79063,129.860694,長崎県,長崎電軌１系統
280c1fed-07c1-4566-b871-5d4bad474da0,千歳町,32.78962,129.860952,長崎県,長崎電軌１系統
44abe937-1c56-4965-915e-b3f274801e3d,若葉町,32.787744,129.861596,長崎県,長崎電軌１系統
d8d064f4-5352-4bff-bc0e-184f416c86b7,長崎大学前,32.785759,129.862282,長崎県,長崎電軌１系統
69e459ff-7e11-4630-aa4e-2174f9dd2c58,岩屋橋,32.781935,129.862282,長崎県,長崎電軌１系統
20af3a28-60ad-4782-aa51-1481451317c9,浦上車庫前,32.77968,129.861381,長崎県,長崎電軌１系統
5d371372-211b-4303-b54f-6fb6d66d5e4c,大橋,32.777713,129.861467,長崎県,長崎電軌１系統
f1a36ef9-55d3-4de3-9826-993fb49a87b6,松山町,32.773437,129.862132,長崎県,長崎電軌１系統
8373e743-5895-4aeb-8472-3c88d362a561,浜口町,32.770551,129.863784,長崎県,長崎電軌１系統
887327c7-04d5-4fee-8542-d6d9c4928761,大学病院前,32.769017,129.864171,長崎県,長崎電軌１系統
d5063d92-21a6-4fa3-9661-0ef5608a852c,浦上駅前,32.765481,129.864171,長崎県,長崎電軌１系統
33281577-d0c3-4399-ae36-dd9ce9ba127e,茂里町,32.763965,129.864557,長崎県,長崎電軌１系統
750acab5-ff69-4a08-bb1f-7e400ebddd08,銭座町,32.761475,129.865801,長崎県,長崎電軌１系統
6a3de373-938a-4ae8-9804-2b91d5b08a2c,宝町,32.75783,129.868913,長崎県,長崎電軌１系統
3af74ac9-66a0-48e1-9d2e-9e2cf7175c5b,八千代町,32.754979,129.870436,長崎県,長崎電軌１系統
3e30047e-3569-44a6-8bf5-687e1322e20d,長崎駅前,32.75238,129.871874,長崎県,長崎電軌１系統
fcbdf2fe-d2e9-493a-a7ce-86c6ad56a7d8,五島町,32.749411,129.872217,長崎県,長崎電軌１系統
5db8f8f6-8e31-4b59-8976-1a0a0bb9f2c9,大波止,32.745116,129.872046,長崎県,長崎電軌１系統
b40b9369-c485-41bf-ab35-a63fc10235df,出島,32.743871,129.871681,長崎県,長崎電軌１系統
ac4894c6-770f-45bc-9620-6a558c52cbae,築町,32.742869,129.874942,長崎県,長崎電軌１系統
2af191a5-1f88-4dc9-a20c-12c2516636c1,西浜町,32.743735,129.876015,長崎県,長崎電軌１系統
0813d0a3-15c7-4706-9c91-52c68b53ca4a,観光通り,32.743483,129.877775,長崎県,長崎電軌１系統
3e65a786-5fc7-4bd6-9b01-aad1d8790732,思案橋,32.742725,129.880264,長崎県,長崎電軌１系統
1ae16d71-8f83-473a-a05c-39bd996120d8,正覚寺下,32.741425,129.882109,長崎県,長崎電軌１系統
c3cf5b29-63a0-4982-ac61-e2e45a441515,蛍茶屋,32.751135,129.894254,長崎県,長崎電軌３系統
0a499c92-503b-466d-a1c3-a0c2b1f5a43b,新中川町,32.752362,129.890435,長崎県,長崎電軌３系統
c263ee6a-afe2-4b5b-b98c-2f0b47f60866,新大工町,32.75238,129.886701,長崎県,長崎電軌３系統
7deb9fbe-7ef0-4732-ab9a-3a7bf9191593,諏訪神社前,32.752596,129.884083,長崎県,長崎電軌３系統
602e774e-972a-49dc-aea9-ec51812d56dd,公会堂前,32.74942,129.88065,長崎県,長崎電軌３系統
90e24a45-c97a-408d-82f0-93c8e2742f44,桜町,32.750792,129.8755,長崎県,長崎電軌３系統
40030c60-c1f2-44d9-bf9f-fe81f487fbc3,長崎駅前,32.75238,129.871874,長崎県,長崎電軌３系統
e50815fc-da04-4fdb-8ece-2d3a0271a1dd,八千代町,32.754979,129.870436,長崎県,長崎電軌３系統
d3d77bb5-c057-4c33-a0d1-3877cb54159f,宝町,32.75783,129.868913,長崎県,長崎電軌３系統
41aebed4-2782-4285-9641-67cfd2f51473,銭座町,32.761475,129.865801,長崎県,長崎電軌３系統
56bbfaed-fd59-4458-81e0-2483081f5f75,茂里町,32.763965,129.864557,長崎県,長崎電軌３系統
baecd33d-b151-4617-ac24-cdc3ce8ce6d3,浦上駅前,32.765481,129.864171,長崎県,長崎電軌３系統
338ddef9-4106-4316-95e8-a747231e1336,大学病院前,32.769017,129.864171,長崎県,長崎電軌３系統
60cb1259-6c7a-4d57-adf0-d4c33f6fd704,浜口町,32.770551,129.863784,長崎県,長崎電軌３系統
91438432-f248-4e00-bc13-c0f8d6ba2acf,松山町,32.773437,129.862132,長崎県,長崎電軌３系統
6ba556ca-f68c-41a2-b9b6-d45e50458ce9,大橋,32.777713,129.861467,長崎県,長崎電軌３系統
4d97e2df-5972-4909-bdd6-caf15f14af1b,浦上車庫前,32.77968,129.861381,長崎県,長崎電軌３系統
321a9ff9-db3f-416e-bdf3-0822124f787c,岩屋橋,32.781935,129.862282,長崎県,長崎電軌３系統
efd138d9-2480-4973-8d60-33cf3ddf6ffa,長崎大学前,32.785759,129.862282,長崎県,長崎電軌３系統
e2db866b-9dff-45f4-b7da-a886c208554a,若葉町,32.787744,129.861596,長崎県,長崎電軌３系統
9fe046be-597b-4146-b913-6972d68cfe6c,千歳町,32.78962,129.860952,長崎県,長崎電軌３系統
b046b5fa-889f-4ee4-af28-923b6d124af1,昭和町通り,32.79063,129.860694,長崎県,長崎電軌３系統
82c45cef-fc2f-43a1-ab0b-e3263f673ae1,住吉,32.792073,129.859836,長崎県,長崎電軌３系統
0009ff10-0aae-4e10-8c08-9d7ae794c555,赤迫,32.793732,129.857948,長崎県,長崎電軌３系統
96da4b4f-9a8d-40d3-a410-92093439a7cc,蛍茶屋,32.751135,129.894254,長崎県,長崎電軌４系統
0dd05dca-3953-48a2-91f8-bc09e0b56cc7,新中川町,32.752362,129.890435,長崎県,長崎電軌４系統
4e44ea7f-fd2a-4b8c-be41-7e4f214e5a89,新大工町,32.75238,129.886701,長崎県,長崎電軌４系統
4db46dad-b016-4ed3-85f9-9e4c5b7bd832,諏訪神社前,32.752596,129.884083,長崎県,長崎電軌４系統
737535d1-a77a-43c3-bdaa-d63129ecbe15,公会堂前,32.74942,129.88065,長崎県,長崎電軌４系統
1b5dbfb0-e5cf-425f-a486-eec41d6c96ce,賑橋,32.746785,129.878204,長崎県,長崎電軌４系統
d4c18099-1182-41d9-a4df-0e8c077c5bc3,西浜町,32.743735,129.876015,長崎県,長崎電軌４系統
dd3c98de-a1c6-4378-a922-7ce65d8ed459,観光通り,32.743483,129.877775,長崎県,長崎電軌４系統
8a668363-654e-41a9-bf22-5a863f17b369,思案橋,32.742725,129.880264,長崎県,長崎電軌４系統
ef89d303-4326-4dd7-a42f-8ce7da1fa890,正覚寺下,32.741425,129.882109,長崎県,長崎電軌４系統
a26b4385-d40b-4cc7-b02c-b6a09fab80cd,蛍茶屋,32.751135,129.894254,長崎県,長崎電軌５系統
7a4290b3-6cfd-4f87-80e2-d845067eb4c3,新中川町,32.752362,129.890435,長崎県,長崎電軌５系統
d0e8ca2b-d098-47c5-914b-a26bd1c39102,新大工町,32.75238,129.886701,長崎県,長崎電軌５系統
9cffd720-0ec2-4bf9-b7b8-0ee9f3176bab,諏訪神社前,32.752596,129.884083,長崎県,長崎電軌５系統
08247363-df93-47a7-996c-d186711402b8,公会堂前,32.74942,129.88065,長崎県,長崎電軌５系統
f091bf84-ed09-4600-9701-c5d32fed0e20,賑橋,32.746785,129.878204,長崎県,長崎電軌５系統
489c4cb7-0369-401b-91b2-e10955cba12c,西浜町,32.743735,129.876015,長崎県,長崎電軌５系統
b9552909-ea13-4838-a9ae-86f9ea2f8b0a,築町,32.742869,129.874942,長崎県,長崎電軌５系統
438edd93-8948-4907-99b1-d5a2446f194c,市民病院前,32.740523,129.87241,長崎県,長崎電軌５系統
a579ddda-6128-4ecf-9466-836b7fcde589,大浦海岸通り,32.737861,129.870608,長崎県,長崎電軌５系統
8cadfe79-5070-4497-97bd-37140e9acd82,大浦天主堂下,32.736408,129.87078,長崎県,長崎電軌５系統
7a56ac82-9522-4dd2-a39d-75e17aea366f,石橋,32.734269,129.872432,長崎県,長崎電軌５系統
46d79beb-1e31-4dd5-a4b1-f06055a8fea9,藤崎宮前,32.808928,130.713218,熊本県,熊本電鉄本線
d0e2183a-db0b-45a8-ab98-d305f818e8b5,黒髪町,32.818408,130.717232,熊本県,熊本電鉄本線
f7648bfd-15da-4ae3-9c98-09bd2bed9d8e,北熊本,32.827492,130.721981,熊本県,熊本電鉄本線
1169d388-3191-4359-b43b-578a12c3c2a5,亀井,32.837414,130.72224,熊本県,熊本電鉄本線
da9a428b-9680-4907-b196-f3fc1e9375b4,八景水谷,32.841258,130.722812,熊本県,熊本電鉄本線
13e96123-5524-46ad-9289-b9a293e8d7b6,堀川,32.848988,130.725231,熊本県,熊本電鉄本線
2e05ef8f-77b5-42c6-b22e-20b726d9bd9c,新須屋,32.853266,130.730198,熊本県,熊本電鉄本線
7d870504-3b81-4728-b53d-d460734a3265,須屋,32.858493,130.736481,熊本県,熊本電鉄本線
fb78ae3e-c3ca-4b03-a40b-6b8b72dc0d4d,三ツ石,32.864265,130.738378,熊本県,熊本電鉄本線
f369e393-bb96-4b7b-acc1-87d90cbaf052,黒石,32.870636,130.742164,熊本県,熊本電鉄本線
850a6c00-b649-4cf2-8550-a617fdd844c6,熊本高専前,32.878088,130.746271,熊本県,熊本電鉄本線
6f1f0e2a-31ff-41b8-95a5-beb059a0e9d7,再春荘前,32.880866,130.747938,熊本県,熊本電鉄本線
715d53d8-4778-46bd-a942-bbb54fb3a1b7,御代志,32.884985,130.750124,熊本県,熊本電鉄本線
eb618bb6-8b89-4b84-ba1b-6cee8ae8253f,上熊本,32.818324,130.699797,熊本県,熊本電鉄上熊本線
37dd10fc-4e4f-476c-a94f-dace0ee1ba21,韓々坂,32.824201,130.701917,熊本県,熊本電鉄上熊本線
340d40c1-64e4-4ccd-bf1f-9fd3e4eb127e,池田,32.827082,130.70748,熊本県,熊本電鉄上熊本線
bbf97e5e-f3a7-42d7-842c-f8f730f552de,打越,32.823765,130.713796,熊本県,熊本電鉄上熊本線
fb463ec2-37ae-49ec-81ba-63e2e7db6eaa,坪井川公園,32.821427,130.718773,熊本県,熊本電鉄上熊本線
3404ac8f-14e7-48ae-ac1b-17b6e28a4948,北熊本,32.827492,130.721981,熊本県,熊本電鉄上熊本線
0b291f1b-0819-44de-8884-fb70b374d609,立野,32.87757,130.965403,熊本県,高森線
893b6a08-336f-4b05-a1ce-0032302d883a,長陽,32.854287,131.003945,熊本県,高森線
3db1eb75-cb65-4004-ab1e-3933488aa712,加勢,32.847818,131.010139,熊本県,高森線
ebd28ae5-95a8-457a-86b7-f88e240528b0,阿蘇下田城ふれあい温泉,32.844413,131.024654,熊本県,高森線
b4a07826-d67c-41e4-949e-2003eb269ea8,南阿蘇水の生まれる里白水高原,32.83407,131.040264,熊本県,高森線
887712ef-a900-4920-b68b-ccd2b6a6f1bc,中松,32.827381,131.053594,熊本県,高森線
59b51eec-5fdc-4e1f-b757-f4735dd44d92,阿蘇白川,32.822368,131.084345,熊本県,高森線
98150533-5dc4-4635-9bc6-55aab41c3dec,南阿蘇白川水源,32.822222,131.091667,熊本県,高森線
1ef20bbe-1802-44cc-b911-1dc68ac1e2d5,見晴台,32.817613,131.109621,熊本県,高森線
405e5233-729f-4079-9ebf-e2240f1ba1f9,高森,32.81954,131.122561,熊本県,高森線
9730412e-91e3-4866-b8b6-cb41a0f6bf25,人吉温泉,32.216142,130.753797,熊本県,湯前線
95a0c6d6-406f-49df-8430-f83c44f4aa21,相良藩願成寺,32.218429,130.769626,熊本県,湯前線
13da8a03-4d0a-416d-9ea3-b1d2acb6abcb,川村,32.207284,130.795307,熊本県,湯前線
426e8319-0503-45ef-b677-b2e264ae5290,肥後西村,32.202271,130.808839,熊本県,湯前線
2906c89a-4ed7-474d-81b9-efd11e7c13df,一武,32.214551,130.839915,熊本県,湯前線
bd803c56-ca89-45db-942d-215733e4c43d,木上,32.224256,130.858888,熊本県,湯前線
00795f94-d7fd-433a-bb09-9d5c16b60b56,おかどめ幸福,32.231011,130.873629,熊本県,湯前線
87765572-2881-408e-99e9-7d96af2917c0,あさぎり,32.236191,130.893783,熊本県,湯前線
b70e8c5c-5d80-4c64-9031-1f6ae46f7b7c,東免田,32.250095,130.912947,熊本県,湯前線
8a8f53ca-13c0-46f9-9405-b8bfa86dad3e,公立病院前,32.255906,130.921768,熊本県,湯前線
79665ad8-ba18-4aa9-959e-b9c7e65485af,多良木,32.262903,130.933362,熊本県,湯前線
469c5d80-6d3d-4b64-ab75-9d147e7430d6,東多良木,32.272211,130.950765,熊本県,湯前線
1ed000d5-a5e2-4915-a2a5-6d50fd3241cd,新鶴羽,32.275372,130.966275,熊本県,湯前線
116a302c-caed-4caa-96f4-932d0f1bb55c,湯前,32.281389,130.980094,熊本県,湯前線
eed25504-b6c6-4018-8f82-52b402303a0f,八代,32.503805,130.621609,熊本県,肥薩おれんじ鉄道線
b0ea4da1-dab1-4307-ba37-d63f870d75a7,肥後高田,32.475546,130.612588,熊本県,肥薩おれんじ鉄道線
2ba9f8dd-eeef-41be-9b21-afe2162ccd08,日奈久温泉,32.436163,130.581635,熊本県,肥薩おれんじ鉄道線
9a28e6c1-5d85-4a8b-8864-6c59bd50d5be,肥後二見,32.420111,130.550019,熊本県,肥薩おれんじ鉄道線
d34e7d96-c9f3-490f-8fac-50b4b36628a0,上田浦,32.392952,130.5186,熊本県,肥薩おれんじ鉄道線
a9be9947-4245-451f-9815-c8181cbd59ee,たのうら御立岬公園,32.363202,130.506705,熊本県,肥薩おれんじ鉄道線
3cf2253c-cd30-47f4-9e66-aa560c14a6e1,肥後田浦,32.350698,130.504778,熊本県,肥薩おれんじ鉄道線
7843640e-60fe-48e6-813e-d8d76b533ae7,海浦,32.327997,130.488766,熊本県,肥薩おれんじ鉄道線
3091ba81-e13c-416e-bbc2-740d17e0ddd5,佐敷,32.302447,130.497277,熊本県,肥薩おれんじ鉄道線
dd5685f7-3b58-44c1-8ce5-595bbb57b59c,湯浦,32.271231,130.504667,熊本県,肥薩おれんじ鉄道線
64a49ad3-8d3a-44d0-9948-59dcc603b1ef,津奈木,32.232417,130.450165,熊本県,肥薩おれんじ鉄道線
beb289df-b1e5-417f-b467-c36ede25d6aa,新水俣,32.210825,130.428893,熊本県,肥薩おれんじ鉄道線
416e59b9-e773-4c13-9b2f-3aab2725d9a0,水俣,32.204919,130.395763,熊本県,肥薩おれんじ鉄道線
00fa41ee-1be1-4b56-8ee7-89a5049b1d8d,袋,32.165517,130.374391,熊本県,肥薩おれんじ鉄道線
897b2791-c9c1-4c2a-a7c5-5c0e77e51cf7,米ノ津,32.122269,130.342139,鹿児島県,肥薩おれんじ鉄道線
709b4786-10f2-4bb0-8dc1-dc18473be83a,出水,32.089275,130.357803,鹿児島県,肥薩おれんじ鉄道線
48f0a3d7-8d0c-4bda-9d37-4d782b3336c6,西出水,32.075398,130.339285,鹿児島県,肥薩おれんじ鉄道線
b2595273-bf25-4b3f-9b8b-ef1a5876b643,高尾野,32.062536,130.301632,鹿児島県,肥薩おれんじ鉄道線
cb8bd7bd-0094-45e5-a199-4a95150073ff,野田郷,32.063238,130.267214,鹿児島県,肥薩おれんじ鉄道線
8d19ec4e-e217-4e1d-91be-83cb12ba3b2f,折口,32.060949,130.217485,鹿児島県,肥薩おれんじ鉄道線
5ac85c67-c1a8-4760-8d2a-39ea4591157e,阿久根,32.022969,130.196276,鹿児島県,肥薩おれんじ鉄道線
2275f416-d454-45f5-95a1-a27629465722,牛ノ浜,31.973962,130.207038,鹿児島県,肥薩おれんじ鉄道線
cd4d63f6-e2a9-402b-accf-140905afa693,薩摩大川,31.949414,130.219072,鹿児島県,肥薩おれんじ鉄道線
48223b3c-87de-421b-8668-589a3a880819,西方,31.916153,130.223658,鹿児島県,肥薩おれんじ鉄道線
b6d39dfe-85bc-4592-9407-a0272623a180,薩摩高城,31.892545,130.220649,鹿児島県,肥薩おれんじ鉄道線
f7dd96c7-37f3-44cf-90fc-a6cefd89c529,草道,31.854556,130.233533,鹿児島県,肥薩おれんじ鉄道線
fa9c9a6d-e693-407c-b312-1fa8cffbe7d1,上川内,31.83537,130.292406,鹿児島県,肥薩おれんじ鉄道線
6cc4eac9-d3fa-4002-8d0f-6751c60255cf,川内,31.813726,130.31213,鹿児島県,肥薩おれんじ鉄道線
242c25da-a158-4909-8146-636b772f4517,田崎橋,32.785398,130.68866,熊本県,熊本市電Ａ系統
ff70ddfc-1acf-4060-a4e3-575dd6accca0,二本木口,32.786986,130.689368,熊本県,熊本市電Ａ系統
72c96a48-cdf6-4921-be28-3f4163a41443,熊本駅前,32.790377,130.690398,熊本県,熊本市電Ａ系統
f9e1388f-2d55-4386-8b1a-98e9acd0e063,祇園橋,32.792794,130.694647,熊本県,熊本市電Ａ系統
882e2021-2cfd-4360-b2fe-59f56ec8aa70,呉服町,32.795753,130.696921,熊本県,熊本市電Ａ系統
a3440a92-298c-4c78-90c7-f5943affa2c8,河原町,32.794742,130.701299,熊本県,熊本市電Ａ系統
3ba3db52-9c31-4cdd-8dad-d3a296c4d90f,慶徳校前,32.797304,130.702457,熊本県,熊本市電Ａ系統
17cc1d57-f35a-4159-a5ec-5dbcc96a6dc4,辛島町,32.798891,130.705075,熊本県,熊本市電Ａ系統
735d76a7-8949-420f-9492-784865b4fecc,花畑町,32.801128,130.705483,熊本県,熊本市電Ａ系統
f867eb86-3ac8-41dc-8d22-6112913163b8,熊本城・市役所前,32.802967,130.707028,熊本県,熊本市電Ａ系統
95093bac-d437-45db-8cd5-eb402fc2eadd,通町筋,32.803364,130.709817,熊本県,熊本市電Ａ系統
9494059e-854a-4e9d-98ab-0ef14062d1e9,水道町,32.80239,130.712564,熊本県,熊本市電Ａ系統
52d4f341-1610-4380-ac48-15e4f3303086,九品寺交差点,32.799576,130.7178,熊本県,熊本市電Ａ系統
aba85d34-26f1-4992-b0bc-e2da880f9108,交通局前,32.797664,130.719945,熊本県,熊本市電Ａ系統
2de09691-ad2b-41d0-9bcd-e025a0ba3306,味噌天神前,32.795644,130.723722,熊本県,熊本市電Ａ系統
a923e187-0300-4eb5-bcb0-0657a2870712,新水前寺駅前,32.793516,130.727069,熊本県,熊本市電Ａ系統
9791b6eb-0321-4ef5-ab8d-b085980e1975,国府,32.792217,130.729172,熊本県,熊本市電Ａ系統
43b3fb63-24c9-45a1-9ab9-500fc24a2ba2,水前寺公園,32.789908,130.732455,熊本県,熊本市電Ａ系統
97191cac-42dc-49d9-bba7-62ae0365caea,市立体育館前,32.788429,130.734708,熊本県,熊本市電Ａ系統
e27a8c16-34c5-49c9-b6f2-946ac19d7a6e,商業高校前,32.785398,130.739107,熊本県,熊本市電Ａ系統
a2f65e91-53dd-445b-9903-8fd105438e41,八丁馬場,32.783739,130.741746,熊本県,熊本市電Ａ系統
4eac4ca9-5b91-4655-a305-cf395721f605,神水・市民病院前,32.783649,130.74518,熊本県,熊本市電Ａ系統
6623a34f-afa4-4e0d-8469-53b6448885d8,健軍校前,32.781917,130.750952,熊本県,熊本市電Ａ系統
1a94aee3-14f7-426e-8db3-86b9daf6245f,動植物園入口,32.78051,130.754707,熊本県,熊本市電Ａ系統
7175ce01-8b46-4371-8b25-f7668518c599,健軍交番前,32.779463,130.757668,熊本県,熊本市電Ａ系統
3fb01b64-1cea-4dec-bc87-ab86d03c6001,健軍町,32.778381,130.761209,熊本県,熊本市電Ａ系統
5a40d67d-3c22-4aa7-99e1-9b480d0afc4d,上熊本駅前,32.81716,130.699266,熊本県,熊本市電Ｂ系統
7d61bef2-c43b-4517-baa2-9aba45d74b4b,県立体育館前,32.815032,130.69896,熊本県,熊本市電Ｂ系統
a8ab57af-024a-4c05-95bc-805665e567f1,本妙寺入口,32.813626,130.698466,熊本県,熊本市電Ｂ系統
6de3b916-3043-467f-82fc-b1c7408db38b,杉塘,32.810308,130.696986,熊本県,熊本市電Ｂ系統
c41b6023-0484-4272-bf33-00c6ea4bc2dd,段山町,32.806701,130.695505,熊本県,熊本市電Ｂ系統
9d5bb320-f466-4f24-b59e-6c4a8945e59b,蔚山町,32.803959,130.696986,熊本県,熊本市電Ｂ系統
d9fc7230-1b5e-4996-ad60-ce69457dd59c,新町,32.799739,130.697222,熊本県,熊本市電Ｂ系統
7bf11d18-362f-4de7-b971-e62c8b389a74,洗馬橋,32.799234,130.698917,熊本県,熊本市電Ｂ系統
aeccf36c-6132-47cf-88f3-d1594b07e285,西辛島町,32.798801,130.702264,熊本県,熊本市電Ｂ系統
a94aecd8-934a-48b5-88d5-ace61eb5e277,辛島町,32.798891,130.705075,熊本県,熊本市電Ｂ系統
818682c8-5402-4744-b577-50add398c52b,花畑町,32.801128,130.705483,熊本県,熊本市電Ｂ系統
557a8e08-301e-4bbb-9e59-db80336391eb,熊本城・市役所前,32.802967,130.707028,熊本県,熊本市電Ｂ系統
59e9957d-a80a-4618-b807-54ae66aa7efc,通町筋,32.803364,130.709817,熊本県,熊本市電Ｂ系統
68a56612-ea57-4249-ad77-7d411a30978c,水道町,32.80239,130.712564,熊本県,熊本市電Ｂ系統
46d676bb-1a6b-4e65-9b4e-7d399472be93,九品寺交差点,32.799576,130.7178,熊本県,熊本市電Ｂ系統
fccb728c-1093-4e6a-859a-27dd0695bfe7,交通局前,32.797664,130.719945,熊本県,熊本市電Ｂ系統
5084b0ee-a867-492b-8895-831b62f6c43f,味噌天神前,32.795644,130.723722,熊本県,熊本市電Ｂ系統
c962685b-28d2-4d29-8256-7e205e5e33ff,新水前寺駅前,32.793516,130.727069,熊本県,熊本市電Ｂ系統
b54b5ef9-5a91-43b6-92f8-77949b0be652,国府,32.792217,130.729172,熊本県,熊本市電Ｂ系統
aa3cf3bd-aae0-4747-ad57-dffe6494b9f8,水前寺公園,32.789908,130.732455,熊本県,熊本市電Ｂ系統
39f9f5f1-d5b2-4e18-856e-6dcb025974d5,市立体育館前,32.788429,130.734708,熊本県,熊本市電Ｂ系統
5b67351d-876b-4cc4-a933-44c72b4a83f8,商業高校前,32.785398,130.739107,熊本県,熊本市電Ｂ系統
8ae30ce1-db20-43de-b3c8-fa1de71b39a7,八丁馬場,32.783739,130.741746,熊本県,熊本市電Ｂ系統
8f37702a-cb23-4045-b6a5-eb7c7cbd8b8f,神水・市民病院前,32.783649,130.74518,熊本県,熊本市電Ｂ系統
4e4ac840-a26c-46e6-b468-f24d232b6270,健軍校前,32.781917,130.750952,熊本県,熊本市電Ｂ系統
447cecab-7d9e-498d-8abd-d3afc747a295,動植物園入口,32.78051,130.754707,熊本県,熊本市電Ｂ系統
d5336df0-05e7-41cb-bb85-8ea22d5867ff,健軍交番前,32.779463,130.757668,熊本県,熊本市電Ｂ系統
2ddd44a5-e964-4b65-9522-38f2a7fd0ed0,健軍町,32.778381,130.761209,熊本県,熊本市電Ｂ系統
5bb86662-a25d-4d31-86d4-c126f2afd2c6,鹿児島駅前,31.601264,130.562414,鹿児島県,鹿児島市電１系統
fae4b33c-b16a-40ec-b59c-9639ed23dc9a,桜島桟橋通,31.599976,130.560976,鹿児島県,鹿児島市電１系統
7585f31b-cae9-4019-b875-e274ccc37aa7,水族館口,31.59898,130.559539,鹿児島県,鹿児島市電１系統
87a4d885-1e35-4e12-8ab1-d3d59472565c,市役所前,31.597179,130.558015,鹿児島県,鹿児島市電１系統
61036222-8678-45f9-bf66-afa43d6338a1,朝日通,31.594374,130.557286,鹿児島県,鹿児島市電１系統
c23ef8e7-ede0-4bcc-8844-3491e8015f14,いづろ通,31.591824,130.557672,鹿児島県,鹿児島市電１系統
c3c50cb2-5a7e-4148-a219-574d8d217ebb,天文館通,31.590691,130.555075,鹿児島県,鹿児島市電１系統
26f6e916-df83-4610-b791-671684fbac77,高見馬場,31.588726,130.550977,鹿児島県,鹿児島市電１系統
f5a94bb8-ea16-477a-8d50-10732dc965f7,市立病院前,31.585738,130.553058,鹿児島県,鹿児島市電１系統
d1b53692-5ab8-40d7-be4e-5dcef8df4fad,新屋敷,31.583855,130.553724,鹿児島県,鹿児島市電１系統
a5802afc-6930-4b70-ae83-0ace2ea01061,武之橋,31.57976,130.554088,鹿児島県,鹿児島市電１系統
30347d23-6c3b-4b04-9a8d-7446d571de60,交通局前,31.57711,130.553702,鹿児島県,鹿児島市電１系統
f7e6323b-ff5b-44a6-b24f-7fee6b3e04b9,荒田八幡,31.573618,130.553015,鹿児島県,鹿児島市電１系統
783505e8-fe2c-4dc6-a4dc-bbc7f666e685,騎射場,31.569102,130.5519,鹿児島県,鹿児島市電１系統
8ddafe04-923a-4c38-b56e-418c90ff58df,鴨池,31.564129,130.549968,鹿児島県,鹿児島市電１系統
1f6d32bc-cfaf-4984-876d-db936c732a52,郡元,31.562466,130.549024,鹿児島県,鹿児島市電１系統
8a8604d5-92ee-46de-a79e-78aa59625a9d,涙橋,31.559266,130.546707,鹿児島県,鹿児島市電１系統
cd4f3709-16cb-4053-9b76-bed940a826c4,南鹿児島駅前,31.555371,130.544196,鹿児島県,鹿児島市電１系統
4abcecb9-6a8b-48ef-a89f-d60ee27f9610,二軒茶屋,31.55005,130.541192,鹿児島県,鹿児島市電１系統
a2756d91-acdf-49db-9c47-7033d246deb9,宇宿一丁目,31.546439,130.539068,鹿児島県,鹿児島市電１系統
7defd03f-b2e4-40d8-9157-f07bfb0d2580,脇田,31.54418,130.53763,鹿児島県,鹿児島市電１系統
cdcadedb-6069-45c6-b85c-eb6f88dd9b8d,笹貫,31.539636,130.534047,鹿児島県,鹿児島市電１系統
590320da-e5b3-4020-a5b3-7fb304154eb9,上塩屋,31.534762,130.528811,鹿児島県,鹿児島市電１系統
5bcc7bd0-4070-481f-b90e-9d8f94c2013c,谷山,31.530108,130.523404,鹿児島県,鹿児島市電１系統
e58c2be0-c755-41ac-9a81-2ab210041032,鹿児島駅前,31.601264,130.562414,鹿児島県,鹿児島市電２系統
c5a4ea5a-d77d-4bd9-ba1d-65a4456d2e22,桜島桟橋通,31.599976,130.560976,鹿児島県,鹿児島市電２系統
f48c52d7-a274-409d-b60b-6ea60104c6bf,水族館口,31.59898,130.559539,鹿児島県,鹿児島市電２系統
990765cf-c664-4d5f-931e-4dd357ad8fdb,市役所前,31.597179,130.558015,鹿児島県,鹿児島市電２系統
54ffa606-002b-4829-88f7-7a30c7704f30,朝日通,31.594374,130.557286,鹿児島県,鹿児島市電２系統
3ba43522-820d-4db2-8af8-6f64d1df639b,いづろ通,31.591824,130.557672,鹿児島県,鹿児島市電２系統
b5ba0e25-b1b4-4fb4-a5ba-d3f44fd2c4bb,天文館通,31.590691,130.555075,鹿児島県,鹿児島市電２系統
db0a028a-6eaa-4e15-a9ce-a82401be7b24,高見馬場,31.588726,130.550977,鹿児島県,鹿児島市電２系統
5a9e9a23-e220-46fb-ab08-e03c490cdda5,加治屋町,31.58731,130.548037,鹿児島県,鹿児島市電２系統
103c60bb-4f8c-4e97-af06-abcd7615e871,高見橋,31.58593,130.545162,鹿児島県,鹿児島市電２系統
eb729b0e-96d8-475c-9a73-7cdc705e3a5a,鹿児島中央駅前,31.58412,130.543703,鹿児島県,鹿児島市電２系統
b81eb4ea-17c0-47f4-bf3b-7d92c335e0f4,都通,31.580601,130.543038,鹿児島県,鹿児島市電２系統
b4a88a45-355e-44c4-999e-a6fa77d3a7e7,中洲通,31.578581,130.542587,鹿児島県,鹿児島市電２系統
a23cae01-5901-40fd-9529-6e29dce8f9cd,たばこ産業前,31.575812,130.541836,鹿児島県,鹿児島市電２系統
a0e9a182-f4d9-4d9b-89fd-bc9e28c73515,神田,31.572932,130.540613,鹿児島県,鹿児島市電２系統
937b87aa-9598-437f-8c47-1e43cba298e9,唐湊,31.570556,130.541085,鹿児島県,鹿児島市電２系統
643ef5a2-5280-4f82-b9c5-a40add0d73c5,工学部前,31.568408,130.541857,鹿児島県,鹿児島市電２系統
ca8766af-f40e-400b-9077-72c730cdf386,純心学園前,31.566872,130.542694,鹿児島県,鹿児島市電２系統
9638ff4e-e5c6-4f31-8e49-5bc3541cc697,中郡,31.56498,130.545312,鹿児島県,鹿児島市電２系統
e21073d1-81d8-47b2-9472-8ef05cdf1c1e,郡元,31.562466,130.549024,鹿児島県,鹿児島市電２系統
bb6e8826-2b51-4e2b-86fd-b3b96f2f7a6e,那覇空港,26.206515,127.652214,沖縄県,ゆいレール
41ab654c-16c7-48c1-97fb-26b0588eed6d,赤嶺,26.193289,127.660348,沖縄県,ゆいレール
84c08c2d-a992-465a-85f0-7679b33df555,小禄,26.196455,127.666853,沖縄県,ゆいレール
97f6183a-8b3a-46f5-9ca1-51d93983fde5,奥武山公園,26.200714,127.675252,沖縄県,ゆいレール
182bcf30-a08a-49e9-a4b7-6392da9a73ea,壺川,26.205927,127.678344,沖縄県,ゆいレール
4dd647e3-bd79-46a3-985d-2ce85d859a2f,旭橋,26.21191,127.675515,沖縄県,ゆいレール
cc6ac753-dbb3-4ad5-be82-9b3e0e969221,県庁前,26.214446,127.679343,沖縄県,ゆいレール
1530e61b-b172-4143-b322-3fee5583c912,美栄橋,26.219245,127.684328,沖縄県,ゆいレール
5a01eeb9-7526-4eb6-9e53-a60a0b75b59b,牧志,26.217248,127.69255,沖縄県,ゆいレール
2b4c91a1-e578-48d7-b7ac-dd8cec0b92f2,安里,26.216737,127.695736,沖縄県,ゆいレール
c9009f12-74cf-493b-8e61-048b444fb6d0,おもろまち,26.222701,127.698391,沖縄県,ゆいレール
b8784ce5-4d13-4868-8b51-e6f286f37b0e,古島,26.230919,127.703079,沖縄県,ゆいレール
dc027ab1-e08f-439d-b56f-1911fc51b269,市立病院前,26.227548,127.710003,沖縄県,ゆいレール
b63f1286-8bdf-402f-a285-3f6df0bd9f3a,儀保,26.224663,127.719039,沖縄県,ゆいレール
bb01dbfb-8d89-4e1c-8dc1-881a6dc5ed7d,首里,26.219191,127.725492,沖縄県,ゆいレール
28aae9e1-da9a-4d38-93af-93470b3998b0,九州鉄道記念館,33.944392,130.962439,福岡県,門司港レトロ観光線
6f7afa6c-aa6c-4fb6-aa4b-a8f9004b89c7,出光美術館,33.947792,130.965292,福岡県,門司港レトロ観光線
3666360c-e6c7-46d5-a24f-850982e0ae3b,ノーフォーク広場,33.955973,130.964254,福岡県,門司港レトロ観光線
e7efb288-d1b3-4b01-a4ce-a820b220d190,関門海峡めかり,33.960627,130.967347,福岡県,門司港レトロ観光線
